post_date,content,fanpage_name,reaction,share,comment,fanpage_url,post_url,post_id,image_urls,video_url,video_view
2026-06-26,"Từ 0 đến 4: Khi chủ động bảo vệ trở nên đơn giản hơn bao giờ hết  Chuẩn bị một ""lá chắn tài chính"" trước các bệnh lý nghiêm trọng chưa bao giờ dễ dàng đến thế. Với Life Care 2.0, hành trình tham gia được gói gọn trong những con số:  0️⃣ – Không cần khám sức khỏe  1️⃣ – Một hợp đồng duy nhất  2️⃣ – Hai mức bảo vệ: Cơ bản và Nâng cao  3️⃣ – Ba bước tham gia đơn giản  4️⃣ – Bốn bệnh lý nghiêm trọng phổ biến  Tổng của những con số là 🔟 - 10 phút để sở hữu Life Care 2.0, giải pháp bảo vệ tối ưu trước các bệnh lý nghiêm trọng, luôn vững tâm trước những điều không thể dự đoán.   Chi tiết sản phẩm xem tại: https://bit.ly/lifecare20  #BaoVietNhantho #lifecare2_0",Bảo Việt Nhân Thọ,41,8,0,https://www.facebook.com/www.BaoVietNhanTho.com.vn,https://www.facebook.com/www.BaoVietNhanTho.com.vn/posts/pfbid05p4NCdPPdDdzWB7EhHoZKjB2nMzGN8Cfc42877cdig7cUAbGJmeWcJCoPrNRdA1Hl,1073733614976912,https://scontent.fsgn5-22.fna.fbcdn.net/v/t39.99422-6/731380105_1683035312931686_8659644153383925922_n.png?stp=dst-jpg_tt6&cstp=mx2048x2048&ctp=s1080x2048&_nc_cat=107&_nc_map=urlgen_bucketless&ccb=1-7&_nc_sid=127cfc&_nc_ohc=K73xA102qUIQ7kNvwEKCoUV&_nc_oc=Adoc-YWe3_TekN-J_K1hiExpjft0F4NALWcRFrt_Mh0KSjzC4tJ22RQXiS-lXkxh0p8MS5S7SY3egnVAgFe3DXpR&_nc_zt=14&_nc_ht=scontent.fsgn5-22.fna&_nc_gid=3fV6IvhWBx2BU8NhmnvEEg&_nc_ss=7b2a8&oh=00_Af8FJ_yhJsQYDALOQhoh9jVxnmg8GaUYYgui9DTvxuNoLw&oe=6A43EEAF,,
2026-06-25,"An tâm điều trị ung thư ngay từ giai đoạn đầu  🍀 Phát hiện sớm luôn mang đến nhiều cơ hội điều trị hơn. Và sẽ càng vững tâm hơn khi đã có một kế hoạch tài chính được chuẩn bị từ trước.  Với Life Care 2.0, khách hàng có thể nhận 100% Số tiền bảo hiểm ngay khi không may mắc ung thư giai đoạn đầu.  Chi tiết sản phẩm xem tại: https://bit.ly/lifecare20  #BaoVietNhantho #lifecare2_0",Bảo Việt Nhân Thọ,78,16,2,https://www.facebook.com/www.BaoVietNhanTho.com.vn,https://www.facebook.com/www.BaoVietNhanTho.com.vn/posts/pfbid0diWpSdcfv9mXbPTkkXXFU7afAbNKj9gfdVANQMd2YJZDNK9newMtiomTAo3unnSfl,1073221798361427,https://scontent.fsgn5-7.fna.fbcdn.net/v/t39.99422-6/728255299_1533652588554519_6506656206301386313_n.png?stp=dst-jpg_tt6&cstp=mx2048x1536&ctp=s2048x1536&_nc_cat=104&_nc_map=urlgen_bucketless&ccb=1-7&_nc_sid=127cfc&_nc_ohc=UZud-JMdxaoQ7kNvwHtAyS0&_nc_oc=AdoPwmHdM5EIjKW-hm8fT7AVmy9HzNnHCSSMHWRgLGUGlmsHb8LlwvkXEowlM4lYymC8Kr8_JCnR76eGvnnFFcRU&_nc_zt=14&_nc_ht=scontent.fsgn5-7.fna&_nc_gid=G4v4jk82R-TBBqTNAuU4pA&_nc_ss=7b2a8&oh=00_Af9uo3GaI4iWslc4PWkUD5yhm7JRlnNXnY-FMwr7wBDaDQ&oe=6A43D615,,
2026-06-25,"Life Care 2.0 - 10 phút để kích hoạt lá chắn tài chính trước bệnh lý nghiêm trọng  🍀 Bảo Việt Nhân thọ chính thức mở bán Life Care 2.0 – giải pháp bảo vệ trước 4 bệnh lý nghiêm trọng phổ biến gồm Ung thư (ngay từ giai đoạn đầu), Đột quỵ, Nhồi máu cơ tim và Cơn đau thắt ngực không ổn định.  Life Care 2.0 được thiết kế với nhiều ưu điểm nổi bật: ✔ Quyền lợi bảo hiểm tới 1,3 tỷ đồng.  ✔ Không cần mua kèm bảo hiểm nhân thọ vẫn có thể tham gia  ✔ Thời hạn bảo vệ dài 5 năm và 10 năm với mức phí cố định chỉ từ 1.000 đồng/ngày  ✔ Tham gia đơn giản, nhanh gọn chỉ trong 10 phút  Life Care 2.0 giúp cho khách hàng chủ động chuẩn bị tài chính trước những biến cố sức khỏe không mong muốn, an tâm thực hiện những dự định trong tương lai.  Chi tiết sản phẩm xem tại: https://bit.ly/lifecare20  #BaoVietNhantho #lifecare2_0",Bảo Việt Nhân Thọ,114,30,0,https://www.facebook.com/www.BaoVietNhanTho.com.vn,https://www.facebook.com/www.BaoVietNhanTho.com.vn/posts/pfbid02XWfcdcs7WWfDZjuviv3wNtJK6LKwajPuJr8W1XbRDyqGgjxmLXQ2eY72n3GwtoQnl,1072866635063610,https://scontent.fsgn5-11.fna.fbcdn.net/v/t39.99422-6/729622600_995025249969683_29201442000743938_n.png?stp=dst-jpg_tt6&cstp=mx1482x1482&ctp=s1080x2048&_nc_cat=111&_nc_map=urlgen_bucketless&ccb=1-7&_nc_sid=127cfc&_nc_ohc=d-9mywQTHhQQ7kNvwGeXwE0&_nc_oc=AdozFTq9ILHQVzPZOdfghgJu286273CUWaZZpoyykoZkpemQLQ9cX1PRtllclaRZVJux3Pia9ciwXCsaHUnl_517&_nc_zt=14&_nc_ht=scontent.fsgn5-11.fna&_nc_gid=G4v4jk82R-TBBqTNAuU4pA&_nc_ss=7b2a8&oh=00_Af_116u8zaLqVZxD0llBjV5-VxYxBqmkQ64mO-ML9c76Iw&oe=6A43D193,,
2026-06-24,"⏱️ 10 phút có thể thay đổi điều gì? 10 phút cho một cuộc gọi quan trọng. 10 phút để hoàn thành một giao dịch. 10 phút để đưa ra một quyết định cho tương lai. Có những điều chỉ diễn ra trong vài phút, nhưng giá trị có thể kéo dài nhiều năm sau đó.  ❤️ Và đôi khi, chỉ với một khoảng thời gian ngắn, một kế hoạch bảo vệ cũng có thể được kích hoạt để đồng hành cùng bạn trước những điều không thể dự đoán trong cuộc sống. 📅 Chờ đón vào ngày mai - Một giải pháp mới sẽ chính thức được bật mí.  #BaoVietNhantho #lifecare2_0",Bảo Việt Nhân Thọ,108,21,4,https://www.facebook.com/www.BaoVietNhanTho.com.vn,https://www.facebook.com/www.BaoVietNhanTho.com.vn/posts/pfbid02A92GR8sKayNqMxf8APBdMB6KZdyWcbReNLsbhmuCxkb47cygpYZdPs8JqZfL1qJFl,1072229125127361,https://scontent.fsgn5-5.fna.fbcdn.net/v/t39.99422-6/727497554_1710727413600795_3105038972452357125_n.png?stp=dst-jpg_tt6&cstp=mx2000x2000&ctp=s1080x2048&_nc_cat=101&_nc_map=urlgen_bucketless&ccb=1-7&_nc_sid=127cfc&_nc_ohc=GLJQUUuGxKEQ7kNvwGWovkZ&_nc_oc=AdrepkHDHC656GkSS4pyREC-EIjV3nsdgKSCBVzmOFtGzoRKa7XV1PdzSNkV7Q_J9MKjWF0sPD72in4OK3pGYOZT&_nc_zt=14&_nc_ht=scontent.fsgn5-5.fna&_nc_gid=G4v4jk82R-TBBqTNAuU4pA&_nc_ss=7b2a8&oh=00_Af-qvG80I3i7xR3BytwSuewgeBr-w4Njp9Mx_AjyKGZNtw&oe=6A43E798,,
2026-06-24,"🌱 XUÂN KHỞI – KHỞI ĐẦU CHO HÀNH TRÌNH AN THỊNH Mỗi hành trình dài đều bắt đầu từ một nền tảng vững chắc. Cũng như mùa xuân là thời điểm gieo những hạt mầm đầu tiên cho một năm trọn vẹn, việc chuẩn bị kế hoạch bảo vệ và tài chính từ sớm là bước khởi đầu để vun đắp tương lai đủ đầy cho bản thân và gia đình.  An Thịnh Phúc Niên được thiết kế với sự linh hoạt ngay từ giai đoạn khởi đầu:  🌿 Linh hoạt lựa chọn thời hạn bảo hiểm: 20 năm, 25 năm, 30 năm hoặc đến 90 tuổi. 🌿 Linh hoạt đóng phí bảo hiểm sau 4 năm hợp đồng đầu tiên. 🌿 Tùy chọn tham gia thêm các sản phẩm bán kèm đa dạng để gia tăng bảo vệ theo nhu cầu.  Một khởi đầu được chuẩn bị chu đáo hôm nay chính là nền tảng cho những giá trị được vun đắp bền vững trong tương lai.  An Thịnh Phúc Niên – Vun đắp đường dài, viên mãn mai sau. Chi tiết sản phẩm xem tại: https://bit.ly/AnThinhPhucNien_fb  #BaoVietNhantho #AnThinhPhucNien #TronVanDamAn",Bảo Việt Nhân Thọ,93,37,0,https://www.facebook.com/www.BaoVietNhanTho.com.vn,https://www.facebook.com/reel/1017180014020017/,1072138538469753,https://scontent.fsgn5-10.fna.fbcdn.net/v/t15.5256-10/730083166_4452694541716888_5169342122347547488_n.jpg?stp=dst-jpg_tt6&cstp=mx1920x1080&ctp=p960x960&_nc_cat=108&_nc_map=urlgen_bucketless&ccb=1-7&_nc_sid=5fad0e&_nc_ohc=5GK9nK0VfVgQ7kNvwGcikFL&_nc_oc=AdrCT_FUUPTFbNdRBlaq6arxpuMMrpsoBieMNfSqTMBSKqSBivJHYmoZfHn8ST99_93q3yMfqkOOsN9SXuJShA1j&_nc_zt=23&_nc_ht=scontent.fsgn5-10.fna&_nc_gid=BYvDAFrxVYulItC4svpfgg&_nc_ss=7b2a8&oh=00_Af9bQY6g_2LCHMKmjnLjKHQT4H_ej5iSLv_fDgnxGGrKbA&oe=6A43C8B3 | https://scontent.fsgn5-13.fna.fbcdn.net/o1/v/t2/f2/m412/AQPHpbn1kUnUf9HUSVafg4iFWOfj8XIWSsZw7rT7PdltlJiKQ9kU4hzT4V73nk3LHyRHS0sW3nvPoJVmGsuuTPYrOMRMKx9O8fL183ntFA.mp4?_nc_cat=104&_nc_oc=AdpJQA1FE6VF6Ino9W8LE3xO4K_ydkfKGL5nfOYdC5S-o09l__xQmXXh0E0oWDQeydxXxgrsybxtmy1mpq_TBLMd&_nc_sid=8bf8fe&_nc_ht=scontent.fsgn5-13.fna.fbcdn.net&_nc_ohc=0f0w4K1-KkwQ7kNvwG6t4m5&efg=eyJ2ZW5jb2RlX3RhZyI6Inhwdl9wcm9ncmVzc2l2ZS5GQUNFQk9PSy4uQzMuNjQwLnN2ZV9zZCIsInhwdl9hc3NldF9pZCI6MTY2NjM4NjI2Nzk1OTQxOSwiYXNzZXRfYWdlX2RheXMiOjIsInZpX3VzZWNhc2VfaWQiOjEwMTIyLCJkdXJhdGlvbl9zIjo1NiwidXJsZ2VuX3NvdXJjZSI6Ind3dyJ9&ccb=17-1&_nc_gid=BYvDAFrxVYulItC4svpfgg&_nc_ss=7b2a8&_nc_map=urlgen_bucketless&_nc_zt=28&oh=00_Af_g1EhCJfDIEnOibf_kEwGBddCTI0TU_k4D-I-YQg_axw&oe=6A43E81E&bitrate=300682&tag=sve_sd | https://scontent.fsgn5-11.fna.fbcdn.net/o1/v/t2/f2/m366/AQMVzvylO1V5AdmC8m4PH7MJcjsPBNDuEIUSIMsnULFamRvIDBLfjp5HA0HgVOM4WLfBd6KAfLxb6_fOcEAk-wdB9l6CASPJzIOAXK6suAQQJA.mp4?_nc_cat=101&_nc_oc=AdqrxC_BTElJWuX0KWlUuQCasMRgLF76qrwu_AgTZS6KOkiEzG7uwS1csb0Cu9m8W6c6y01sICCawyP6iJHLMnsc&_nc_sid=5e9851&_nc_ht=scontent.fsgn5-11.fna.fbcdn.net&_nc_ohc=JU9GOdhUnrgQ7kNvwEtcGfH&efg=eyJ2ZW5jb2RlX3RhZyI6Inhwdl9wcm9ncmVzc2l2ZS5GQUNFQk9PSy4uQzMuMTI4MC5kYXNoX2gyNjQtYmFzaWMtZ2VuMl83MjBwIiwieHB2X2Fzc2V0X2lkIjoxNjY2Mzg2MjY3OTU5NDE5LCJhc3NldF9hZ2VfZGF5cyI6MiwidmlfdXNlY2FzZV9pZCI6MTAxMjIsImR1cmF0aW9uX3MiOjU2LCJ1cmxnZW5fc291cmNlIjoid3d3In0%3D&ccb=17-1&vs=e517f01228845c2c&_nc_vs=HBksFQIYRWZiX2VwaGVtZXJhbC9GMzQ5RUJCMzJBQkZCQTY1NEY2QjAyNzJFRTc0MkRBRV9tdF8xX3ZpZGVvX2Rhc2hpbml0Lm1wNBUAAsgBEgAVAhhAZmJfcGVybWFuZW50LzBENDc2MEExMDc5MjRENUVBMjIzQUI1MThCMDk1ODgwX2F1ZGlvX2Rhc2hpbml0Lm1wNBUCAsgBEgAoABgAGwKIB3VzZV9vaWwBMRJwcm9ncmVzc2l2ZV9yZWNpcGUBMRUAACb2wfuYueT1BRUCKAJDMywXQEwAAAAAAAAYGWRhc2hfaDI2NC1iYXNpYy1nZW4yXzcyMHARAHUCZZSeAQA&_nc_gid=BYvDAFrxVYulItC4svpfgg&_nc_ss=7b2a8&_nc_map=urlgen_bucketless&_nc_zt=28&oh=00_Af9oBJXcOcFYtBNHY8YursHdcgms-sA8bHfksGZLVhMuEw&oe=6A43D8C7&bitrate=1136560&tag=dash_h264-basic-gen2_720p | https://scontent.fsgn5-8.fna.fbcdn.net/v/t15.5256-10/728828069_1354223196660428_1598166227044941367_n.jpg?stp=dst-jpg_tt6&cstp=mx2048x1152&ctp=s960x960&_nc_cat=109&_nc_map=urlgen_bucketless&ccb=1-7&_nc_sid=be8305&_nc_ohc=FQq4HjcBgMYQ7kNvwF_Emm1&_nc_oc=Adpy0pNtXhXl5IHrri7wd3hxqSOUV9MRr1_leNkQEiHxa5MWXCWv1d23zcCHVsCQ_Wfog_WHSyoTdj2M8YPbFL2K&_nc_zt=23&_nc_ht=scontent.fsgn5-8.fna&_nc_gid=BYvDAFrxVYulItC4svpfgg&_nc_ss=7b2a8&oh=00_Af_N2KEAsSONogoKR2V0yMELtHCOHQGdRlMK7p-p5Xwg9g&oe=6A43C7BC | https://scontent.fsgn5-8.fna.fbcdn.net/v/t15.5256-10/730628420_3437832989728758_8758201128826235268_n.jpg?stp=dst-jpg_tt6&cstp=mx1420x800&ctp=s1420x800&_nc_cat=108&_nc_map=urlgen_bucketless&ccb=1-7&_nc_sid=06012f&_nc_ohc=V7gT16i6gywQ7kNvwF8hkHE&_nc_oc=Adqjs54j5R46XNuGMr7_kQ6lhCWEgN0QwI2Ik-fB-GkpWhN65mY1fZYfY0EVMo8DfuSSbAvg3wsOgwM-lfAtpJTu&_nc_zt=23&_nc_ht=scontent.fsgn5-8.fna&_nc_gid=BYvDAFrxVYulItC4svpfgg&_nc_ss=7b2a8&oh=00_Af_T7ut94aZNUkn4Ta90S4eW4X5ffvP8kqbXysnheY1o-g&oe=6A43CCF5,https://www.facebook.com/reel/1017180014020017/,73000
2026-06-23,"MINIGAME 30 NĂM BẢO VIỆT NHÂN THỌ 🎉 💙 Cùng Bảo Việt Nhân thọ khám phá thông điệp đặc biệt và thử vận may với minigame Bắt trọn khoảnh khắc, rinh về những phần quà ý nghĩa!  🎬 Cách tham gia: Bạn hãy xem và dừng video đúng khoảnh khắc thông điệp xuất hiện trên màn hình. 👉 Bước 1: Like bài viết. 👉 Bước 2: Bình luận vào bài viết theo cú pháp: [Thông điệp xuất hiện trên màn hình] + tag 2 người bạn + [Số may mắn từ 0 - 999] 🎁 05 phần quà may mắn sẽ được trao cho những người tham gia hợp lệ theo thứ tự ưu tiên: ✅ Trả lời đúng thông điệp ✅ Có số may mắn trùng hoặc gần nhất với kết quả quay số ✅ Bình luận sớm hơn  ⏰ Thời gian tham gia: Từ 22/6 đến hết ngày 25/6/2026. 💙 Khám phá thông điệp 30 năm cùng Bảo Việt Nhân thọ và nhận cơ hội rinh quà ngay hôm nay!  #BaoVietNhantho",Bảo Việt Nhân Thọ,523,114,292,https://www.facebook.com/www.BaoVietNhanTho.com.vn,https://www.facebook.com/reel/1025908676626703/,1071572748526332,https://scontent.fsgn5-9.fna.fbcdn.net/v/t15.5256-10/729838230_2099896354234867_2811914851621670013_n.jpg?stp=dst-jpg_tt6&cstp=mx1080x1080&ctp=s960x960&_nc_cat=105&_nc_map=urlgen_bucketless&ccb=1-7&_nc_sid=5fad0e&_nc_ohc=ucOcYJjiIFUQ7kNvwHiHmLr&_nc_oc=AdrmUpRjpYjhz-6pC7TpEVO03Ho3-vuMOa9tE2JftxeGAc9VZCb8v3Ilpb5dN6Fe_n8V5tHvWi1vNwPhQRA8LSQV&_nc_zt=23&_nc_ht=scontent.fsgn5-9.fna&_nc_gid=BYvDAFrxVYulItC4svpfgg&_nc_ss=7b2a8&oh=00_Af_4YBzVh0Jwwl8mF-dYqyM5f-_Tk81DnQHdJpxg_5bEqg&oe=6A43C5DF | https://scontent.fsgn5-8.fna.fbcdn.net/o1/v/t2/f2/m412/AQPDb9Y2KPzNxA9XMs_FRmzlYnIDPZQdTFQ_64bLDazpehgqZQX0nJ5AWri4BGlARqWbyVVwGQoIZCmJU9f0HvwggGDAlghdmMdtwfA2mA.mp4?_nc_cat=110&_nc_oc=AdoYwrMq_0244mOGOA5b9MAZbnmWS3m2jCpunW25OAuiaw7p-Jzz6SPqHb9FQZARRYvjll1qTDDC0ov_LoJ1GiJJ&_nc_sid=8bf8fe&_nc_ht=scontent.fsgn5-8.fna.fbcdn.net&_nc_ohc=P3QXmbDvrywQ7kNvwGKyRuh&efg=eyJ2ZW5jb2RlX3RhZyI6Inhwdl9wcm9ncmVzc2l2ZS5GQUNFQk9PSy4uQzMuMzYwLnN2ZV9zZCIsInhwdl9hc3NldF9pZCI6MTAwODkwNTkzMjEyODUwNCwiYXNzZXRfYWdlX2RheXMiOjIsInZpX3VzZWNhc2VfaWQiOjEwMTIyLCJkdXJhdGlvbl9zIjo2LCJ1cmxnZW5fc291cmNlIjoid3d3In0%3D&ccb=17-1&_nc_gid=BYvDAFrxVYulItC4svpfgg&_nc_ss=7b2a8&_nc_map=urlgen_bucketless&_nc_zt=28&oh=00_Af9Ubt_jLlTCxUboyhg1-xD2Zjhg3CgrP8JSerDnlZYSFw&oe=6A43EA34&bitrate=344171&tag=sve_sd | https://scontent.fsgn5-3.fna.fbcdn.net/o1/v/t2/f2/m366/AQPwQSzsziDdLi2j61hT5BkZsjbhQWPyMpNLAyIAYkmtQyfNC0Z5cVS0C2Kz493JPTDQMbgLaafHC8c3zzRyXeXCKIIQhB7djkct4yqxa_WFlg.mp4?_nc_cat=104&_nc_oc=AdrPD4cafD7XyajsRfVDMvFRv4kg6Sej7apDCiVodxVdPxO92VMslb9reG8zLVP-nIZ_HGLsH3sUGT-0G1b08iW1&_nc_sid=5e9851&_nc_ht=scontent.fsgn5-3.fna.fbcdn.net&_nc_ohc=cPgVXHR0vkgQ7kNvwGMo5Fv&efg=eyJ2ZW5jb2RlX3RhZyI6Inhwdl9wcm9ncmVzc2l2ZS5GQUNFQk9PSy4uQzMuNzIwLmRhc2hfaDI2NC1iYXNpYy1nZW4yXzcyMHAiLCJ4cHZfYXNzZXRfaWQiOjEwMDg5MDU5MzIxMjg1MDQsImFzc2V0X2FnZV9kYXlzIjoyLCJ2aV91c2VjYXNlX2lkIjoxMDEyMiwiZHVyYXRpb25fcyI6NiwidXJsZ2VuX3NvdXJjZSI6Ind3dyJ9&ccb=17-1&vs=3fef5ba34dd6b90b&_nc_vs=HBksFQIYRWZiX2VwaGVtZXJhbC9BNDQ3MzlBRkMyMEQ3MTA5NzAyMkE4NDQxQTg4NkI5Ml9tdF8xX3ZpZGVvX2Rhc2hpbml0Lm1wNBUAAsgBEgAVAhhAZmJfcGVybWFuZW50L0I3NDU1MjAwN0M5QkQ0QUNBRkMyMDFEQzM0QzlFOUI0X2F1ZGlvX2Rhc2hpbml0Lm1wNBUCAsgBEgAoABgAGwKIB3VzZV9vaWwBMRJwcm9ncmVzc2l2ZV9yZWNpcGUBMRUAACbwg5L7hubKAxUCKAJDMywXQBjul41P3zsYGWRhc2hfaDI2NC1iYXNpYy1nZW4yXzcyMHARAHUCZZSeAQA&_nc_gid=BYvDAFrxVYulItC4svpfgg&_nc_ss=7b2a8&_nc_map=urlgen_bucketless&_nc_zt=28&oh=00_Af-vxhS883-_4CiLREfBeiY36rE7rWhVNf502IrXAznFAg&oe=6A43BD84&bitrate=1269125&tag=dash_h264-basic-gen2_720p | https://scontent.fsgn5-9.fna.fbcdn.net/v/t15.5256-10/729838230_2099896354234867_2811914851621670013_n.jpg?stp=dst-jpg_tt6&cstp=mx1080x1080&ctp=s960x960&_nc_cat=105&_nc_map=urlgen_bucketless&ccb=1-7&_nc_sid=50ce42&_nc_ohc=ucOcYJjiIFUQ7kNvwHiHmLr&_nc_oc=AdrmUpRjpYjhz-6pC7TpEVO03Ho3-vuMOa9tE2JftxeGAc9VZCb8v3Ilpb5dN6Fe_n8V5tHvWi1vNwPhQRA8LSQV&_nc_zt=23&_nc_ht=scontent.fsgn5-9.fna&_nc_gid=BYvDAFrxVYulItC4svpfgg&_nc_ss=7b2a8&oh=00_Af_4YBzVh0Jwwl8mF-dYqyM5f-_Tk81DnQHdJpxg_5bEqg&oe=6A43C5DF | https://scontent.fsgn5-6.fna.fbcdn.net/v/t15.5256-10/728809502_2214439765986532_3655062850593076469_n.jpg?stp=dst-jpg_tt6&cstp=mx1000x1000&ctp=s1000x1000&_nc_cat=105&_nc_map=urlgen_bucketless&ccb=1-7&_nc_sid=06012f&_nc_ohc=MsiWRmW7oBwQ7kNvwHy0YFO&_nc_oc=AdqZ4ZRdkbhmesYtxmOaY6mvVjAbAA4L_4O63TucNmgF00n5Y7GnVrcnIpnQBUAG3HyxwrujY-9YqUv5RW8kcR9n&_nc_zt=23&_nc_ht=scontent.fsgn5-6.fna&_nc_gid=BYvDAFrxVYulItC4svpfgg&_nc_ss=7b2a8&oh=00_Af-vW6Ewj-tWhp7aaoAImVNUbVkw4fLsqu_2j5l67iYJ0Q&oe=6A43C000,https://www.facebook.com/reel/1025908676626703/,26000
2026-06-23,"🎉 CÔNG BỐ KẾT QUẢ MINIGAME: THỬ TÀI TINH Ý – RINH QUÀ NHƯ Ý 🎉 Xin chúc mừng các khách hàng may mắn đã trúng thưởng trong minigame ""Thử Tài Tinh Ý – Rinh Quà Như Ý"". ❤️ Cảm ơn Quý khách đã nhiệt tình tham gia chương trình và đồng hành cùng Bảo Việt Nhân thọ. 📩 Các khách hàng trúng thưởng vui lòng kiểm tra tin nhắn từ Fanpage để xác nhận thông tin nhận quà. Hẹn gặp lại Quý khách trong những minigame hấp dẫn tiếp theo!  #BaoVietNhantho #TronVanDamAn #AnThinhPhucNien",Bảo Việt Nhân Thọ,70,4,10,https://www.facebook.com/www.BaoVietNhanTho.com.vn,https://www.facebook.com/www.BaoVietNhanTho.com.vn/posts/pfbid02nhtAUwpaXHWAv9nuzVRQCBbwSSyaE7zEbmuT3gcQeHvqnRWWMD1pYxjV3g2aBhJgl,1071387971878143,https://scontent.fsgn5-1.fna.fbcdn.net/v/t39.99422-6/730015722_1540405334281863_2050876411921286386_n.png?stp=dst-jpg_tt6&cstp=mx2000x2000&ctp=s1080x2048&_nc_cat=110&_nc_map=urlgen_bucketless&ccb=1-7&_nc_sid=127cfc&_nc_ohc=4NtyshPI3GAQ7kNvwGEK7QP&_nc_oc=AdrpGd7E-c0RbMHrRp4L8LpC7iFFsH3sE78yYrGWNrCMEXd-4e8vwMn31wgI6yzhUqP1dWIJ99VkyS_ScBQa0Dqt&_nc_zt=14&_nc_ht=scontent.fsgn5-1.fna&_nc_gid=BYvDAFrxVYulItC4svpfgg&_nc_ss=7b2a8&oh=00_Af8-FUKDZhCXGXlLsIAUy9RZD7Puo-KuhawludLbaPISbQ&oe=6A43C3D8,,
2026-06-23,"🎉 30 NĂM GẮN KẾT – VẠN QUÀ TẶNG TRI ÂN 🎁 Bước sang tuổi 30, Bảo Việt Nhân thọ trân trọng gửi tới Quý khách những món quà tri ân thay lời cảm ơn vì đã tin tưởng lựa chọn và đồng hành cùng chúng tôi trong suốt thời gian qua.  ❤ Từ 22/06 – 15/07/2026, khách hàng đến các Công ty thành viên/Văn phòng khu vực của Bảo Việt Nhân thọ trên toàn quốc và thực hiện các giao dịch liên quan đến hợp đồng như cập nhật thông tin, đóng phí, cài đặt hoặc giao dịch trên MyBVLife... sẽ nhận ngay 01 túi đay thân thiện với môi trường. Đây cũng là dịp để Quý khách kiểm tra và cập nhật thông tin hợp đồng, giúp nâng cao bảo mật và thuận tiện hơn trong quá trình sử dụng dịch vụ. 📍 Hãy ghé Văn phòng Bảo Việt Nhân thọ gần nhất để nhận quà tri ân và được hỗ trợ tận tình. 👉 Xem chi tiết chương trình tại: https://www.baovietnhantho.com.vn/tin-tuc/chuong-trinh-tri-an-30-nam-gan-ket-van-qua-tang-tri-an  #BaoVietNhantho #AnThinhPhucNien #TronVanDamAn",Bảo Việt Nhân Thọ,88,19,3,https://www.facebook.com/www.BaoVietNhanTho.com.vn,https://www.facebook.com/www.BaoVietNhanTho.com.vn/posts/pfbid0neArwH4QPUNf9jKDZRobcomRpUvbKZDmjWuUXNPdB336ap4wA2A8fS6eX4PPSrTPl,1071219475228326,https://scontent.fsgn5-10.fna.fbcdn.net/v/t39.99422-6/728543912_1007161945347557_334781982851547181_n.png?stp=dst-jpg_tt6&cstp=mx1300x1300&ctp=s1080x2048&_nc_cat=106&_nc_map=urlgen_bucketless&ccb=1-7&_nc_sid=127cfc&_nc_ohc=QZXQsIszn7UQ7kNvwGwq7BH&_nc_oc=AdoBz1P-HpVb7nrDyBygw4ACK_zEio24Q-nuZkz7JcNb2y_N-RDZu6hVvxtlrw_28ijca4ggPuc3ioYb83qQgcuh&_nc_zt=14&_nc_ht=scontent.fsgn5-10.fna&_nc_gid=lItz0ngRLrsshrIreXxiNA&_nc_ss=7b2a8&oh=00_Af-xRxqfZm6-8FKJ7vCGbGG2Bjup6ViN9BvqfSjflxNqGA&oe=6A43CFD2,,
2026-06-22,"BẢO VIỆT NHÂN THỌ – 30 NĂM TRỌN NIỀM TIN THƯƠNG HIỆU VIỆT (22/06/1996 – 22/06/2026)  Ba mươi năm trước, Bảo Việt Nhân thọ đặt những viên gạch đầu tiên cho thị trường bảo hiểm nhân thọ Việt Nam. Ba mươi năm sau, hành trình ấy đã trở thành niềm tin của hàng triệu gia đình Việt.  🍀 Là doanh nghiệp tiên phong khai mở thị trường bảo hiểm nhân thọ tại Việt Nam, Bảo Việt Nhân thọ luôn kiên định với sứ mệnh phụng sự người Việt bằng những giải pháp bảo vệ tài chính nhân văn và bền vững. Từ những ngày đầu thành lập đến hôm nay, Bảo Việt Nhân thọ không ngừng đổi mới, nâng cao chất lượng dịch vụ, mở rộng mạng lưới phục vụ trên khắp cả nước và đồng hành cùng khách hàng trong hành trình bảo vệ, tích lũy và hoạch định tương lai.  🍀 Ba thập kỷ phát triển đã tạo dựng nên một thương hiệu giàu bản sắc Việt, được vun đắp bởi sự tận tâm của nhiều thế hệ cán bộ, tư vấn viên và trên hết là sự tin tưởng của hàng triệu khách hàng trên mọi miền đất nước. Chính niềm tin ấy đã trở thành nền tảng vững chắc để Bảo Việt Nhân thọ phát triển bền vững, giữ vững vị thế dẫn đầu thị trường và khẳng định giá trị của một thương hiệu bảo hiểm nhân thọ của người Việt, vì người Việt.  ❤️ Nhân dịp kỷ niệm 30 năm thành lập, Bảo Việt Nhân thọ xin gửi lời tri ân sâu sắc tới hàng triệu khách hàng đã tin tưởng lựa chọn và đồng hành cùng chúng tôi trong suốt chặng đường vừa qua. Sự tin yêu của Quý khách hàng không chỉ là động lực để Bảo Việt Nhân thọ không ngừng phát triển, mà còn góp phần xây dựng và lan tỏa niềm tự hào về một thương hiệu bảo hiểm nhân thọ Việt Nam vững mạnh.  ❤️ Trân trọng cảm ơn Quý đối tác cùng các thế hệ cán bộ, tư vấn viên trên toàn hệ thống đã chung sức xây dựng và phát triển Bảo Việt Nhân thọ trở thành thương hiệu bảo hiểm nhân thọ Quốc gia.  30 năm là dấu mốc đầy tự hào và cũng là điểm khởi đầu cho một hành trình mới với khát vọng tiếp tục phụng sự người Việt, kiến tạo những giá trị bền vững cho gia đình và xã hội.  Bảo Việt Nhân thọ – 30 năm Trọn niềm tin Thương hiệu Việt. #BaoVietNhantho #TronVungvang #TronVanDamAn #AnThinhPhucNien",Bảo Việt Nhân Thọ,320,62,15,https://www.facebook.com/www.BaoVietNhanTho.com.vn,https://www.facebook.com/www.BaoVietNhanTho.com.vn/posts/pfbid0xWHbmSjFZhap7H8bHccfrje3SZwpAn8YCdfJef44b52LKKkWn64dAkNzewtcbaJl,1070519295298344,https://scontent.fsgn5-8.fna.fbcdn.net/v/t39.99422-6/728726951_1411989420726445_7746322123573467699_n.png?stp=dst-jpg_tt6&cstp=mx2048x2048&ctp=s1080x2048&_nc_cat=105&_nc_map=urlgen_bucketless&ccb=1-7&_nc_sid=127cfc&_nc_ohc=a6cx0fskB90Q7kNvwGODk_S&_nc_oc=AdpFnCb_I9E1Cz7DExeUsI-h-N-rLyoXvgsw8tsLAngO4tsxDEvVFWuCySTMKuB0g3v2sOqR263TugHPfegXlK-7&_nc_zt=14&_nc_ht=scontent.fsgn5-8.fna&_nc_gid=lItz0ngRLrsshrIreXxiNA&_nc_ss=7b2a8&oh=00_Af9m7LYY4zBIGYplhFahpPwCeh71QB5bKtkh-7dNSuLbzA&oe=6A43C723,,
2026-06-22,BẢO VIỆT NHÂN THỌ - 30 NĂM TRỌN NIỀM TIN THƯƠNG HIỆU VIỆT (22/06/1996 – 22/06/2026) #BaoVietNhantho #TronVungvang #TronVanDamAn #AnThinhPhucNien,Bảo Việt Nhân Thọ,470,171,26,https://www.facebook.com/www.BaoVietNhanTho.com.vn,https://www.facebook.com/reel/1498020321650629/,1070393575310916,https://scontent.fsgn5-14.fna.fbcdn.net/v/t15.5256-10/728543820_1029038282896408_1634272317803201739_n.jpg?stp=dst-jpg_tt6&cstp=mx1920x1080&ctp=p960x960&_nc_cat=110&_nc_map=urlgen_bucketless&ccb=1-7&_nc_sid=5fad0e&_nc_ohc=tmFzuG9JmHAQ7kNvwGCQB1X&_nc_oc=AdrkhhX7o10nFb7ZFbws9mi1u4AQES50WHdJajzfAuOhVtHE6XYbIG1rqF8rq5BHy4YoWMnAeKMvZXJVl_NDyRln&_nc_zt=23&_nc_ht=scontent.fsgn5-14.fna&_nc_gid=lItz0ngRLrsshrIreXxiNA&_nc_ss=7b2a8&oh=00_Af9-1IMGkMPV156UnQCTyo1ceqK_y2p4Q4l3-u4t5iVEOA&oe=6A43EC94 | https://scontent.fsgn5-3.fna.fbcdn.net/o1/v/t2/f2/m412/AQMlu0CyUuTk0Yn-wP6PQ-We4cXDZ88ifGdN6CaBmquzQ7rjb1QS6Y04CZjXLltD5qWeATbE6qoMpSP6O5-VFozO-8heLVBy7GihD9C-OA.mp4?_nc_cat=103&_nc_oc=AdpGqVyBKh8uzRsLm-8y0c68IdEGORF-6Fl639PxBN21dX2hGhY3jfRJ2py3kQVVap75KCCgFGTLLCtqRw7tXJbQ&_nc_sid=8bf8fe&_nc_ht=scontent.fsgn5-3.fna.fbcdn.net&_nc_ohc=x3sHt7CKJIIQ7kNvwE1EkqT&efg=eyJ2ZW5jb2RlX3RhZyI6Inhwdl9wcm9ncmVzc2l2ZS5GQUNFQk9PSy4uQzMuNjQwLnN2ZV9zZCIsInhwdl9hc3NldF9pZCI6MTI2Mzc3NTgyNTY0MzI2MiwiYXNzZXRfYWdlX2RheXMiOjQsInZpX3VzZWNhc2VfaWQiOjEwMTIyLCJkdXJhdGlvbl9zIjoyNSwidXJsZ2VuX3NvdXJjZSI6Ind3dyJ9&ccb=17-1&_nc_gid=lItz0ngRLrsshrIreXxiNA&_nc_ss=7b2a8&_nc_map=urlgen_bucketless&_nc_zt=28&oh=00_Af_Rxa5VuSUCK-p3jdfdSiTj8zUb3rzl5b1YOXWP_W_UZw&oe=6A43D813&bitrate=361719&tag=sve_sd | https://scontent.fsgn5-14.fna.fbcdn.net/o1/v/t2/f2/m366/AQPrHye6drD-4pI-fIgasOlAwDsA8zNc6HO8vN-53OhZmqHnEapDD57XfK3ecXc9eroooBeIOYR-DsxrrIFd5i_Y6oLsEWXTNP92jWlnYkA9wQ.mp4?_nc_cat=111&_nc_oc=AdqIXt5JbO0yEMPABoeVdgrIAewgzPC0G_2HohDygRCDUKSZh3kYUeXYjLXHIFtUwrhv5GnfmUT-UNP1SRctLqSW&_nc_sid=5e9851&_nc_ht=scontent.fsgn5-14.fna.fbcdn.net&_nc_ohc=J27L2g-1YrAQ7kNvwEHP_so&efg=eyJ2ZW5jb2RlX3RhZyI6Inhwdl9wcm9ncmVzc2l2ZS5GQUNFQk9PSy4uQzMuMTI4MC5kYXNoX2gyNjQtYmFzaWMtZ2VuMl83MjBwIiwieHB2X2Fzc2V0X2lkIjoxMjYzNzc1ODI1NjQzMjYyLCJhc3NldF9hZ2VfZGF5cyI6NCwidmlfdXNlY2FzZV9pZCI6MTAxMjIsImR1cmF0aW9uX3MiOjI1LCJ1cmxnZW5fc291cmNlIjoid3d3In0%3D&ccb=17-1&vs=bdc5f1bb590bae55&_nc_vs=HBksFQIYRWZiX2VwaGVtZXJhbC9DMDQ3Rjk0NUY0OUQyNjM2OUUxRTREMDIwNjc1NTNCOF9tdF8xX3ZpZGVvX2Rhc2hpbml0Lm1wNBUAAsgBEgAVAhhAZmJfcGVybWFuZW50L0YyNEMxNkQzNjIxNjk1MDU0MjQ0RjI5NEU3NDMyNEJEX2F1ZGlvX2Rhc2hpbml0Lm1wNBUCAsgBEgAoABgAGwKIB3VzZV9vaWwBMRJwcm9ncmVzc2l2ZV9yZWNpcGUBMRUAACb8m87St9m-BBUCKAJDMywXQDnhR64UeuEYGWRhc2hfaDI2NC1iYXNpYy1nZW4yXzcyMHARAHUCZZSeAQA&_nc_gid=lItz0ngRLrsshrIreXxiNA&_nc_ss=7b2a8&_nc_map=urlgen_bucketless&_nc_zt=28&oh=00_Af8RgqN6hw13tsDaK3ZPUmC4tJfWUJd13yKMnqIHZ6L2mw&oe=6A43DD95&bitrate=1730811&tag=dash_h264-basic-gen2_720p | https://scontent.fsgn5-14.fna.fbcdn.net/v/t15.5256-10/728543820_1029038282896408_1634272317803201739_n.jpg?stp=dst-jpg_tt6&cstp=mx1920x1080&ctp=s960x960&_nc_cat=110&_nc_map=urlgen_bucketless&ccb=1-7&_nc_sid=50ce42&_nc_ohc=tmFzuG9JmHAQ7kNvwGCQB1X&_nc_oc=AdrkhhX7o10nFb7ZFbws9mi1u4AQES50WHdJajzfAuOhVtHE6XYbIG1rqF8rq5BHy4YoWMnAeKMvZXJVl_NDyRln&_nc_zt=23&_nc_ht=scontent.fsgn5-14.fna&_nc_gid=lItz0ngRLrsshrIreXxiNA&_nc_ss=7b2a8&oh=00_Af9-1IMGkMPV156UnQCTyo1ceqK_y2p4Q4l3-u4t5iVEOA&oe=6A43EC94 | https://scontent.fsgn5-7.fna.fbcdn.net/v/t15.5256-10/723852550_1518896019701241_2506802302856350695_n.jpg?stp=dst-jpg_tt6&cstp=mx1420x800&ctp=s1420x800&_nc_cat=106&_nc_map=urlgen_bucketless&ccb=1-7&_nc_sid=06012f&_nc_ohc=XaAm-wBpqJ4Q7kNvwGiJZND&_nc_oc=AdpNewuC6GXYuy4oNDT67jdZLV9uF3EYf4RtL4zER5Q_MIkbTjo4yHUKwgieJGH1-xVK25Zk_rYLJmuY17ZsRyWf&_nc_zt=23&_nc_ht=scontent.fsgn5-7.fna&_nc_gid=lItz0ngRLrsshrIreXxiNA&_nc_ss=7b2a8&oh=00_Af8kkusk83p9VMf7RV0MMqxSNbw99U4fcog1_YqcCG6E4A&oe=6A43E3D1,https://www.facebook.com/reel/1498020321650629/,24000
2026-06-21,"Chúc mừng Ngày Báo chí Cách mạng Việt Nam 21/6 🖋️ Đằng sau mỗi dòng tin tức, mỗi thước phim thời sự và những trang viết giá trị là hành trình lao động bền bỉ, dấn thân đầy trách nhiệm của những người làm báo để giữ vững dòng chảy thông tin, phản ánh hơi thở của thời đại. ❤ Nhân Ngày Báo chí Cách mạng Việt Nam 21/6, Bảo Việt Nhân thọ xin gửi lời chúc mừng tới Quý Nhà báo, Phóng viên, Biên tập viên. Kính chúc Quý vị luôn giữ vững bản lĩnh và tinh thần cống hiến, giữ trọn ngọn lửa đam mê với nghề để tiếp tục mang đến những trang viết sắc bén đồng hành cùng đất nước bước vào kỷ nguyên vươn mình của dân tộc!  #BaoVietNhantho",Bảo Việt Nhân Thọ,95,9,0,https://www.facebook.com/www.BaoVietNhanTho.com.vn,https://www.facebook.com/www.BaoVietNhanTho.com.vn/posts/pfbid02BJx8XCK92mSFiJnReQXyRcCDyhGvYqwM9DZiG4Zg87uhFT8RHh6rbJCxnJTBcmxAl,1069525658731041,https://scontent.fsgn5-8.fna.fbcdn.net/v/t39.99422-6/728004286_1862345498055380_2457589646294011698_n.png?stp=dst-jpg_tt6&cstp=mx1875x1875&ctp=s1080x2048&_nc_cat=105&_nc_map=urlgen_bucketless&ccb=1-7&_nc_sid=127cfc&_nc_ohc=O7rVRE4TGFYQ7kNvwFXn3TF&_nc_oc=Adp4U-FHcZ_5KleYPaqM3DdcZPV2qoE5J0YvilCZtnSn2gh2X7vp1GxzTo2Zj_Y5SKPnS41FudgjpcAumrs2nmiZ&_nc_zt=14&_nc_ht=scontent.fsgn5-8.fna&_nc_gid=M15IIWejAaNea1dmDwGMVQ&_nc_ss=7b2a8&oh=00_Af-NUkdWP8fA8FVTLZPf9Xg3DUCAathz-aRuVO4NT8zjeA&oe=6A43DD39,,
2026-06-20,"❤ Đằng sau sự bình yên của mái ấm là đôi vai gánh vác thầm lặng của cha. Người luôn lo toan cho tương lai của gia đình từ rất sớm, sẵn sàng gác lại những mong muốn riêng để dành trọn cơ hội tốt đẹp nhất cho con cái. ❤ Nhân Ngày của Cha, Bảo Việt Nhân thọ xin gửi lời tri ân sâu sắc nhất tới những người cha – những người trụ cột kiên cường, luôn là điểm tựa an tâm và vững chãi nhất cho mỗi gia đình! #BaoVietNhantho #NgaycuaCha",Bảo Việt Nhân Thọ,168,45,2,https://www.facebook.com/www.BaoVietNhanTho.com.vn,https://www.facebook.com/www.BaoVietNhanTho.com.vn/posts/pfbid0k9gjV9YaA28frwicZxfu9Jw2qFUd4KMN2mXCTfoyV9Fjt3rHRa1QFfr9AxPfFGQSl,1069485075401766,https://scontent.fsgn5-13.fna.fbcdn.net/v/t39.99422-6/728175293_1934420997258257_1718091517513155509_n.png?stp=dst-jpg_tt6&cstp=mx2048x2048&ctp=s1080x2048&_nc_cat=106&_nc_map=urlgen_bucketless&ccb=1-7&_nc_sid=127cfc&_nc_ohc=Bri1Urrjo98Q7kNvwEfub1i&_nc_oc=AdrZ0N4y2ELUgcovIl_3eVf_SlBsJclUK0Sa0hjsBKVY9mq0tKxTagBVNSCCfbceuEHnRLrR49w7QoJ3OkQu2CI8&_nc_zt=14&_nc_ht=scontent.fsgn5-13.fna&_nc_gid=M15IIWejAaNea1dmDwGMVQ&_nc_ss=7b2a8&oh=00_Af_3ndOklY14VHsNdm_tMpjc53FMHNL20oLR2QyGjFy7MQ&oe=6A43D5A5,,
2026-06-19,"TRỌN VẠN DẶM AN: HƠN 8.000 MÃ QUAY THƯỞNG ĐÃ ĐƯỢC TRAO  ❤ Sự hưởng ứng từ khách hàng trên toàn quốc đang tạo nên những con số ấn tượng cho chương trình ""Trọn Vạn Dặm An"". Sau gần 3 tuần triển khai, hơn 8.000 mã quay thưởng đã được cấp và hơn 2.000 khách hàng đã đủ điều kiện nhận bộ quà tặng pickleball cao cấp.   🍀 Cơ hội nhận quà tặng và các giải thưởng giá trị vẫn đang chờ đón phía trước.  Hãy liên hệ Tư vấn viên Bảo Việt Nhân thọ hoặc văn phòng Bảo Việt Nhân thọ gần nhất để tìm hiểu và tham gia chương trình ngay hôm nay.  👉 Xem ngay chi tiết thể lệ chương trình: https://bit.ly/TronVanDamAn_fb Trọn Vạn Dặm An - Bắt đầu từ hôm nay! #BaoVietNhantho #TronVungvang #TronVanDamAn",Bảo Việt Nhân Thọ,104,32,1,https://www.facebook.com/www.BaoVietNhanTho.com.vn,https://www.facebook.com/www.BaoVietNhanTho.com.vn/posts/pfbid02M92am82h7vXUPTZEYMztjG7inGRYs74td1e7seiKXDew7bDox2mnsEN74Fzm4doPl,1067938842223056,https://scontent.fsgn5-14.fna.fbcdn.net/v/t39.99422-6/727236167_952585611109552_110411388809869142_n.png?stp=dst-jpg_tt6&cstp=mx2000x2000&ctp=s1080x2048&_nc_cat=101&_nc_map=urlgen_bucketless&ccb=1-7&_nc_sid=127cfc&_nc_ohc=2dEWXufJ8wwQ7kNvwEzTZXh&_nc_oc=AdoxOWlGlA93YWwjNTU1wTF5RJrY3UMChl_xErQRsWYkW7HYlKGMBHwBs5ftq9EK_MjYVU5dQivXhH-sg4aRKgWQ&_nc_zt=14&_nc_ht=scontent.fsgn5-14.fna&_nc_gid=M15IIWejAaNea1dmDwGMVQ&_nc_ss=7b2a8&oh=00_Af90L0LdvJmYJeN_cS-akD-5-LHx6xsXnSCIKrhjrPD-Bw&oe=6A43CBB7,,
2026-06-18,"CHÀO ĐÓN DẤU MỐC 30 NĂM - THÊM MỘT DẤU ẤN TỰ HÀO  Sáng ngày 18/06/2026, Bảo Việt Nhân thọ đón nhận tin vui ý nghĩa khi được Vietnam Report vinh danh dẫn đầu Danh sách Top 10 Công ty Bảo hiểm Nhân thọ uy tín Việt Nam năm 2026.  🍀 Đây là năm thứ 10 Bảo Việt Nhân thọ giữ vị trí dẫn đầu trong bảng xếp hạng – dấu ấn cho hành trình bền bỉ bảo vệ bình an cho hàng triệu gia đình Việt và khẳng định vị thế thương hiệu bảo hiểm Quốc gia trong lòng người dân Việt Nam.  ❤ Bảo Việt Nhân thọ trân trọng cảm ơn Quý Khách hàng, đối tác và cộng đồng đã luôn tin tưởng, đồng hành; cảm ơn các tổ chức uy tín đã ghi nhận những giá trị mà Bảo Việt Nhân thọ kiên định theo đuổi.  🍀Bước vào tuổi 30, Bảo Việt Nhân thọ tiếp tục đổi mới, chuyển đổi số nâng cao chất lượng sản phẩm, dịch vụ và trải nghiệm khách hàng, mang đến những giải pháp bảo vệ tài chính, chăm sóc sức khỏe tốt hơn cho người dân Việt.  Bảo Việt Nhân thọ - 30 năm - Trọn niềm tin thương hiệu Việt. #BaoVietNhantho #AnThinhPhucNien #TronVanDamAn",Bảo Việt Nhân Thọ,211,62,12,https://www.facebook.com/www.BaoVietNhanTho.com.vn,https://www.facebook.com/www.BaoVietNhanTho.com.vn/posts/pfbid0nEoKafuXsqrDxXsH9TLKV3gQQbQnFMCZEFADLM6xohZLMkvj925g9qv2gpymWC36l,1067267585623515,https://scontent.fsgn5-12.fna.fbcdn.net/v/t39.99422-6/726900715_1789547168676961_2660757637855119116_n.png?stp=dst-jpg_tt6&cstp=mx1875x1875&ctp=s1080x2048&_nc_cat=109&_nc_map=urlgen_bucketless&ccb=1-7&_nc_sid=127cfc&_nc_ohc=IUR-gCXIBQAQ7kNvwEcmUqI&_nc_oc=AdrSAsf1WCgrguMipy0w5UJZzlbx7X438yK97jIfTxH_udXIeF8w-BXKWMsL7uT6brJZqHcIrae5xjBN8TK_VPeN&_nc_zt=14&_nc_ht=scontent.fsgn5-12.fna&_nc_gid=iIQOXL72Bf8_tV-QA4ujUA&_nc_ss=7b2a8&oh=00_Af--cDIBHZF6xkItv4Y4hQahWT_HmhohKE2eiVZur7dc0g&oe=6A43EBB1,,
2026-06-18,"NHỮNG KẾ HOẠCH LỚN LUÔN BẮT ĐẦU TỪ HÔM NAY   Như hạt mầm được gieo vào đất, mỗi khoản tích lũy hôm nay với An Thịnh Phúc Niên sẽ lớn dần theo thời gian, mang đến bảo vệ, gia sản và một tuổi hưu an nhàn cho cả gia đình.  ✅ Gia tăng giá trị tài khoản với lãi suất cam kết tối thiểu. ✅ Thưởng duy trì hợp đồng lên đến 8% và thưởng hoàn phí rủi ro lên đến 100% theo quy định sản phẩm. ✅ Nhận 100% giá trị tài khoản khi đáo hạn, tạo nền tảng tài chính vững chắc cho những kế hoạch dài hạn. ✅ An tâm trước rủi ro không mong muốn với quyền lợi bảo vệ tài chính xuyên suốt thời gian tham gia.  Bởi một tương lai vững vàng luôn bắt đầu từ sự chuẩn bị hôm nay. An Thịnh Phúc Niên – Vun đắp đường dài, viên mãn mai sau. Chi tiết sản phẩm xem tại: https://bit.ly/AnThinhPhucNien_fb  #BaoVietNhantho #AnThinhPhucNien #TronVanDamAn",Bảo Việt Nhân Thọ,229,63,0,https://www.facebook.com/www.BaoVietNhanTho.com.vn,https://www.facebook.com/www.BaoVietNhanTho.com.vn/posts/pfbid0zWJZzHeL3ck4f7JEYhUG4LpmkE12YN5hBYiHj4z63s68Y9Rbx7v8cejTWZAvDddgl,1067044575645816,https://scontent.fsgn5-11.fna.fbcdn.net/v/t39.99422-6/724459251_1032416752818925_677231074171664350_n.png?stp=dst-jpg_tt6&cstp=mx2048x2048&ctp=s1080x2048&_nc_cat=101&_nc_map=urlgen_bucketless&ccb=1-7&_nc_sid=127cfc&_nc_ohc=d84_gdVouUAQ7kNvwE4EoAU&_nc_oc=AdqFiKSslzCIdHgkTmK55UoNSj6OOThgwXb8moaQ7mvoQ79Bk9cc7gry2pfZKiIDsfUL2UeuYD_ypdzvrNVo9VJB&_nc_zt=14&_nc_ht=scontent.fsgn5-11.fna&_nc_gid=iIQOXL72Bf8_tV-QA4ujUA&_nc_ss=7b2a8&oh=00_Af8TEaSqWrn8kDVCRLvzyQcQhcfXGLl4M38U186zy4DIhg&oe=6A43B932,,
2026-06-17,"An Thịnh Phúc Niên – Bạn thích mùa nào nhất?  Mỗi mùa trong An Thịnh Phúc Niên mang một thông điệp riêng, đồng hành cùng gia đình bạn trên hành trình tài chính dài lâu: 🌸 Xuân khởi – Ươm mầm an thịnh ☀️ Hạ vươn – Tỏa bóng bình yên 🍁 Thu an – Tích tài vun lộ ❄️ Đông ấm – Vẹn tròn phúc niên  💬 Bạn thích mùa nào nhất cho hành trình tài chính của gia đình mình? Bình luận mùa bạn chọn và cùng tìm hiểu quyền lợi của An Thịnh Phúc Niên nhé! Chi tiết sản phẩm xem tại: https://bit.ly/AnThinhPhucNien_fb  #BaoVietNhantho #AnThinhPhucNien #TronVanDamAn",Bảo Việt Nhân Thọ,156,43,2,https://www.facebook.com/www.BaoVietNhanTho.com.vn,https://www.facebook.com/www.BaoVietNhanTho.com.vn/posts/pfbid02nkWBfowAoXuSpgbwzvwRt2xs9hgwpJFY2n6XYtetiVtsTkvdXLSriSLjztPsefAsl,1066208675729406,https://scontent.fsgn5-22.fna.fbcdn.net/v/t39.99422-6/725592962_995194373495985_3290252145446492568_n.png?stp=dst-jpg_tt6&cstp=mx2048x2048&ctp=s2048x2048&_nc_cat=101&_nc_map=urlgen_bucketless&ccb=1-7&_nc_sid=127cfc&_nc_ohc=a9jY4KKNGGoQ7kNvwEW-CHE&_nc_oc=AdqFuIDwAxWEHhnq-J7dM5RSwKEp4xkFYZs41qb4DIQmCa36yr_U9g0FhPIEW6a4uS1P57MML8e40hScwez4rV8S&_nc_zt=14&_nc_ht=scontent.fsgn5-22.fna&_nc_gid=iIQOXL72Bf8_tV-QA4ujUA&_nc_ss=7b2a8&oh=00_Af9gz3Qf9_PQGl9hDWkgIbK1LCwsID3GR4IWQxdnkI1Htw&oe=6A43DFC6 | https://scontent.fsgn5-11.fna.fbcdn.net/v/t39.99422-6/724894425_2348146472384867_5132800475265207347_n.png?stp=dst-jpg_tt6&cstp=mx2048x2048&ctp=s2048x2048&_nc_cat=107&_nc_map=urlgen_bucketless&ccb=1-7&_nc_sid=127cfc&_nc_ohc=xfBRl3MV_FcQ7kNvwELbsub&_nc_oc=AdohuoK59LDRIS9thV4aCtxYjStFkpQMtcTBnZvIrzK0xsJtWw3FjEq-RO_eZKvx3blT3y9btTztGSKnv4dnsmjO&_nc_zt=14&_nc_ht=scontent.fsgn5-11.fna&_nc_gid=iIQOXL72Bf8_tV-QA4ujUA&_nc_ss=7b2a8&oh=00_Af-haNncrO5efsovfGS0kBrjwPp8yswO8UkdYZAtygJeGw&oe=6A43C751 | https://scontent.fsgn5-10.fna.fbcdn.net/v/t39.99422-6/725206226_1005701725190782_4310867015398063075_n.png?stp=dst-jpg_tt6&cstp=mx2048x2048&ctp=s2048x2048&_nc_cat=111&_nc_map=urlgen_bucketless&ccb=1-7&_nc_sid=127cfc&_nc_ohc=FX9T9hTSpvEQ7kNvwFtVlxe&_nc_oc=AdobRikYVxGvw8EahjNF-8Wc3-ayRHbOS4ZgLBdzBkRbaKeS06ApM0mbOtRPLR0l0nLhXNSiy2KTq-NImaI_hyc-&_nc_zt=14&_nc_ht=scontent.fsgn5-10.fna&_nc_gid=iIQOXL72Bf8_tV-QA4ujUA&_nc_ss=7b2a8&oh=00_Af98Zgq2j--rHIqYyaGc79ZR6vfXjOpjIYC-fjpS5vDFvg&oe=6A43C7F6 | https://scontent.fsgn5-5.fna.fbcdn.net/v/t39.99422-6/724691279_1371792028146011_4779092017237814033_n.png?stp=dst-jpg_tt6&cstp=mx2048x2048&ctp=s2048x2048&_nc_cat=106&_nc_map=urlgen_bucketless&ccb=1-7&_nc_sid=127cfc&_nc_ohc=AFtu9tdvnHcQ7kNvwHeZO-f&_nc_oc=AdpNWk66GgZxnmQgJoDUIcck-nrsuD1KjpM3YcGRpOtjj9ldht2WtnVZOl23jgUKrwpxfT-jx6UIjPlGyyH_bFkg&_nc_zt=14&_nc_ht=scontent.fsgn5-5.fna&_nc_gid=iIQOXL72Bf8_tV-QA4ujUA&_nc_ss=7b2a8&oh=00_Af-WDESqW0hVo0BTlL7Kb-7zzS4jWjk93eLVTHFWKeA94Q&oe=6A43EA12,,
2026-06-16,"📣 Đài Truyền hình HTV9 và nhiều cơ quan báo chí đưa tin về An Thịnh Phúc Niên – sản phẩm bảo hiểm liên kết chung mới của Bảo Việt Nhân thọ.  🌟 Với sự kết hợp giữa các quyền lợi bảo vệ, tích lũy và gia tăng giá trị tài khoản theo thời gian, An Thịnh Phúc Niên đồng hành cùng khách hàng trên hành trình vun đắp cuộc sống an thịnh hôm nay, hướng tới phúc niên mai sau.  Trong dấu mốc 30 năm đồng hành cùng người Việt, An Thịnh Phúc Niên tiếp tục khẳng định cam kết của Bảo Việt Nhân thọ trong việc đồng hành cùng khách hàng trên hành trình xây dựng nền tảng tài chính vững vàng cho bản thân và gia đình.  #BaoVietNhantho #TronVanDamAn #AnThinhPhucNien",Bảo Việt Nhân Thọ,315,303,17,https://www.facebook.com/www.BaoVietNhanTho.com.vn,https://www.facebook.com/reel/1332352158263210/,1065729719110635,https://scontent.fsgn5-15.fna.fbcdn.net/v/t15.5256-10/719918768_915647424887570_573308888061560139_n.jpg?stp=dst-jpg_tt6&cstp=mx1440x1080&ctp=p960x960&_nc_cat=103&_nc_map=urlgen_bucketless&ccb=1-7&_nc_sid=5fad0e&_nc_ohc=B3yPNN2bVnYQ7kNvwFteRuC&_nc_oc=AdqY93SY2nuWR1IdVON8IqtYmha3vJffO05Yk1JQ21lhODVWNfpuTVgaIL8Cyqf5eLC5wC4A4GYfQ6QJCTEXDDlv&_nc_zt=23&_nc_ht=scontent.fsgn5-15.fna&_nc_gid=gfcAyiiA-U3rLJ0gJIEOIA&_nc_ss=7b2a8&oh=00_Af_nyt8DhnrV4niiRTzH_sSfGvEJ1KMXmA5sxdu1Ojg2tA&oe=6A43E67D | https://scontent.fsgn5-21.fna.fbcdn.net/o1/v/t2/f2/m412/AQPy4z4R-xqEWFPfA41cymL0OP3kE8NVPtdbue-_YIqKm13F8b-xv69EO5Ior0FgxtFDXjB4Mzwm7LFt32VO50ZwEuMs5NAVNzXyHf-vBQ.mp4?_nc_cat=111&_nc_oc=AdrSqd3rZa_vGFk-0BG1o15T02exEfKiwonEoMDrBL89myLg4F-80IAkTq14KEmGX7foJCbD4AsvMB113kJ6jvVn&_nc_sid=8bf8fe&_nc_ht=scontent.fsgn5-21.fna.fbcdn.net&_nc_ohc=iiBz6TWryd4Q7kNvwE2bDz4&efg=eyJ2ZW5jb2RlX3RhZyI6Inhwdl9wcm9ncmVzc2l2ZS5GQUNFQk9PSy4uQzMuNDgwLnN2ZV9zZCIsInhwdl9hc3NldF9pZCI6MTI4NzQzMDcxMzIzNDgxNSwiYXNzZXRfYWdlX2RheXMiOjksInZpX3VzZWNhc2VfaWQiOjEwMTIyLCJkdXJhdGlvbl9zIjo3MSwidXJsZ2VuX3NvdXJjZSI6Ind3dyJ9&ccb=17-1&_nc_gid=gfcAyiiA-U3rLJ0gJIEOIA&_nc_ss=7b2a8&_nc_map=urlgen_bucketless&_nc_zt=28&oh=00_Af-V_8Mn-8iBgNcevjliFxRi5TxjzDJcpDj1AD8gU2uz6w&oe=6A43EDFF&bitrate=216737&tag=sve_sd | https://scontent.fsgn5-2.fna.fbcdn.net/o1/v/t2/f2/m366/AQMgAOn9INPI9bzIsCCih20TJ5ztjEhNgQ3dvwWQ3NpQKN3KJkW5fPVUvziw_SqFtlj-PMyjao_qU52mhyZjLfN__VO6WrsZZ2nfped26zUjnw.mp4?_nc_cat=100&_nc_oc=AdqIiJF1hjumHfwl8dSam0trwRwh10pdwWP6DXZ7kcw0gQG1yrc7PhFc5ocgcZL0fAnDXJ-MGi5asyo7SMAKvqKk&_nc_sid=5e9851&_nc_ht=scontent.fsgn5-2.fna.fbcdn.net&_nc_ohc=XujN5B2I6NcQ7kNvwHmK7bF&efg=eyJ2ZW5jb2RlX3RhZyI6Inhwdl9wcm9ncmVzc2l2ZS5GQUNFQk9PSy4uQzMuOTYwLmRhc2hfaDI2NC1iYXNpYy1nZW4yXzcyMHAiLCJ4cHZfYXNzZXRfaWQiOjEyODc0MzA3MTMyMzQ4MTUsImFzc2V0X2FnZV9kYXlzIjo5LCJ2aV91c2VjYXNlX2lkIjoxMDEyMiwiZHVyYXRpb25fcyI6NzEsInVybGdlbl9zb3VyY2UiOiJ3d3cifQ%3D%3D&ccb=17-1&vs=f2c2968439c7bb83&_nc_vs=HBksFQIYRWZiX2VwaGVtZXJhbC85RTQ4OEI3RkFFMzIyQjg3NkQ4MUM1NzcwMkYxOTA4RV9tdF8xX3ZpZGVvX2Rhc2hpbml0Lm1wNBUAAsgBEgAVAhhAZmJfcGVybWFuZW50LzVBNDUxRENFMjA3MjQyQ0Q2ODE4QkVENTBDMjQ2NUFBX2F1ZGlvX2Rhc2hpbml0Lm1wNBUCAsgBEgAoABgAGwKIB3VzZV9vaWwBMRJwcm9ncmVzc2l2ZV9yZWNpcGUBMRUAACb-1a6lqrrJBBUCKAJDMywXQFHKPXCj1woYGWRhc2hfaDI2NC1iYXNpYy1nZW4yXzcyMHARAHUCZZSeAQA&_nc_gid=gfcAyiiA-U3rLJ0gJIEOIA&_nc_ss=7b2a8&_nc_map=urlgen_bucketless&_nc_zt=28&oh=00_Af8mb8f7IU9yg0lHAbwSPpPbA7AxP5VlX9UiZqtGJZUUMg&oe=6A43D8BC&bitrate=793027&tag=dash_h264-basic-gen2_720p | https://scontent.fsgn5-15.fna.fbcdn.net/v/t15.5256-10/719918768_915647424887570_573308888061560139_n.jpg?stp=dst-jpg_tt6&cstp=mx1440x1080&ctp=s960x960&_nc_cat=103&_nc_map=urlgen_bucketless&ccb=1-7&_nc_sid=50ce42&_nc_ohc=B3yPNN2bVnYQ7kNvwFteRuC&_nc_oc=AdqY93SY2nuWR1IdVON8IqtYmha3vJffO05Yk1JQ21lhODVWNfpuTVgaIL8Cyqf5eLC5wC4A4GYfQ6QJCTEXDDlv&_nc_zt=23&_nc_ht=scontent.fsgn5-15.fna&_nc_gid=gfcAyiiA-U3rLJ0gJIEOIA&_nc_ss=7b2a8&oh=00_Af_nyt8DhnrV4niiRTzH_sSfGvEJ1KMXmA5sxdu1Ojg2tA&oe=6A43E67D | https://scontent.fsgn5-15.fna.fbcdn.net/v/t15.5256-10/722604074_2109358003256355_703840932195799984_n.jpg?stp=dst-jpg_tt6&cstp=mx1060x800&ctp=s1060x800&_nc_cat=111&_nc_map=urlgen_bucketless&ccb=1-7&_nc_sid=06012f&_nc_ohc=He9Nppt4pyQQ7kNvwH-lxpJ&_nc_oc=Adrr9jiYCxiEggBRIev5WQNEGKi0d1Ao7nuG2NbfQRHrw7s0rSO4_o3TSKCnc70-RsgXCKLpMuwsZ6BByQJUcX99&_nc_zt=23&_nc_ht=scontent.fsgn5-15.fna&_nc_gid=gfcAyiiA-U3rLJ0gJIEOIA&_nc_ss=7b2a8&oh=00_Af8njpXfkZGk5RvtZKc62cL_rTK4KUj5Yz7sxSYiMd_m-A&oe=6A43E99B,https://www.facebook.com/reel/1332352158263210/,25000
2026-06-16,"Bốn mùa Xuân – Hạ – Thu – Đông của đất trời nói với chúng ta điều gì? 🍀 Bảo Việt Nhân thọ giới thiệu sản phẩm liên kết chung An Thịnh Phúc Niên, người bạn đồng hành giúp mỗi gia đình vun đắp từng bước đường dài, để tương lai viên mãn mai sau.  Mỗi mùa, một thông điệp riêng, mở ra hành trình tài chính đầy cảm hứng và an tâm. 🎬 Nhấn xem ngay để khám phá ý nghĩa bốn mùa và trải nghiệm hành trình An Thịnh Phúc Niên!   An Thịnh Phúc Niên – Vun đắp đường dài, viên mãn mai sau! Chi tiết sản phẩm xem tại: https://bit.ly/AnThinhPhucNien_fb  #BaoVietNhantho #TronVanDamAn #AnThinhPhucNien",Bảo Việt Nhân Thọ,617,321,24,https://www.facebook.com/www.BaoVietNhanTho.com.vn,https://www.facebook.com/reel/2043227926284828/,1065523499131257,https://scontent.fsgn5-6.fna.fbcdn.net/v/t15.5256-10/721860512_932020196549883_8326234894715170335_n.jpg?stp=dst-jpg_tt6&cstp=mx1920x1080&ctp=p960x960&_nc_cat=107&_nc_map=urlgen_bucketless&ccb=1-7&_nc_sid=5fad0e&_nc_ohc=o08L7wdNeBkQ7kNvwEdj1c1&_nc_oc=AdoH-PdrkOsJhn8IHNpVUgFHJjv2BN-qEIW10uglSS70VCQOouKwc6ZF01cm7OfcLmgqC_LgafXlvcqqyy3CsjJ3&_nc_zt=23&_nc_ht=scontent.fsgn5-6.fna&_nc_gid=gfcAyiiA-U3rLJ0gJIEOIA&_nc_ss=7b2a8&oh=00_Af-kSdbVv5yVXRr58HNZdgMBzFMo2q54vJOuWgi0GcAAOw&oe=6A43CE45 | https://scontent.fsgn5-11.fna.fbcdn.net/o1/v/t2/f2/m412/AQMX6qP8F-l3J1lmqpEqTJ6JCbeoXFubM8Jp3rf78po1KXn4y1PMHJC_c5LiXiEaP8htFEQjVZ8WxmMfMeJ454P0R80sWPudmy6QroWbpg.mp4?_nc_cat=105&_nc_oc=Ado4G8PwxwWMxmWzoFZphBxuIEeOutrXBkhvZsj7o-DodoP4vmUv_HMWL8-H60uwg67tjFqhgt_hd_VoJY1Fvjcw&_nc_sid=8bf8fe&_nc_ht=scontent.fsgn5-11.fna.fbcdn.net&_nc_ohc=K5vySr9lJrQQ7kNvwFY5unq&efg=eyJ2ZW5jb2RlX3RhZyI6Inhwdl9wcm9ncmVzc2l2ZS5GQUNFQk9PSy4uQzMuNjQwLnN2ZV9zZCIsInhwdl9hc3NldF9pZCI6MTAzNDc3MjYwNTY4NTkxOCwiYXNzZXRfYWdlX2RheXMiOjEwLCJ2aV91c2VjYXNlX2lkIjoxMDEyMiwiZHVyYXRpb25fcyI6MTcwLCJ1cmxnZW5fc291cmNlIjoid3d3In0%3D&ccb=17-1&_nc_gid=gfcAyiiA-U3rLJ0gJIEOIA&_nc_ss=7b2a8&_nc_map=urlgen_bucketless&_nc_zt=28&oh=00_Af_G-YV9lbdrcPIE4xiT51GDfECrcm9yvwakPV3yivgA6w&oe=6A43CFA5&bitrate=421207&tag=sve_sd | https://scontent.fsgn5-7.fna.fbcdn.net/o1/v/t2/f2/m366/AQMTs3biN3yxhEM3qmIk2yt-aiS_nQKbLnxhOLfjg0r_lh_-Il4FTpcslQ-cw9J1F6Kv9HFMrAlT3tf-_pUKRlEsToQBflxGr6kqIuX5mpx6kQ.mp4?_nc_cat=109&_nc_oc=AdqC-Z74uzpjwgX3kkoI0cfgmMSmE1_ZCoEYFEYwqwAcWLeVIVB05JC_E0PlxK_MqjdzsZYa1F3WPLZaZUv3Jq39&_nc_sid=5e9851&_nc_ht=scontent.fsgn5-7.fna.fbcdn.net&_nc_ohc=7FPZ3rQvWREQ7kNvwGvuQkY&efg=eyJ2ZW5jb2RlX3RhZyI6Inhwdl9wcm9ncmVzc2l2ZS5GQUNFQk9PSy4uQzMuMTI4MC5kYXNoX2gyNjQtYmFzaWMtZ2VuMl83MjBwIiwieHB2X2Fzc2V0X2lkIjoxMDM0NzcyNjA1Njg1OTE4LCJhc3NldF9hZ2VfZGF5cyI6MTAsInZpX3VzZWNhc2VfaWQiOjEwMTIyLCJkdXJhdGlvbl9zIjoxNzAsInVybGdlbl9zb3VyY2UiOiJ3d3cifQ%3D%3D&ccb=17-1&vs=544bde00163cb736&_nc_vs=HBksFQIYRWZiX2VwaGVtZXJhbC8wODRBMEU0RTBEODY5QzREMzRFOTlGNzA4RUYzODBCM19tdF8xX3ZpZGVvX2Rhc2hpbml0Lm1wNBUAAsgBEgAVAhhAZmJfcGVybWFuZW50L0VGNEUxMzQ5QjAwMTRCRUI2OEJFQzQyNEU2NzhEQzk1X2F1ZGlvX2Rhc2hpbml0Lm1wNBUCAsgBEgAoABgAGwKIB3VzZV9vaWwBMRJwcm9ncmVzc2l2ZV9yZWNpcGUBMRUAACa8wq7Z2MfWAxUCKAJDMywXQGVHrhR64UgYGWRhc2hfaDI2NC1iYXNpYy1nZW4yXzcyMHARAHUCZZSeAQA&_nc_gid=gfcAyiiA-U3rLJ0gJIEOIA&_nc_ss=7b2a8&_nc_map=urlgen_bucketless&_nc_zt=28&oh=00_Af9rpaZFP67dHD1Gp8KAztbW0n1DZ-6rFrXO3kyzkj1pEA&oe=6A43C203&bitrate=1778385&tag=dash_h264-basic-gen2_720p | https://scontent.fsgn5-10.fna.fbcdn.net/v/t15.5256-10/724247109_1362348195757905_8217944839112272485_n.jpg?stp=dst-jpg_tt6&cstp=mx2048x1152&ctp=s960x960&_nc_cat=108&_nc_map=urlgen_bucketless&ccb=1-7&_nc_sid=be8305&_nc_ohc=pUwlaiUOEM8Q7kNvwFvXZ-F&_nc_oc=Adqqeb5vF64r41clHR2u1s8Jj9NPiWYwmvjxa6krRA3KggMM9lewbR04WjbZsmVoKwhCCbDU_xR4eOxSM83SbtSp&_nc_zt=23&_nc_ht=scontent.fsgn5-10.fna&_nc_gid=gfcAyiiA-U3rLJ0gJIEOIA&_nc_ss=7b2a8&oh=00_Af93XWwV3UXmxqQOW7lyItJ1O8HmjYX_jU-BVZy_2RRROA&oe=6A43D4B3 | https://scontent.fsgn5-15.fna.fbcdn.net/v/t15.5256-10/721801091_1300577032145783_8795063198089211127_n.jpg?stp=dst-jpg_tt6&cstp=mx1420x800&ctp=s1420x800&_nc_cat=111&_nc_map=urlgen_bucketless&ccb=1-7&_nc_sid=06012f&_nc_ohc=AM1orwV3n0gQ7kNvwFVbAr4&_nc_oc=AdpCR6ixbrcplwHHkRiY75rlBINEZPJdmAiomXgdlHeY9dSesXyD_aL6-PVUY_Zmnoa4oCIBA89oX4_6_1nuWEfh&_nc_zt=23&_nc_ht=scontent.fsgn5-15.fna&_nc_gid=gfcAyiiA-U3rLJ0gJIEOIA&_nc_ss=7b2a8&oh=00_Af9oq6iVeXiDs7LwwOBibTTMB3HMbXzicw2JWEOHMtBVNw&oe=6A43CE48 | https://scontent.fsgn5-2.fna.fbcdn.net/v/t15.5256-10/724320575_27105303029091716_7930315182346633926_n.jpg?stp=dst-jpg_tt6&cstp=mx1420x800&ctp=s1420x800&_nc_cat=100&_nc_map=urlgen_bucketless&ccb=1-7&_nc_sid=06012f&_nc_ohc=jkqWTRyEBbYQ7kNvwH_l4c7&_nc_oc=AdrpzLbAdespdwR-YRtdj6hkzg5RNnJptQOZGIkLOuVrmtHL9T0SFUh5GAdwSt-Mcs_pM3iVCvAEdX7Zyq1mV2fM&_nc_zt=23&_nc_ht=scontent.fsgn5-2.fna&_nc_gid=gfcAyiiA-U3rLJ0gJIEOIA&_nc_ss=7b2a8&oh=00_Af-g6oKcEopjtCBGc1KQKAXSDvEwFH4AeEt4UZwpOkSGWA&oe=6A43C393,https://www.facebook.com/reel/2043227926284828/,38000
2026-06-16,"AN THỊNH PHÚC NIÊN – HÀNH TRÌNH VUN ĐẮP TƯƠNG LAI  Bốn mùa luân chuyển để đất trời đơm hoa kết trái, cũng như đời người trải qua những năm tháng tích lũy để hướng đến cuộc sống đủ đầy. Và mỗi gia đình đều cần những quyết định đúng lúc để xây dựng nền tảng vững chắc cho chặng đường phía trước. Nhân kỷ niệm 30 năm thành lập, Bảo Việt Nhân thọ ra mắt An Thịnh Phúc Niên – giải pháp tài chính đồng hành cùng gia đình trên hành trình vun đắp tương lai.  👉 Tích lũy bền vững: Cơ chế gia tăng giá trị tài khoản hiệu quả, giúp xây dựng nền tảng tài chính vững vàng cho mọi dự định trong tương lai. 👉  Tri ân gắn kết: Các quyền lợi thưởng hấp dẫn dành riêng cho khách hàng đồng hành lâu dài cùng Bảo Việt Nhân thọ. 👉  Bảo vệ toàn diện: Lá chắn tài chính vững chắc trước những rủi ro bất ngờ trong cuộc sống, mang lại sự an tâm cho cả gia đình.  An Thịnh Phúc Niên – Vun đắp đường dài, viên mãn mai sau! Chi tiết sản phẩm xem tại: https://bit.ly/AnThinhPhucNien_fb  #BaoVietNhantho #TronVanDamAn #AnThinhPhucNien",Bảo Việt Nhân Thọ,384,120,18,https://www.facebook.com/www.BaoVietNhanTho.com.vn,https://www.facebook.com/www.BaoVietNhanTho.com.vn/posts/pfbid022DFKNfo3JyxzMwRub1Ah6rMYf7xEDzY52PDEJRjeRewqAG2o32dKYZWLQ4KSko5ql,1065380352478905,https://scontent.fsgn5-11.fna.fbcdn.net/v/t39.99422-6/721995086_1388172916667427_451922600116956759_n.png?stp=dst-jpg_tt6&cstp=mx2048x2048&ctp=s1080x2048&_nc_cat=105&_nc_map=urlgen_bucketless&ccb=1-7&_nc_sid=127cfc&_nc_ohc=jtvwDfwucE4Q7kNvwExpaMw&_nc_oc=AdqjBuhS4paBPpgMViPKzbZSnXpPS-s_HprvdbrdChkPXPCsTMH6EeiAnizWVi10NdwWAd14H7kUunLuf7XexkHq&_nc_zt=14&_nc_ht=scontent.fsgn5-11.fna&_nc_gid=gfcAyiiA-U3rLJ0gJIEOIA&_nc_ss=7b2a8&oh=00_Af-bddPaLBthmbi9ZSpyAm7V6Xxw8u4HwX52iDQrxjMF3Q&oe=6A43E6F3,,
2026-06-15,"Mở hộp phần quà Pickleball đang được săn đón nhất ""Trọn Vạn Dặm An"" 🍀 Không chỉ mang đến cơ hội sở hữu xe VinFast VF6, VF3 hay VinFast Evo Grand, chương trình còn dành tặng bộ quà Pickleball cao cấp cho khách hàng đủ điều kiện tham gia. Cùng khám phá món quà đang được nhiều khách hàng yêu thích nhé!  #BaoVietNhantho #TronVungvang #TronVanDamAn",Bảo Việt Nhân Thọ,160,73,9,https://www.facebook.com/www.BaoVietNhanTho.com.vn,https://www.facebook.com/reel/1977968846255272/,1064888462528094,https://scontent.fsgn5-21.fna.fbcdn.net/v/t15.5256-10/724539652_1547598623440673_3306483432506714837_n.jpg?stp=dst-jpg_tt6&cstp=mx1080x1920&ctp=p960x960&_nc_cat=110&_nc_map=urlgen_bucketless&ccb=1-7&_nc_sid=5fad0e&_nc_ohc=QZDuoIP5jWQQ7kNvwHphkGj&_nc_oc=AdrDGwAopm7Ne5MbShYbE_iIVoOG75jgyjesdYkt8WGuNPfHF05VshefiPhPs7ob-T_M3qtZZbeGn2lm-YbYqtAC&_nc_zt=23&_nc_ht=scontent.fsgn5-21.fna&_nc_gid=OTUu2WZjNO7Yb16ad0B3CQ&_nc_ss=7b2a8&oh=00_Af9aUYD-X2cgCGuGRTDgyZFhWjmJFipK69lkoR5tmn1VIw&oe=6A43EE07 | https://scontent.fsgn5-7.fna.fbcdn.net/o1/v/t2/f2/m412/AQMa3jXrc5k1FBSokCq4a8MAMPQOaGJV_IKNE9V5zun6MqXbP3LmpV8kuPyfMS5qp0cGtWLLImTcebBvJawW__NnVWpD8YRkhduetWzZug.mp4?_nc_cat=100&_nc_oc=Adp6FDLlWtCWMONtuQKQ65SWe1YA6swHPt2lN9KIwwXli-4_cNIWnOcTp4FJq-Ivz4OmjyU2Ue6dgBufrs9H5sL2&_nc_sid=8bf8fe&_nc_ht=scontent.fsgn5-7.fna.fbcdn.net&_nc_ohc=IfM91sAZonUQ7kNvwHp61Gd&efg=eyJ2ZW5jb2RlX3RhZyI6Inhwdl9wcm9ncmVzc2l2ZS5GQUNFQk9PSy4uQzMuMzYwLnN2ZV9zZCIsInhwdl9hc3NldF9pZCI6MTk3OTE0NDEyNjA1NDY5NywiYXNzZXRfYWdlX2RheXMiOjEwLCJ2aV91c2VjYXNlX2lkIjoxMDEyMiwiZHVyYXRpb25fcyI6NDYsInVybGdlbl9zb3VyY2UiOiJ3d3cifQ%3D%3D&ccb=17-1&_nc_gid=OTUu2WZjNO7Yb16ad0B3CQ&_nc_ss=7b2a8&_nc_map=urlgen_bucketless&_nc_zt=28&oh=00_Af9A12dBXww6wTzR3qKqQiWH-7-4M2oEYlUZlAt-T9gpTw&oe=6A43DB62&bitrate=473992&tag=sve_sd | https://scontent.fsgn5-14.fna.fbcdn.net/o1/v/t2/f2/m366/AQPsVfmESCHy1EwwEiJBq3glg9Ngst-HX8Xbw03934cMoxUKa772Be9-q4T82-gBlFJ3XZggAOYg-GoK47uT8qKwxzJfHkR4Mgr-moPRqaIhQw.mp4?_nc_cat=107&_nc_oc=AdqK7_MmTgcpI6RUr8Po155DXElTDfiSjZ_ViYdDdpAmLeWLst8xdU9KBVCZqbZ0tGSbyFlgaWYJPY8jB6ANvBo-&_nc_sid=5e9851&_nc_ht=scontent.fsgn5-14.fna.fbcdn.net&_nc_ohc=weboj4S0KgAQ7kNvwGglpem&efg=eyJ2ZW5jb2RlX3RhZyI6Inhwdl9wcm9ncmVzc2l2ZS5GQUNFQk9PSy4uQzMuNzIwLmRhc2hfaDI2NC1iYXNpYy1nZW4yXzcyMHAiLCJ4cHZfYXNzZXRfaWQiOjE5NzkxNDQxMjYwNTQ2OTcsImFzc2V0X2FnZV9kYXlzIjoxMCwidmlfdXNlY2FzZV9pZCI6MTAxMjIsImR1cmF0aW9uX3MiOjQ2LCJ1cmxnZW5fc291cmNlIjoid3d3In0%3D&ccb=17-1&vs=866815ec55aae60a&_nc_vs=HBksFQIYRWZiX2VwaGVtZXJhbC9DNTRFRjhGMEZDRkJGMTA1NjAyN0M2Q0MyQUFEODVCOF9tdF8xX3ZpZGVvX2Rhc2hpbml0Lm1wNBUAAsgBEgAVAhhAZmJfcGVybWFuZW50LzU2NDg3RDRBQTA4NTIxQjk4Mjg4MDczRDZENEVEQkE1X2F1ZGlvX2Rhc2hpbml0Lm1wNBUCAsgBEgAoABgAGwKIB3VzZV9vaWwBMRJwcm9ncmVzc2l2ZV9yZWNpcGUBMRUAACbShL7prIGEBxUCKAJDMywXQEczMzMzMzMYGWRhc2hfaDI2NC1iYXNpYy1nZW4yXzcyMHARAHUCZZSeAQA&_nc_gid=OTUu2WZjNO7Yb16ad0B3CQ&_nc_ss=7b2a8&_nc_map=urlgen_bucketless&_nc_zt=28&oh=00_Af-dzu0EcPMINsyqf_B-3OvzZsHUNjvXYhX2CssYIhxTnQ&oe=6A43B9AD&bitrate=1683160&tag=dash_h264-basic-gen2_720p | https://scontent.fsgn5-21.fna.fbcdn.net/v/t15.5256-10/724539652_1547598623440673_3306483432506714837_n.jpg?stp=dst-jpg_tt6&cstp=mx1080x1920&ctp=s960x960&_nc_cat=110&_nc_map=urlgen_bucketless&ccb=1-7&_nc_sid=50ce42&_nc_ohc=QZDuoIP5jWQQ7kNvwHphkGj&_nc_oc=AdrDGwAopm7Ne5MbShYbE_iIVoOG75jgyjesdYkt8WGuNPfHF05VshefiPhPs7ob-T_M3qtZZbeGn2lm-YbYqtAC&_nc_zt=23&_nc_ht=scontent.fsgn5-21.fna&_nc_gid=OTUu2WZjNO7Yb16ad0B3CQ&_nc_ss=7b2a8&oh=00_Af9aUYD-X2cgCGuGRTDgyZFhWjmJFipK69lkoR5tmn1VIw&oe=6A43EE07 | https://scontent.fsgn5-14.fna.fbcdn.net/v/t15.5256-10/724937324_1372018248115269_3818280603174965858_n.jpg?stp=dst-jpg_tt6&cstp=mx1000x1760&ctp=s1000x1760&_nc_cat=105&_nc_map=urlgen_bucketless&ccb=1-7&_nc_sid=06012f&_nc_ohc=-tMHEN4LEAYQ7kNvwESzIWt&_nc_oc=Ado70NEfNrSAn6TCIlmXGs3D-p__QRht0EDi8TQkVQp9NvnZyd4XinoJy5WA5ci4B9yfEdQntefNh_TTiYtTqqy4&_nc_zt=23&_nc_ht=scontent.fsgn5-14.fna&_nc_gid=OTUu2WZjNO7Yb16ad0B3CQ&_nc_ss=7b2a8&oh=00_Af897Uez0wAdK95h9JGkNjcIo0MfoFIJvupA8p9Bfkl5tA&oe=6A43C0BE,https://www.facebook.com/reel/1977968846255272/,10000
2026-06-15,"❤️ LAN TỎA YÊU THƯƠNG TỪ NHỮNG ĐIỀU GIẢN DỊ ❤️  Ngày 15/6/2026, những “chiến binh áo xanh” tại Bảo Việt Nhân thọ Đồng Tháp đã trao tặng 200 “Suất ăn yêu thương” tới bà con trên địa bàn, với mong muốn sẻ chia phần nào hơi ấm và niềm vui trong cuộc sống thường ngày.  💙 Mỗi suất ăn được trao đi không chỉ là sự hỗ trợ thiết thực, mà còn là tấm lòng thể hiện tinh thần tương thân tương ái mà Bảo Việt Nhân thọ dành cho cộng đồng.  #BaoVietNhantho",Bảo Việt Nhân Thọ,313,28,9,https://www.facebook.com/www.BaoVietNhanTho.com.vn,https://www.facebook.com/www.BaoVietNhanTho.com.vn/posts/pfbid02YYQPbF4jV7fwVyiMxf2UdFVkdcKy2NeXhe1BaiRKU5z1PyiY7EkLFd8d5zVmvdNql,1064860375864236,https://scontent.fsgn5-12.fna.fbcdn.net/v/t39.30808-6/724705763_1064860485864225_450152736663660645_n.jpg?stp=dst-jpg_tt6&cstp=mx2048x1536&ctp=p960x960&_nc_cat=110&_nc_map=urlgen_bucketless&ccb=1-7&_nc_sid=833d8c&_nc_ohc=ccqUhdLL488Q7kNvwE2bHdZ&_nc_oc=Adp7i4d3FnC7uIVvOdAPCoorMOaYpZjDs2l6RwjLEq3gG4LZyVk68405z8Kcf0mblJskRvC66wjwlDmDryyNZ6wW&_nc_zt=23&_nc_ht=scontent.fsgn5-12.fna&_nc_gid=OTUu2WZjNO7Yb16ad0B3CQ&_nc_ss=7b2a8&oh=00_Af99n-hcsfBsZMzS8LLP3bNP_oYONqKaEeY8ecNmTCVuXw&oe=6A43C756 | https://scontent.fsgn5-12.fna.fbcdn.net/v/t39.30808-6/724705763_1064860485864225_450152736663660645_n.jpg?stp=dst-jpg_tt6&cstp=mx2048x1536&ctp=s2048x1536&_nc_cat=110&_nc_map=urlgen_bucketless&ccb=1-7&_nc_sid=833d8c&_nc_ohc=ccqUhdLL488Q7kNvwE2bHdZ&_nc_oc=Adp7i4d3FnC7uIVvOdAPCoorMOaYpZjDs2l6RwjLEq3gG4LZyVk68405z8Kcf0mblJskRvC66wjwlDmDryyNZ6wW&_nc_zt=23&_nc_ht=scontent.fsgn5-12.fna&_nc_gid=OTUu2WZjNO7Yb16ad0B3CQ&_nc_ss=7b2a8&oh=00_Af99n-hcsfBsZMzS8LLP3bNP_oYONqKaEeY8ecNmTCVuXw&oe=6A43C756 | https://scontent.fsgn5-15.fna.fbcdn.net/v/t39.99422-6/724478788_1045449664658133_7976622250633644813_n.png?stp=dst-jpg_tt6&cstp=mx1179x1278&ctp=s1080x2048&_nc_cat=100&_nc_map=urlgen_bucketless&ccb=1-7&_nc_sid=833d8c&_nc_ohc=gldBknLAjFYQ7kNvwGdekbK&_nc_oc=Adocr05yA2lea6UpVXxRhVZVVcd4KT2UQRVlGBsAslaa7C_fA8BWbQjQtt2siREHorBzscsjTQMstd-UThLk0caK&_nc_zt=14&_nc_ht=scontent.fsgn5-15.fna&_nc_gid=OTUu2WZjNO7Yb16ad0B3CQ&_nc_ss=7b2a8&oh=00_Af_WZcNeb6OxRj6Ho1XckpeeylKt3sAo7y-FfnNO5h-tBQ&oe=6A43DAEB | https://scontent.fsgn5-15.fna.fbcdn.net/v/t39.99422-6/724478788_1045449664658133_7976622250633644813_n.png?stp=dst-jpg_tt6&cstp=mx1179x1278&ctp=s1179x1278&_nc_cat=100&_nc_map=urlgen_bucketless&ccb=1-7&_nc_sid=833d8c&_nc_ohc=gldBknLAjFYQ7kNvwGdekbK&_nc_oc=Adocr05yA2lea6UpVXxRhVZVVcd4KT2UQRVlGBsAslaa7C_fA8BWbQjQtt2siREHorBzscsjTQMstd-UThLk0caK&_nc_zt=14&_nc_ht=scontent.fsgn5-15.fna&_nc_gid=OTUu2WZjNO7Yb16ad0B3CQ&_nc_ss=7b2a8&oh=00_Af_WZcNeb6OxRj6Ho1XckpeeylKt3sAo7y-FfnNO5h-tBQ&oe=6A43DAEB | https://scontent.fsgn5-9.fna.fbcdn.net/v/t39.30808-6/721410868_1064860632530877_63639538951670273_n.jpg?stp=dst-jpg_tt6&cstp=mx1536x2048&ctp=p960x960&_nc_cat=108&_nc_map=urlgen_bucketless&ccb=1-7&_nc_sid=833d8c&_nc_ohc=FIUnxOOfWy0Q7kNvwEW8xne&_nc_oc=AdomMxZD4Zzkb5LcuxMAav76Is9fjnvsgwmYj7w9m--8pluL2CtqXO8xZVfr91dYou-iMwYiW9iK9mE0_Go6id1Z&_nc_zt=23&_nc_ht=scontent.fsgn5-9.fna&_nc_gid=OTUu2WZjNO7Yb16ad0B3CQ&_nc_ss=7b2a8&oh=00_Af-R_SU-n2F-gv8MtLPzAnoqlrAVOVOfVqGw1hiDf-E9dg&oe=6A43D579 | https://scontent.fsgn5-9.fna.fbcdn.net/v/t39.30808-6/721410868_1064860632530877_63639538951670273_n.jpg?stp=dst-jpg_tt6&cstp=mx1536x2048&ctp=s1536x2048&_nc_cat=108&_nc_map=urlgen_bucketless&ccb=1-7&_nc_sid=833d8c&_nc_ohc=FIUnxOOfWy0Q7kNvwEW8xne&_nc_oc=AdomMxZD4Zzkb5LcuxMAav76Is9fjnvsgwmYj7w9m--8pluL2CtqXO8xZVfr91dYou-iMwYiW9iK9mE0_Go6id1Z&_nc_zt=23&_nc_ht=scontent.fsgn5-9.fna&_nc_gid=OTUu2WZjNO7Yb16ad0B3CQ&_nc_ss=7b2a8&oh=00_Af-R_SU-n2F-gv8MtLPzAnoqlrAVOVOfVqGw1hiDf-E9dg&oe=6A43D579 | https://scontent.fsgn5-3.fna.fbcdn.net/v/t39.30808-6/725112571_1064860489197558_6166292662171460585_n.jpg?stp=dst-jpg_tt6&cstp=mx1536x2048&ctp=p960x960&_nc_cat=105&_nc_map=urlgen_bucketless&ccb=1-7&_nc_sid=833d8c&_nc_ohc=57ZEcoHIfLkQ7kNvwFYAPv7&_nc_oc=AdqCL5vJZWUa-dkaqAx77fjmUXAYZB_DlcgfHNm1TaRxkbAlnSuPlLY_KBxYPwvX83ZTwNAKABUA3350nPj6_9X_&_nc_zt=23&_nc_ht=scontent.fsgn5-3.fna&_nc_gid=OTUu2WZjNO7Yb16ad0B3CQ&_nc_ss=7b2a8&oh=00_Af9mmrwo5E9lUT72umKSzR6r7lbLoKS2uDgGv3GLkDF2Zw&oe=6A43D407 | https://scontent.fsgn5-3.fna.fbcdn.net/v/t39.30808-6/725112571_1064860489197558_6166292662171460585_n.jpg?stp=dst-jpg_tt6&cstp=mx1536x2048&ctp=s1536x2048&_nc_cat=105&_nc_map=urlgen_bucketless&ccb=1-7&_nc_sid=833d8c&_nc_ohc=57ZEcoHIfLkQ7kNvwFYAPv7&_nc_oc=AdqCL5vJZWUa-dkaqAx77fjmUXAYZB_DlcgfHNm1TaRxkbAlnSuPlLY_KBxYPwvX83ZTwNAKABUA3350nPj6_9X_&_nc_zt=23&_nc_ht=scontent.fsgn5-3.fna&_nc_gid=OTUu2WZjNO7Yb16ad0B3CQ&_nc_ss=7b2a8&oh=00_Af9mmrwo5E9lUT72umKSzR6r7lbLoKS2uDgGv3GLkDF2Zw&oe=6A43D407 | https://scontent.fsgn5-2.fna.fbcdn.net/v/t39.30808-6/722217363_1064860659197541_6072884337773129767_n.jpg?stp=dst-jpg_tt6&cstp=mx1536x2048&ctp=p960x960&_nc_cat=104&_nc_map=urlgen_bucketless&ccb=1-7&_nc_sid=833d8c&_nc_ohc=_nmxGz1MFgYQ7kNvwGqnH21&_nc_oc=Adr7uZqwibBlv_ag8tNzow7BNz36zWYz4nlEjS-xMYYoyhc6RRjOs0TivC-R46zH9JFxV8Yhf5ZxhIQVNxjYQ8aj&_nc_zt=23&_nc_ht=scontent.fsgn5-2.fna&_nc_gid=OTUu2WZjNO7Yb16ad0B3CQ&_nc_ss=7b2a8&oh=00_Af9G26oPqF-L-ShDm-4f20kkFNTwPYl-ws9dIe-sWlIaOA&oe=6A43D0C1 | https://scontent.fsgn5-2.fna.fbcdn.net/v/t39.30808-6/722217363_1064860659197541_6072884337773129767_n.jpg?stp=dst-jpg_tt6&cstp=mx1536x2048&ctp=s1536x2048&_nc_cat=104&_nc_map=urlgen_bucketless&ccb=1-7&_nc_sid=833d8c&_nc_ohc=_nmxGz1MFgYQ7kNvwGqnH21&_nc_oc=Adr7uZqwibBlv_ag8tNzow7BNz36zWYz4nlEjS-xMYYoyhc6RRjOs0TivC-R46zH9JFxV8Yhf5ZxhIQVNxjYQ8aj&_nc_zt=23&_nc_ht=scontent.fsgn5-2.fna&_nc_gid=OTUu2WZjNO7Yb16ad0B3CQ&_nc_ss=7b2a8&oh=00_Af9G26oPqF-L-ShDm-4f20kkFNTwPYl-ws9dIe-sWlIaOA&oe=6A43D0C1,,
2026-06-13,"TƯƠNG LAI AN TÂM LÀ TƯƠNG LAI VỮNG VÀNG  🍀 Khi lựa chọn bảo hiểm nhân thọ, đích đến của chúng ta không chỉ dừng lại ở một lá chắn tài chính vững vàng trước rủi ro, mà sâu sắc hơn, là mong muốn kiến tạo một cuộc sống thịnh vượng và tốt đẹp hơn cho thế hệ mai sau.  Đó cũng chính là triết lý được Bảo Việt Nhân thọ gửi gắm qua chương trình tri ân ""Trọn Vạn Dặm An"" – nơi những giải pháp bảo vệ hòa cùng nhịp sống hiện đại và năng động của thời đại mới:  🚗🛵 Ô tô & Xe máy điện VinFast (VF6, VF3, Evo 200 Lite): Giải pháp di chuyển thông minh, tiết kiệm và phù hợp hoàn hảo với nhịp sống hiện đại. 🎾 Bộ quà tặng Pickleball cao cấp: Khơi dậy tinh thần thể thao, chủ động rèn luyện và chăm sóc sức khỏe mỗi ngày.  Sự chuẩn bị cho tương lai luôn cần một tầm nhìn toàn diện: bắt đầu bằng giải pháp tài chính chu toàn hôm nay, và tiếp nối bằng những lựa chọn văn minh cho ngày mai. 👉 Xem ngay chi tiết thể lệ chương trình: https://bit.ly/TronVanDamAn_fb Trọn Vạn Dặm An - Bắt đầu từ hôm nay! #BaoVietNhantho #TronVungvang #TronVanDamAn",Bảo Việt Nhân Thọ,74,20,1,https://www.facebook.com/www.BaoVietNhanTho.com.vn,https://www.facebook.com/www.BaoVietNhanTho.com.vn/posts/pfbid0PxxFpYna2w5zHUL5sKVvBaJWfB7DQtJmAxfEsZkpL2DQuBUhza6XogGnGXRCvdXfl,1062839396066334,https://scontent.fsgn5-21.fna.fbcdn.net/v/t39.99422-6/723838781_2393368698177467_4612834719788989918_n.png?stp=dst-jpg_tt6&cstp=mx1898x1898&ctp=s1080x2048&_nc_cat=111&_nc_map=urlgen_bucketless&ccb=1-7&_nc_sid=127cfc&_nc_ohc=WQ0PKfxmPLUQ7kNvwEh1CM1&_nc_oc=Adpq_rwAeMshH2QLbkG8vAZfD4WRP_X45a0wSd2WwbJ48IJ0h21c_wAnkpq3QHfClrDsizhUEdW25pjOkL_kIJZe&_nc_zt=14&_nc_ht=scontent.fsgn5-21.fna&_nc_gid=OTUu2WZjNO7Yb16ad0B3CQ&_nc_ss=7b2a8&oh=00_Af9oriFDP7GeDAaFJncYN4cpqrphWWx8qA2zU0LRvtoUyg&oe=6A43BA72,,
2026-06-12,"MỘT HÀNH TRÌNH VẠN DẶM, LUÔN CẦN SỰ CHUẨN BỊ ""AN"" ✨  Không ai bắt đầu một hành trình dài mà không mang theo hành trang vững chãi. Cuộc sống cũng vậy, mỗi dự định cho tương lai và gia đình đều cần một nền tảng vững vàng để chúng ta an tâm tiến bước.  Đó cũng chính là ý nghĩa mà chương trình ""Trọn Vạn Dặm An"" muốn gửi gắm: 💖 ""Trọn"" là sự chở che vẹn toàn, chăm sóc cho cả gia đình từ những bước đi đầu tiên. 🚀 ""Vạn dặm"" là hành trình tương lai dài rộng, mở ra biết bao cơ hội và trải nghiệm phía trước. 🛡️ ""An"" là sự vững tâm trọn vẹn, là điểm tựa tài chính vững vàng trên từng chặng đường ta qua.  Chủ động chuẩn bị hôm nay không chỉ là xây dựng kế hoạch bảo vệ toàn diện cho những người thân yêu, mà còn mang lại sự an lòng để tận hưởng trọn vẹn mỗi khoảnh khắc. Bởi mọi hành trình dài đều bắt đầu từ một quyết định đúng đắn.  #BaoVietNhantho #TronVungvang #TronVanDamAn",Bảo Việt Nhân Thọ,91,24,1,https://www.facebook.com/www.BaoVietNhanTho.com.vn,https://www.facebook.com/www.BaoVietNhanTho.com.vn/posts/pfbid037Wg1wC7Z5VrNQn8nMxJSnxmTckmKds1jj9is73RjMBnRqz5rtE7UfzTpQL84eQFel,1062018846148389,https://scontent.fsgn5-22.fna.fbcdn.net/v/t39.99422-6/721516670_27391109757184533_8446277370989631976_n.png?stp=dst-jpg_tt6&cstp=mx2048x2048&ctp=s1080x2048&_nc_cat=111&_nc_map=urlgen_bucketless&ccb=1-7&_nc_sid=127cfc&_nc_ohc=jHm8ik1bilcQ7kNvwGStSeM&_nc_oc=Adr6odmSy_rOIi8F9Evqf9_nAnYQHB8e3PK1umcWNEaS1zhdmN1avurdd1n3Lzg5aw1-WHkiI7p6sqj03weJnaMa&_nc_zt=14&_nc_ht=scontent.fsgn5-22.fna&_nc_gid=I8B342dNQzCF6Qelge4G5A&_nc_ss=7b2a8&oh=00_Af_44fMXkHWURIxtwYKFsTEhF6uhXwJ3EAMiuf1ydhdz-w&oe=6A43E868,,
2026-06-11,"🍀 Chúc các sĩ tử bước vào kỳ thi với tâm thế vững vàng, tự tin và quyết tâm cao nhất - Vững tin chinh phục kỳ thi!  Bảo Việt Nhân thọ đồng hành cùng các lực lượng tiếp sức mùa thi, góp phần tạo nên một kỳ thi an toàn, thuận lợi và tiếp thêm động lực cho các sĩ tử.  #TronVanDamAn #TronVungvang #BaoVietNhantho",Bảo Việt Nhân Thọ,168,33,2,https://www.facebook.com/www.BaoVietNhanTho.com.vn,https://www.facebook.com/www.BaoVietNhanTho.com.vn/posts/pfbid02XDr9gQdpYGy3xDp7naLMQFGLf1ihBbXsjKWabXuDWbAxEwcZH8QPiwtEs1PuDBhFl,1061251162891824,https://scontent.fsgn5-8.fna.fbcdn.net/v/t39.99422-6/722956502_1386910556595697_645676604466043670_n.png?stp=dst-jpg_tt6&cstp=mx2000x2000&ctp=s2000x2000&_nc_cat=111&_nc_map=urlgen_bucketless&ccb=1-7&_nc_sid=127cfc&_nc_ohc=3xtqg9ylv0YQ7kNvwGA7tVt&_nc_oc=Adqrm3pyfNe7Dr-6R5YnaIWo5FpmnnYP4Zqdc95aQ2NXFar69QfnFfMncQcPx39FJ_9FEV7V9plwQmpInaHm6Cwi&_nc_zt=14&_nc_ht=scontent.fsgn5-8.fna&_nc_gid=I8B342dNQzCF6Qelge4G5A&_nc_ss=7b2a8&oh=00_Af_y6Yrs09nMT7PvvcVdL1173CGh4iJvzq3wDQrtTJsytg&oe=6A43DDAD | https://scontent.fsgn5-5.fna.fbcdn.net/v/t39.99422-6/722131864_1031171069567107_2729974288284023993_n.png?stp=dst-jpg_tt6&cstp=mx2048x1536&ctp=p960x960&_nc_cat=100&_nc_map=urlgen_bucketless&ccb=1-7&_nc_sid=127cfc&_nc_ohc=7mlw6DctZgkQ7kNvwHYLof-&_nc_oc=AdpolgwjCYoy_4M_xSRAbzmatCh2H0wpU_eQh1EleGXPlL9Ag9LwIZB6eIlKmCru8X9kUHgbwAxAGHSG26aEioi3&_nc_zt=14&_nc_ht=scontent.fsgn5-5.fna&_nc_gid=I8B342dNQzCF6Qelge4G5A&_nc_ss=7b2a8&oh=00_Af_ouhx2Mkx7r58PPWcNEddQvB89frTHTeaqenIFuwZDcQ&oe=6A43D3D6 | https://scontent.fsgn5-5.fna.fbcdn.net/v/t39.99422-6/722131864_1031171069567107_2729974288284023993_n.png?stp=dst-jpg_tt6&cstp=mx2048x1536&ctp=s2048x1536&_nc_cat=100&_nc_map=urlgen_bucketless&ccb=1-7&_nc_sid=127cfc&_nc_ohc=7mlw6DctZgkQ7kNvwHYLof-&_nc_oc=AdpolgwjCYoy_4M_xSRAbzmatCh2H0wpU_eQh1EleGXPlL9Ag9LwIZB6eIlKmCru8X9kUHgbwAxAGHSG26aEioi3&_nc_zt=14&_nc_ht=scontent.fsgn5-5.fna&_nc_gid=I8B342dNQzCF6Qelge4G5A&_nc_ss=7b2a8&oh=00_Af_ouhx2Mkx7r58PPWcNEddQvB89frTHTeaqenIFuwZDcQ&oe=6A43D3D6 | https://scontent.fsgn5-21.fna.fbcdn.net/v/t39.99422-6/720919510_1546456243765754_7651523524889947644_n.png?stp=dst-jpg_tt6&cstp=mx1280x960&ctp=s1280x960&_nc_cat=101&_nc_map=urlgen_bucketless&ccb=1-7&_nc_sid=127cfc&_nc_ohc=pHxuitfG26QQ7kNvwGw4xUt&_nc_oc=Ado8RY6o4vxmsA27aXjG5LG5AJQsVT_x083wxjsuiq3i2VPLZZkLMQDajpOP0d38y41LMqEks8fm-76Ipv8RxlNb&_nc_zt=14&_nc_ht=scontent.fsgn5-21.fna&_nc_gid=I8B342dNQzCF6Qelge4G5A&_nc_ss=7b2a8&oh=00_Af9XuzjrJQaUIA4YQScEKMCbHbp5upvP__mYVeoScS2yjg&oe=6A43DAAC | https://scontent.fsgn5-9.fna.fbcdn.net/v/t39.99422-6/721861452_1992345268049990_2907972413903621581_n.png?stp=dst-jpg_tt6&cstp=mx1276x956&ctp=s1276x956&_nc_cat=106&_nc_map=urlgen_bucketless&ccb=1-7&_nc_sid=127cfc&_nc_ohc=3iKq-zHMOVwQ7kNvwGyDKw4&_nc_oc=Ado6JRVbVe61Z93pQO58uVTMzKH75vEZgaKQKNmYIRUK-c906W3pMYNYHxKmiyZzrRCujLLqQFHD3c6kXfwAha7g&_nc_zt=14&_nc_ht=scontent.fsgn5-9.fna&_nc_gid=I8B342dNQzCF6Qelge4G5A&_nc_ss=7b2a8&oh=00_Af_ia4_nKRnHmC2iPzyJB1fRh16aLkxdBmmMXsaWaWXzeg&oe=6A43DD84 | https://scontent.fsgn5-12.fna.fbcdn.net/v/t39.99422-6/720435696_1041302978561313_3483038557488871650_n.png?stp=dst-jpg_tt6&cstp=mx2048x1536&ctp=p960x960&_nc_cat=107&_nc_map=urlgen_bucketless&ccb=1-7&_nc_sid=127cfc&_nc_ohc=qP35qPkT178Q7kNvwF7puNd&_nc_oc=Adrwrx9s9UDhZnb0kLLt1o2Kfig9PRDMg-6Qa8eh0mdoYhSEH3d6kEEFJA7wmYvHjLoQXHfQw8iXKmvgBOWJV-rY&_nc_zt=14&_nc_ht=scontent.fsgn5-12.fna&_nc_gid=I8B342dNQzCF6Qelge4G5A&_nc_ss=7b2a8&oh=00_Af_owL74_yUZEU5d4zjGDu2leLkRstTMU4cpc2-OdjDfBw&oe=6A43C429 | https://scontent.fsgn5-12.fna.fbcdn.net/v/t39.99422-6/720435696_1041302978561313_3483038557488871650_n.png?stp=dst-jpg_tt6&cstp=mx2048x1536&ctp=s2048x1536&_nc_cat=107&_nc_map=urlgen_bucketless&ccb=1-7&_nc_sid=127cfc&_nc_ohc=qP35qPkT178Q7kNvwF7puNd&_nc_oc=Adrwrx9s9UDhZnb0kLLt1o2Kfig9PRDMg-6Qa8eh0mdoYhSEH3d6kEEFJA7wmYvHjLoQXHfQw8iXKmvgBOWJV-rY&_nc_zt=14&_nc_ht=scontent.fsgn5-12.fna&_nc_gid=I8B342dNQzCF6Qelge4G5A&_nc_ss=7b2a8&oh=00_Af_owL74_yUZEU5d4zjGDu2leLkRstTMU4cpc2-OdjDfBw&oe=6A43C429,,
2026-06-11,"KHI MỘT NGƯỜI NẰM VIỆN, CẢ GIA ĐÌNH ĐỀU PHẢI ĐIỀU CHỈNH KẾ HOẠCH   Một đợt điều trị nội trú không chỉ ảnh hưởng tới người bệnh mà còn trực tiếp tác động đến cả gia đình. Không chỉ là thời gian, công việc bị gián đoạn để chăm sóc, quý khách còn phải đối mặt với những chi phí phát sinh vô hình bên ngoài hóa đơn viện phí.  🍀 Để những ngày nằm viện không trở thành gánh nặng, sản phẩm bán kèm Trợ cấp viện phí và phẫu thuật của Bảo Việt Nhân thọ mang đến nguồn hỗ trợ tài chính thiết thực và chủ động: 👉 Trợ cấp nằm viện: Chi trả theo số ngày điều trị thực tế. 👉 Trợ cấp đặc biệt: Nhân đôi điểm tựa khi điều trị tại Khoa chăm sóc tích cực (ICU). 👉 Hỗ trợ khẩn cấp: Chi trả chi phí vận chuyển cấp cứu trong trường hợp cần thiết.  Khoản trợ cấp được chi trả độc lập với chi phí y tế thực tế, giúp gia đình bù đắp thu nhập thiếu hụt và an tâm đồng hành cùng người thân vượt qua giai đoạn khó khăn. ---------------------- ✨ Đặc biệt: Tham gia Bảo Việt Nhân thọ ngay tháng này để kiến tạo tấm lá chắn vững vàng cho tương lai, đồng thời sở hữu cơ hội trúng Ô tô, Xe máy điện VinFast thời thượng cùng hàng ngàn giải thưởng giá trị từ chương trình ""Trọn vạn dặm an""! #TronVanDamAn #TronVungvang #BaoVietNhantho",Bảo Việt Nhân Thọ,143,48,6,https://www.facebook.com/www.BaoVietNhanTho.com.vn,https://www.facebook.com/www.BaoVietNhanTho.com.vn/posts/pfbid0KnBLQnNURpL1rjeQ4LFa2fLjiG9UYGnDss6MuzRZk9ZTzfegFt5VwvFFTEd5pT6bl,1061162176234056,https://scontent.fsgn5-14.fna.fbcdn.net/v/t39.99422-6/722384703_745154465346233_4082282854179584885_n.png?stp=dst-jpg_tt6&cstp=mx2048x2048&ctp=s1080x2048&_nc_cat=102&_nc_map=urlgen_bucketless&ccb=1-7&_nc_sid=127cfc&_nc_ohc=EQrk8hZSQzYQ7kNvwEX5OH7&_nc_oc=AdpEKNz_PFrZ1tpg-qT2zERy-67uy4ErOIRcGsVbnU_akP4zqifLL3aoMcIW2pMFgxTtD0OmGGhIIBmMwtydhdgs&_nc_zt=14&_nc_ht=scontent.fsgn5-14.fna&_nc_gid=I8B342dNQzCF6Qelge4G5A&_nc_ss=7b2a8&oh=00_Af9incQcjabbwtXmv09SyeCXjvmL5eSkrSOVRLoT-3AR2g&oe=6A43DB16,,
2026-06-10,"MỘT HỢP ĐỒNG – NHIỀU GIÁ TRỊ  Khi tham gia bảo hiểm nhân thọ, đích đến đầu tiên của mỗi khách hàng luôn là tấm lá chắn bảo vệ vững vàng cho gia đình. Với chương trình tri ân ""Trọn Vạn Dặm An"", một quyết định thấu đáo hôm nay còn mang lại nhiều giá trị hơn thế.  🚗 3 xe Ô tô VinFast VF6  🚗 9 xe VinFast VF3 thời thượng. 🛵 Xe máy điện VinFast Evo Grand năng động. 🎾 Bộ quà tặng Pickleball cao cấp xu hướng.  Giá trị cốt lõi của bảo hiểm nhân thọ không chỉ nằm ở một khoảnh khắc may mắn, mà là sự đồng hành bền vững, giúp bạn làm chủ mọi hành trình tương lai. Hãy để mỗi chặng đường phía trước của gia đình luôn trọn vẹn và an tâm nhất.  👉 Xem ngay chi tiết thể lệ chương trình: https://bit.ly/TronVanDamAn_fb Trọn Vạn Dặm An - Bắt đầu từ hôm nay! #TronVungvang #BaoVietNhantho #TronVanDamAn",Bảo Việt Nhân Thọ,196,86,3,https://www.facebook.com/www.BaoVietNhanTho.com.vn,https://www.facebook.com/www.BaoVietNhanTho.com.vn/posts/pfbid0zJQ7pxjo1iJUVB5cnLS6LR7PduwDc2di7CZdmihpWAfCCDoMfPm3MU6owVLrD2LHl,1060496916300582,https://scontent.fsgn5-7.fna.fbcdn.net/v/t39.99422-6/719883815_865673719372653_5088308926253612457_n.png?stp=dst-jpg_tt6&cstp=mx1254x1254&ctp=s1080x2048&_nc_cat=100&_nc_map=urlgen_bucketless&ccb=1-7&_nc_sid=127cfc&_nc_ohc=8SwVKaU8d1YQ7kNvwGQvw6p&_nc_oc=AdrdXWphBOpZ7Ke3TWivIiAIznMQmepGeljId9LCNwMQvEyEwtBPHJfSC4kwe54eTA4TlYwo5bym1MphR3u7HgZJ&_nc_zt=14&_nc_ht=scontent.fsgn5-7.fna&_nc_gid=rcsytyngEXWYoy4ejlLGSw&_nc_ss=7b2a8&oh=00_Af8bAEtatcH9giQXIOxf62EuteBTjeEOmIlsw0GnBAN_Kg&oe=6A43CC05,,
2026-06-09,"“ĐỂ TUẦN SAU ĐI KHÁM” – CUỘC HẸN DỄ BỊ TRÌ HOÃN NHẤT CỦA NGƯỜI TRƯỞNG THÀNH  Giữa bộn bề công việc và trách nhiệm gia đình, một cuộc hẹn với bác sĩ thường vô tình bị xếp sau cùng để chờ đến khi bớt bận. Tuy nhiên, sức khỏe là tài sản không nên trì hoãn, và sự bận rộn không nên trở thành rào cản ngăn bạn chủ động chăm sóc bản thân.  Thấu hiểu điều đó, An vui sống khỏe + của BVNT mang đến những giải pháp tối ưu hóa thời gian, chi phí, giúp người bận rộn dễ dàng đi khám ngay khi cần thiết: 👉 Quyền lợi ngoại trú: thanh toán chi phí khám bệnh, tiền thuốc các kỹ thuật chẩn đoán. 👉 Quyền lợi bảo lãnh viện phí: được áp dụng tại gần 300 cơ sở khám chữa bệnh trên toàn quốc.  Đừng để sự bận rộn làm trì hoãn việc chăm sóc sức khỏe cho chính bản thân mình. Hãy để An Vui Sống Khỏe+ đồng hành cùng bạn hiện thực hóa những cuộc hẹn chăm sóc sức khỏe kịp thời ngay hôm nay.  --------------------------- Đặc biệt: Tham gia Bảo Việt Nhân thọ ngay tháng này để kiến tạo tấm lá chắn vững vàng cho tương lai, đồng thời sở hữu cơ hội trúng Ô tô, Xe máy điện VinFast thời thượng cùng hàng ngàn giải thưởng giá trị từ chương trình ""Trọn vạn dặm an""! #TronVungvang #BaoVietNhantho #TronVanDamAn #AnVuiSongKhoe",Bảo Việt Nhân Thọ,64,21,0,https://www.facebook.com/www.BaoVietNhanTho.com.vn,https://www.facebook.com/www.BaoVietNhanTho.com.vn/posts/pfbid0G3wftjdp6fNEnS3H4RiBi8Xis8aYsZnMN1heXtnaoFfDW7CqXA6EbPesEpuLMNJml,1059466009737006,https://scontent.fsgn5-1.fna.fbcdn.net/v/t39.99422-6/718792989_988001597337847_1761943502447834199_n.png?stp=dst-jpg_tt6&cstp=mx1241x1241&ctp=s1080x2048&_nc_cat=100&_nc_map=urlgen_bucketless&ccb=1-7&_nc_sid=127cfc&_nc_ohc=id7k0JUhx5cQ7kNvwEsJdQ5&_nc_oc=AdoUuLGV-RNtmVSuQDr83PgEVhN0T2NiXVVibV-nNue42duBNSR4z1x7bpTwSZqw0gGUPcPGoVr7tTacS7mLRK7r&_nc_zt=14&_nc_ht=scontent.fsgn5-1.fna&_nc_gid=rcsytyngEXWYoy4ejlLGSw&_nc_ss=7b2a8&oh=00_Af_Pic_ccRdrG0C8VcUftj_WRdEJ3_Qu2bc03fwV_LbWsA&oe=6A43E742,,
2026-06-08,"9 CHIẾC Ô TÔ VINFAST: CƠ HỘI NGAY TRONG TẦM TAY! Cơ hội để trở thành một trong những chủ nhân may mắn sở hữu 09 chiếc ô tô VinFast thời thượng từ chương trình ""Trọn Vạn Dặm An""!  🍀 Nhân cột mốc 30 năm đồng hành và bảo vệ hàng triệu gia đình Việt, Bảo Việt Nhân thọ mang đến chương trình tri ân quy mô lớn với dàn ""xế hộp"" cực khủng:  🎁 03 xe VinFast VF6 – Thời thượng và tiện nghi  🎁 06 xe VinFast VF3 – Năng động và cá tính  Tấm vé may mắn hoàn toàn có thể thuộc về chính bạn. Đừng bỏ lỡ cơ hội nhận ""quà kép"" – vừa an tâm bảo vệ gia đình trước mọi rủi ro, vừa có cơ hội rinh xe sang về nhà!  👉 Xem ngay chi tiết thể lệ chương trình: https://bit.ly/TronVanDamAn_fb Trọn Vạn Dặm An - Bắt đầu từ hôm nay! #TronVungvang #BaoVietNhantho #TronVanDamAn",Bảo Việt Nhân Thọ,126,53,7,https://www.facebook.com/www.BaoVietNhanTho.com.vn,https://www.facebook.com/www.BaoVietNhanTho.com.vn/posts/pfbid02LXRdy3zAUHqyHGGsnMg9Q62NUbrvmXA1mGCVsj7wEi6f2cXSShMJQrxr8YKc4ZEal,1058652126485061,https://scontent.fsgn5-7.fna.fbcdn.net/v/t39.99422-6/718014516_1459060502643694_9051081229705978082_n.png?stp=dst-jpg_tt6&cstp=mx1241x1241&ctp=s1080x2048&_nc_cat=106&_nc_map=urlgen_bucketless&ccb=1-7&_nc_sid=127cfc&_nc_ohc=ASvqnnrvLlIQ7kNvwGPBTKY&_nc_oc=Adr5yrifiHytRB5bxFfcvwfjU9ZfEThttLHxS4R_pJZmeDhNk07xRebiMav4dPaA6sx9tVgjznjwyyMuI75cR141&_nc_zt=14&_nc_ht=scontent.fsgn5-7.fna&_nc_gid=rcsytyngEXWYoy4ejlLGSw&_nc_ss=7b2a8&oh=00_Af-K1-fu-QE0dsODYyXrYmw7JQyXvkythTFn3VHD8whGEA&oe=6A43EC4C,,
2026-06-05,"🔥 MINIGAME: THỬ TÀI TINH Ý – RINH QUÀ NHƯ Ý  Trong không khí hân hoan mừng cột mốc 30 năm và ra mắt chương trình tri ân lớn nhất năm ""Trọn Vạn Dặm An"", cùng Bảo Việt Nhân thọ tham gia minigame thú vị – xem kỹ, trả lời nhanh, rinh quà liền tay!  ❓ Câu hỏi minigame: Theo 2 người vợ trong video, Bộ quà túi và vợt Pickleball của chương trình mang họa tiết gì biểu tượng cho tinh thần Việt?  🎬 Cách tham gia cực đơn giản: 👉 Bước 1: Like và theo dõi Fanpage Bảo Việt Nhân thọ. 👉 Bước 2: Xem & Like video Chương trình tri ân “Trọn Vạn Dặm An” (link video ở phần bình luận) 👉 Bước 3: Bình luận theo cú pháp: [Đáp án câu hỏi] + tag 02 người bạn + 01 số may mắn từ 0–999  🎁 05 phần quà sẽ được trao theo thứ tự ưu tiên: (1) Câu trả lời đúng (2) Số may mắn trùng/gần đáp án (3) Thời gian trả lời sớm hơn  ⏰ Thời gian tham gia: Đến hết ngày 7/6/2026. 📌 Lưu ý: Mỗi tài khoản được tham gia nhiều lần để tăng cơ hội nhận quà.  💙 Nhanh tay tham gia, rủ bạn bè cùng khám phá video “Trọn Vạn Dặm An” để rinh quà từ  Bảo Việt Nhân thọ!  #BaoVietNhantho #TronVanDamAn",Bảo Việt Nhân Thọ,274,124,412,https://www.facebook.com/www.BaoVietNhanTho.com.vn,https://www.facebook.com/www.BaoVietNhanTho.com.vn/posts/pfbid0EAWpKfPdsWoRXsfLHKnhuUoXXmvJi6SC86u7LA7TdnFDXEYpwAwAXXKj5yaeerwSl,1056205553396385,https://scontent.fsgn5-9.fna.fbcdn.net/v/t39.30808-6/711946482_1056205140063093_4463951335015032629_n.jpg?stp=dst-jpg_tt6&cstp=mx1241x1241&ctp=s1080x2048&_nc_cat=108&_nc_map=urlgen_bucketless&ccb=1-7&_nc_sid=127cfc&_nc_ohc=Y168ncS3myIQ7kNvwFIOZYZ&_nc_oc=Ado59NneGrJYKW8OQ3aGjF17Rg2iTcBrhUpmSAOu-FdKuyqtV-mzTyqMNZBKQ4hUJfh6GjVtE5qjbVWy3uygfOLb&_nc_zt=23&_nc_ht=scontent.fsgn5-9.fna&_nc_gid=OcSiPxD_WK75qJehb2WYiQ&_nc_ss=7b2a8&oh=00_Af_JwX6btQYpJXw6yazQze8SF-DyOMghLBnTdG4obC-7CA&oe=6A43C70D,,
2026-06-04,"🌿 CHÚC MỪNG NGÀY MÔI TRƯỜNG THẾ GIỚI 05/06   Mỗi hành động nhỏ hôm nay, từ tiết kiệm điện đến lựa chọn phương tiện thân thiện với môi trường, đều góp phần xây dựng một môi trường sống tốt hơn.  💙 Hưởng ứng Ngày Môi trường Thế giới, Bảo Việt Nhân thọ mong muốn lan tỏa tinh thần sống xanh, bảo vệ sớm vì cộng đồng và thế hệ tương lai.  🎉 Đặc biệt, với chương trình tri ân “Trọn Vạn Dặm An” kỷ niệm 30 năm Bảo Việt Nhân thọ, khách hàng không chỉ được bảo vệ vững vàng, mà còn có cơ hội sở hữu những phương tiện di chuyển xanh hiện đại như Ô tô điện VinFast VF3, VF6 và Xe máy điện VinFast!  #BaoVietNhantho #TronVanDamAn",Bảo Việt Nhân Thọ,73,18,1,https://www.facebook.com/www.BaoVietNhanTho.com.vn,https://www.facebook.com/www.BaoVietNhanTho.com.vn/posts/pfbid02o7h1w8MSubk9iFWQaQk4Fxf2aASMd1pPYEaTN98BLMmcQuwdBcq6WuPzwzDotmUAl,1055947003422240,https://scontent.fsgn5-22.fna.fbcdn.net/v/t39.30808-6/714599630_1055737870109820_3373338563924676154_n.jpg?stp=dst-jpg_tt6&cstp=mx1241x1241&ctp=s1080x2048&_nc_cat=102&_nc_map=urlgen_bucketless&ccb=1-7&_nc_sid=833d8c&_nc_ohc=gxRy82OBBOoQ7kNvwGmm_dY&_nc_oc=AdoTW0fwJca7dNpqRlh3E8H5Fd-hcgStPpOzIvkbz_O0m4hJCN8S6i1ln3bkUdvbRO_vTK9uK2Yq9NBgoLFp3TrG&_nc_zt=23&_nc_ht=scontent.fsgn5-22.fna&_nc_gid=OcSiPxD_WK75qJehb2WYiQ&_nc_ss=7b2a8&oh=00_Af9wdhXR72QNYzPPKE75retHW-m1VT85AEPgup7SnHAkcA&oe=6A43B908,,
2026-06-04,"🔥 TUẦN LỄ VÀNG – THAM GIA 1 HỢP ĐỒNG, HƯỞNG KÉP ƯU ĐÃI 🔥  Từ nay đến hết ngày 15/06/2026 là giai đoạn đặc biệt khi khách hàng tham gia bảo hiểm tại Bảo Việt Nhân thọ có cơ hội nhận quyền lợi từ cả hai chương trình tri ân lớn.  🚗 Với Trọn Vạn Dặm An, khách hàng có cơ hội tham gia quay thưởng hệ sinh thái xe điện VinFast gồm VinFast VF6, VinFast VF3 và VinFast Evo Grand. Bên cạnh đó, khách hàng đủ điều kiện còn được nhận bộ quà tặng Túi và vợt Pickleball cao cấp.  🎁 Với Trọn Lễ An Vui, khách hàng sẽ nhận thêm quà tặng độc quyền là Túi da cao cấp họa tiết trống đồng hoặc Combo quà tặng tiện ích dành cho cuộc sống thường ngày.  Một kế hoạch bảo vệ cho tương lai, cùng lúc nhận thêm nhiều giá trị thiết thực dành cho bản thân và gia đình.  ⏳ Cơ hội hưởng đồng thời cả hai chương trình chỉ kéo dài đến hết ngày 15/06/2026. #BaoVietNhantho #TronVungvang #TronVanDamAn",Bảo Việt Nhân Thọ,146,63,7,https://www.facebook.com/www.BaoVietNhanTho.com.vn,https://www.facebook.com/www.BaoVietNhanTho.com.vn/posts/pfbid02vmJUtN5ywdrUQm9xd1pqB321VBWuWmwyS6kSJM7HXFF5FKY8XqicVk5Jy1Ed49Jil,1055104066839867,https://scontent.fsgn5-10.fna.fbcdn.net/v/t39.30808-6/710497597_1055103940173213_1540618737880873235_n.jpg?stp=dst-jpg_tt6&cstp=mx1241x1241&ctp=s1080x2048&_nc_cat=111&_nc_map=urlgen_bucketless&ccb=1-7&_nc_sid=833d8c&_nc_ohc=nknkO5eHVcgQ7kNvwFYjL8O&_nc_oc=AdpmkDjOIw1iPrmAANDUAzqxJkveeIaz4shtIvOBoeGc4uaVlCbIcDQaT3BBJ3GViHwjhiAtLQyqzlWpd3JUlpQF&_nc_zt=23&_nc_ht=scontent.fsgn5-10.fna&_nc_gid=OcSiPxD_WK75qJehb2WYiQ&_nc_ss=7b2a8&oh=00_Af8jhy7clPETPK0Q7IxMW6KlRbUivgFxkwSD8xnA7f_p4w&oe=6A43C919,,
2026-06-03,"🎉 TRI ÂN 30 NĂM ĐỒNG HÀNH – 5.000 BỘ QUÀ TẶNG TÚI VÀ VỢT PICKLEBALL DÀNH TẶNG KHÁCH HÀNG  Nhân dịp kỷ niệm 30 năm thành lập, Bảo Việt Nhân thọ triển khai chương trình tri ân ""Trọn Vạn Dặm An"" như lời cảm ơn chân thành gửi tới những khách hàng đã tin tưởng và đồng hành cùng chúng tôi trên hành trình xây dựng tương lai an tâm, vững vàng.  🎁 5.000 bộ quà tặng Túi và Vợt Pickleball cao cấp đã sẵn sàng dành cho khách hàng tham gia hợp đồng mới.  Pickleball là môn thể thao được yêu thích bởi những người lựa chọn lối sống chủ động: giữ gìn sức khỏe, duy trì năng lượng tích cực và không ngừng chuẩn bị cho tương lai. Đó cũng chính là tinh thần mà Bảo Việt Nhân thọ luôn hướng tới trong suốt 30 năm qua. Bởi một tương lai vững vàng luôn bắt đầu từ những lựa chọn chủ động hôm nay.  ✔️ Áp dụng cho khách hàng tham gia hợp đồng mới có phí bảo hiểm hàng năm từ 22 triệu đồng và đáp ứng điều kiện chương trình. 👉 Xem ngay chi tiết thể lệ chương trình: https://bit.ly/TronVanDamAn_fb Trọn Vạn Dặm An - Bắt đầu từ hôm nay! #TronVungvang #BaoVietNhantho #TronVanDamAn",Bảo Việt Nhân Thọ,134,41,2,https://www.facebook.com/www.BaoVietNhanTho.com.vn,https://www.facebook.com/www.BaoVietNhanTho.com.vn/posts/pfbid02npDYghbWNFMf6Zgq6yX8qzfQvAVgxDuu7qP9L7dCW9CoCw69h7jwykEEp4amj7Ybl,1054219053595035,https://scontent.fsgn5-11.fna.fbcdn.net/v/t39.30808-6/711848093_1054218953595045_6817422922938621351_n.jpg?stp=dst-jpg_tt6&cstp=mx2048x2048&ctp=s1080x2048&_nc_cat=109&_nc_map=urlgen_bucketless&ccb=1-7&_nc_sid=127cfc&_nc_ohc=aiwDYP0mQTwQ7kNvwHUmlBY&_nc_oc=Adq4-oSw1W8EqkblowXFyHV3qIefNebPfA74B1QKt6emVqI7dY3hrlh6KMgK9jSGKn6j_ppD9G78uA1Zto0thfKa&_nc_zt=23&_nc_ht=scontent.fsgn5-11.fna&_nc_gid=sG3sg7FaYWQrCZHw6oTOVA&_nc_ss=7b2a8&oh=00_Af9DPNlNjIboLK6KV2obNGPdTf8-DbleMNTTvcCnakgXfQ&oe=6A43D46C,,
2026-06-02,"🎉 “TRỌN VẠN DẶM AN” - CƠ HỘI NHẬN 2 PHẦN THƯỞNG GIÁ TRỊ CHỈ VỚI 1 HỢP ĐỒNG  30 năm - hành trình được xây đắp từ niềm tin của hàng triệu gia đình Việt dành cho Thương hiệu Bảo hiểm nhân thọ Quốc gia. Nhân dấu mốc kỷ niệm 30 năm, Bảo Việt Nhân thọ triển khai chương trình “Trọn vạn dặm an” - lời tri ân ý nghĩa dành cho sự tin tưởng, gắn bó và đồng hành của Quý khách hàng trong suốt chặng đường qua.  💙 Chỉ với 01 hợp đồng bảo hiểm nhân thọ đủ điều kiện, khách hàng không chỉ được bảo vệ vững vàng cho tương lai mà còn có cơ hội nhận 2 phần thưởng giá trị: 🎁 Bộ quà tặng túi và vợt Pickleball  🎁 Mã quay thưởng với cơ hội sở hữu: 🚗 03 ô tô VinFast VF6 Eco 🚗 06 ô tô VinFast VF3 Eco 🛵 30 xe máy điện VinFast Evo Grand  📅 Thời gian áp dụng: Từ ngày 01/06/2026 đến hết ngày 31/08/2026. 👉 Chi tiết chương trình xem tại bình luận.  Trọn vạn dặm an - Bắt đầu từ hôm nay!  #BaoVietNhanTho #TronVanDamAn",Bảo Việt Nhân Thọ,190,121,3,https://www.facebook.com/www.BaoVietNhanTho.com.vn,https://www.facebook.com/reel/1561370652073974/,1053669923649948,https://scontent.fsgn5-8.fna.fbcdn.net/v/t15.5256-10/713123531_775271645575835_3135872873589589682_n.jpg?stp=dst-jpg_tt6&cstp=mx1280x720&ctp=s1280x720&_nc_cat=103&_nc_map=urlgen_bucketless&ccb=1-7&_nc_sid=5fad0e&_nc_ohc=_QST064IUrIQ7kNvwEQp5oe&_nc_oc=Adox53mUCJqKfHh7MnmBoP2shSzKHYErCO5r867blhr5reJEDdDHD4LfepEna7I8cAZ4JhypvXNKl6RfUPwp3Ae6&_nc_zt=23&_nc_ht=scontent.fsgn5-8.fna&_nc_gid=sG3sg7FaYWQrCZHw6oTOVA&_nc_ss=7b2a8&oh=00_Af_I3WUK8WaAwl9-BZVzrz5nmhVCxxNvQ7UG9DNM0UTLNA&oe=6A43B926 | https://scontent.fsgn5-3.fna.fbcdn.net/o1/v/t2/f2/m412/AQNB6-LPakO4PipCwbVN7shvKPzOEexI2WXb-8Nt7beeWxCWLdLwbvNqCaUPJnZGbMR5-5LVfPID199qdG7Et8kcTcONU_jq3vaud53lXA.mp4?_nc_cat=1&_nc_oc=AdqKoa127THwaHbmLtceuzsh-ZDkOS09nogyj4Lpo-E5Uo9dduZeC3NiMOkyFHhwMOSPy7TqIebxzXB3z8zVH-th&_nc_sid=8bf8fe&_nc_ht=scontent.fsgn5-3.fna.fbcdn.net&_nc_ohc=RMmvesXlW4cQ7kNvwECo97S&efg=eyJ2ZW5jb2RlX3RhZyI6Inhwdl9wcm9ncmVzc2l2ZS5GQUNFQk9PSy4uQzMuNjQwLnN2ZV9zZCIsInhwdl9hc3NldF9pZCI6OTY4NTEzNjUyNjQyMjk5LCJhc3NldF9hZ2VfZGF5cyI6MjMsInZpX3VzZWNhc2VfaWQiOjEwMTIyLCJkdXJhdGlvbl9zIjoxOSwidXJsZ2VuX3NvdXJjZSI6Ind3dyJ9&ccb=17-1&_nc_gid=sG3sg7FaYWQrCZHw6oTOVA&_nc_ss=7b2a8&_nc_map=urlgen_bucketless&_nc_zt=28&oh=00_Af_NdeipQCV3O_HzqzAB5NYEX9tvwIAVFVmR9xAxeU0NkA&oe=6A43DED0&bitrate=351616&tag=sve_sd | https://scontent.fsgn5-12.fna.fbcdn.net/o1/v/t2/f2/m366/AQMeGtXCLwcpxxRlHUeLR6xJxddnUTnO6uoPH0KqQx69L1zqd1-eyH1vKO8_-_oBXoss4Stzl_E181to2sxXUVWLFphKZ4YHLdD6xoVWhtPm9A.mp4?_nc_cat=102&_nc_oc=AdqYt-njftBnt7BWLPn_ohAfpjPtvxy60AjwA35CpSAlBLaeTsv6NERfOkYhOcgENxzMtv5peSnMK4VQfj7JkJDr&_nc_sid=5e9851&_nc_ht=scontent.fsgn5-12.fna.fbcdn.net&_nc_ohc=-RlViO-TD-UQ7kNvwEYnvRJ&efg=eyJ2ZW5jb2RlX3RhZyI6Inhwdl9wcm9ncmVzc2l2ZS5GQUNFQk9PSy4uQzMuMTI4MC5kYXNoX2gyNjQtYmFzaWMtZ2VuMl83MjBwIiwieHB2X2Fzc2V0X2lkIjo5Njg1MTM2NTI2NDIyOTksImFzc2V0X2FnZV9kYXlzIjoyMywidmlfdXNlY2FzZV9pZCI6MTAxMjIsImR1cmF0aW9uX3MiOjE5LCJ1cmxnZW5fc291cmNlIjoid3d3In0%3D&ccb=17-1&vs=1c3eff392a27d6e8&_nc_vs=HBksFQIYRWZiX2VwaGVtZXJhbC81OTQxNkY5NTMwNjQ1NERCQTRGOTBBN0QxMjUyMzQ4MF9tdF8xX3ZpZGVvX2Rhc2hpbml0Lm1wNBUAAsgBEgAVAhhAZmJfcGVybWFuZW50LzQ4NDhFMzkyNzUwNDQyNzRFNUJENDYzNkQyN0Y0QkFBX2F1ZGlvX2Rhc2hpbml0Lm1wNBUCAsgBEgAoABgAGwKIB3VzZV9vaWwBMRJwcm9ncmVzc2l2ZV9yZWNpcGUBMRUAACb2x86D9ba4AxUCKAJDMywXQDMAAAAAAAAYGWRhc2hfaDI2NC1iYXNpYy1nZW4yXzcyMHARAHUCZZSeAQA&_nc_gid=sG3sg7FaYWQrCZHw6oTOVA&_nc_ss=7b2a8&_nc_map=urlgen_bucketless&_nc_zt=28&oh=00_Af-K8U8f8YRW7zWhAUCwQb0Y8B8gaBgTtEWbiDRg3pYsSA&oe=6A43C55A&bitrate=1427885&tag=dash_h264-basic-gen2_720p | https://scontent.fsgn5-12.fna.fbcdn.net/v/t15.5256-10/711679639_1489675018796098_4517958864127396094_n.jpg?stp=dst-jpg_tt6&cstp=mx1280x720&ctp=s960x960&_nc_cat=101&_nc_map=urlgen_bucketless&ccb=1-7&_nc_sid=be8305&_nc_ohc=SDY6d9DIASUQ7kNvwE8PgvO&_nc_oc=Adrdt5VDa9w_yIjAAp_mGfQvJ_nqTuM1sEfWgEEyFdZ8rCPUU-xeMMH5V1vE3XK-yrAsdtfaPo-f1xI6qyzCff0u&_nc_zt=23&_nc_ht=scontent.fsgn5-12.fna&_nc_gid=sG3sg7FaYWQrCZHw6oTOVA&_nc_ss=7b2a8&oh=00_Af9FzDFzmDULtF5uSRc9UAoi9T1VOyrOZstuw2jExIcWtw&oe=6A43E80A | https://scontent.fsgn5-12.fna.fbcdn.net/v/t15.5256-10/715354035_1383347487187936_688568794444024856_n.jpg?stp=dst-jpg_tt6&cstp=mx1420x800&ctp=s1420x800&_nc_cat=110&_nc_map=urlgen_bucketless&ccb=1-7&_nc_sid=06012f&_nc_ohc=j1vaoxCsafoQ7kNvwFujEmt&_nc_oc=AdrBTUdvQxPvyyH3tFZyqst_tIcilMT106uU3PxbU2mWbjXr3rVY2v7TZdJ3x-ac8YSeKRQq-aG8cOKkkD9AawlW&_nc_zt=23&_nc_ht=scontent.fsgn5-12.fna&_nc_gid=sG3sg7FaYWQrCZHw6oTOVA&_nc_ss=7b2a8&oh=00_Af_uzd7PJVk7uBJmpjkOW9vXB8H6eijuvoY0R3YSxANjWA&oe=6A43CB41,https://www.facebook.com/reel/1561370652073974/,15000
2026-06-02,"🎉 TRỌN AN TÂM và CƠ HỘI NHẬN Ô TÔ, XE MÁY GIÁ TRỊ TRONG CHƯƠNG TRÌNH ""TRỌN VẠN DẶM AN""   Hành trình 30 năm vững vàng của Bảo Việt Nhân thọ được viết nên bởi sự tin yêu của quý khách. Thay lời tri ân sâu sắc, chương trình ""Trọn Vạn Dặm An"" mang đến những món quà giá trị thay cho lời chúc an yên và cam kết tiếp tục đồng hành cùng bạn trên mọi nẻo đường tương lai.  🚗 03 ô tô VinFast VF6 Eco – Giải Trọn Gắn Kết 🚗 06 ô tô VinFast VF3 Eco – Giải Trọn An Tâm 🛵 30 xe máy điện VinFast Evo Grand – Giải Trọn Đồng Hành  🎫 Với mức phí bảo hiểm hàng năm từ 20 triệu đồng, khách hàng sẽ được cấp mã quay thưởng tham gia chương trình. Mức phí càng cao, số lượng mã càng nhiều.  Đặc biệt, khách hàng hiện hữu tham gia hợp đồng mới sẽ được nhân đôi số mã quay thưởng, nhân đôi cơ hội nhận quà hấp dẫn.  👉 Xem ngay chi tiết thể lệ chương trình: https://bit.ly/TronVanDamAn_fb Trọn Vạn Dặm An - Bắt đầu từ hôm nay!  #TronVungvang #BaoVietNhantho #TronVanDamAn",Bảo Việt Nhân Thọ,100,55,4,https://www.facebook.com/www.BaoVietNhanTho.com.vn,https://www.facebook.com/www.BaoVietNhanTho.com.vn/posts/pfbid02GjFvEUSWt2nFP52oxn2J9FE6NFdW5gKZ9okZH2X2m5q1q3oaMBwbPoH9MaJeQALfl,1053283597021914,https://scontent.fsgn5-14.fna.fbcdn.net/v/t39.30808-6/710613595_1052719387078335_8413670354874676436_n.jpg?stp=dst-jpg_tt6&cstp=mx1241x1241&ctp=s1241x1241&_nc_cat=107&_nc_map=urlgen_bucketless&ccb=1-7&_nc_sid=127cfc&_nc_ohc=s_NqIcIdAHsQ7kNvwG7xEeC&_nc_oc=AdohiCLY041NZN7-1RGipLyceWHNvDfjXDNkVKp5KIPlkn3iGE_gzgr8HeJBW2fI5QzqWaEm54zHqXMskuIHLNpK&_nc_zt=23&_nc_ht=scontent.fsgn5-14.fna&_nc_gid=sG3sg7FaYWQrCZHw6oTOVA&_nc_ss=7b2a8&oh=00_Af_QwIc2wKIjt1Lp9NwcXUk_KBQYPS-wYW9WPWb8XkUzdw&oe=6A43D794 | https://scontent.fsgn5-3.fna.fbcdn.net/v/t39.30808-6/709166551_1052719353745005_1688792292050690780_n.jpg?stp=dst-jpg_tt6&cstp=mx1241x1241&ctp=s1241x1241&_nc_cat=104&_nc_map=urlgen_bucketless&ccb=1-7&_nc_sid=127cfc&_nc_ohc=OuTav1X9lVoQ7kNvwH8fSak&_nc_oc=Adp-E6qyqgsbB8-LXJHI9T3Ts3269mRGPVYmXm7pzvuQ4rvnxoZRy8jBuPbBr2jdI-c0gujxcSVCLaKrue3jNr4L&_nc_zt=23&_nc_ht=scontent.fsgn5-3.fna&_nc_gid=sG3sg7FaYWQrCZHw6oTOVA&_nc_ss=7b2a8&oh=00_Af_qxPiQToPKZDKn1orYVPk-pIOiYajFR3atMJSjwM-RgQ&oe=6A43EFE8 | https://scontent.fsgn5-6.fna.fbcdn.net/v/t39.30808-6/711329020_1052719350411672_885497412793939210_n.jpg?stp=dst-jpg_tt6&cstp=mx1241x1241&ctp=s1241x1241&_nc_cat=103&_nc_map=urlgen_bucketless&ccb=1-7&_nc_sid=127cfc&_nc_ohc=iT-z163f6u8Q7kNvwHCNmcI&_nc_oc=AdrlIbCeSATNcuqAcHwXoVFVnlFwqlnYtDy44j2_J5JrWuojlOYNvsxXLtIxkdB8Y4Hqh3gdlLsUDugIvsdfqht4&_nc_zt=23&_nc_ht=scontent.fsgn5-6.fna&_nc_gid=sG3sg7FaYWQrCZHw6oTOVA&_nc_ss=7b2a8&oh=00_Af8i3ytv8uaqENx95WwsLEAwk_pL_gHFFcafNhBmILHj7Q&oe=6A43D469 | https://scontent.fsgn5-14.fna.fbcdn.net/v/t39.30808-6/712411321_1052719427078331_7721287013386928580_n.jpg?stp=dst-jpg_tt6&cstp=mx1241x1241&ctp=s1241x1241&_nc_cat=104&_nc_map=urlgen_bucketless&ccb=1-7&_nc_sid=127cfc&_nc_ohc=7evJt_tTKvsQ7kNvwGNiD7R&_nc_oc=Adpb68LARBZ4548JXjBMREvsQFjUPVq8XI-dvKOFLoC8G9Xwvfj4GqsoGsqWTIxyxi4sEKkkzBiLJ3vcV4xy8h5Z&_nc_zt=23&_nc_ht=scontent.fsgn5-14.fna&_nc_gid=sG3sg7FaYWQrCZHw6oTOVA&_nc_ss=7b2a8&oh=00_Af-uTe-CWHh0DHPRBDLHe4ZXuYbyHzFhRTQJybuDnndj4w&oe=6A43DA81,,
2026-06-01,"🎉 MỪNG BẢO VIỆT NHÂN THỌ 30 TUỔI - TRI ÂN QUÀ KHỦNG HƠN 11 TỶ ĐỒNG!  Đánh dấu hành trình 30 năm hình thành và phát triển, Bảo Việt Nhân thọ xin gửi lời tri ân sâu sắc nhất đến hàng triệu gia đình Việt bằng chương trình tri ân LỚN NHẤT NĂM: ""Trọn Vạn Dặm An"".  ▶️ Bấm xem ngay video để không bỏ lỡ những cơ hội rinh Ô tô Vinfast Vf6 về nhà! #BaoVietNhantho #TronVungvang #TronVanDamAn #Batdautuhomnay",Bảo Việt Nhân Thọ,597,369,34,https://www.facebook.com/www.BaoVietNhanTho.com.vn,https://www.facebook.com/reel/958598713656250/,1052625490421058,https://scontent.fsgn5-10.fna.fbcdn.net/v/t15.5256-10/712523881_1880093669340400_3530566791038913320_n.jpg?stp=dst-jpg_tt6&cstp=mx1920x1080&ctp=p960x960&_nc_cat=110&_nc_map=urlgen_bucketless&ccb=1-7&_nc_sid=5fad0e&_nc_ohc=iwmi34FcUV0Q7kNvwFatgg8&_nc_oc=AdoksGUlN_cdqAs2oZ2TsbsV6bk1PUks0Lmhu1NhnPu3Q8WHxSWWJ0joPLdcxRFN1NeTFHsd4KYYWx1kYPQLO6bz&_nc_zt=23&_nc_ht=scontent.fsgn5-10.fna&_nc_gid=sr2Qac9AyOFd5vbvHJLvqw&_nc_ss=7b2a8&oh=00_Af_WtbD_s9U3sHEky3FuDdsY4GLVtFHPZ3xShSsFPNdG3w&oe=6A43DD8F | https://scontent.fsgn5-1.fna.fbcdn.net/v/t39.2093-6/713123854_958605270322261_3095609618735796_n.srt?_nc_cat=101&_nc_map=urlgen_bucketless&ccb=1-7&_nc_sid=c211c2&_nc_ohc=lg7a6TernnYQ7kNvwGEwqS3&_nc_oc=AdqsVXUMwDIaGg60XBcjOD06sjpPYTfMaaAVNHXO252N2JZ_8tt4SGKxbTNzsqy6_FdClFqjHL_1g9QYzC2VZEkv&_nc_zt=14&_nc_ht=scontent.fsgn5-1.fna&_nc_gid=sr2Qac9AyOFd5vbvHJLvqw&_nc_ss=7b2a8&oh=00_Af_1xUltKE3L-po_yyb_C347cZ8CEmOdBFSJJbN8K-J-2Q&oe=6A43EDF2 | https://scontent.fsgn5-22.fna.fbcdn.net/o1/v/t2/f2/m412/AQNGq2Y1vEQJwWMTd5hOZUjGgl8MiCiZsz9yVfK3DVPgnbhyO0DspingveRVoo1Kw7QnjUjdc2GiE5_o3GYWNj-_TmJd90_45rh8RZM7YQ.mp4?_nc_cat=107&_nc_oc=AdoNe7W-K_p-9V5QZ0dopFG2_nR_wGoKFaln9mHVRAHnR5p_fGk8mLbMIt2C2S1_eCwsfd5-5d6yn61C6mg8VwW5&_nc_sid=8bf8fe&_nc_ht=scontent.fsgn5-22.fna.fbcdn.net&_nc_ohc=o0TVtnQSi4oQ7kNvwHaYq6Q&efg=eyJ2ZW5jb2RlX3RhZyI6Inhwdl9wcm9ncmVzc2l2ZS5GQUNFQk9PSy4uQzMuNjQwLnN2ZV9zZCIsInhwdl9hc3NldF9pZCI6MjAwMDM4ODIxMDU3MzMzMSwiYXNzZXRfYWdlX2RheXMiOjI0LCJ2aV91c2VjYXNlX2lkIjoxMDEyMiwiZHVyYXRpb25fcyI6NDQ4LCJ1cmxnZW5fc291cmNlIjoid3d3In0%3D&ccb=17-1&_nc_gid=sr2Qac9AyOFd5vbvHJLvqw&_nc_ss=7b2a8&_nc_map=urlgen_bucketless&_nc_zt=28&oh=00_Af_GZdnj2BuKHcRErzL79OQKghG7ES1GKIsHG6ArU4DAfg&oe=6A43BEAB&bitrate=356871&tag=sve_sd | https://scontent.fsgn5-10.fna.fbcdn.net/o1/v/t2/f2/m366/AQP_vgspdzJUR0RzrXUQKlySIXFz2y2u6Yyc-_l4S_52-mucods6CToASFYk4pVsmoDIpnY9grTvpiGkl19leLKGN2XxItJOsyz7WCua9hsKqg.mp4?_nc_cat=108&_nc_oc=Adpalg2olCvxb6b3Lz2LktLV4G3elo5Ukq8w7N5x3FXWB2jA7bNLnExwUUgnVcf4yMiywFvDiNIuEjWt3JvHfgiZ&_nc_sid=5e9851&_nc_ht=scontent.fsgn5-10.fna.fbcdn.net&_nc_ohc=TNUpIpobYLoQ7kNvwFzLY-k&efg=eyJ2ZW5jb2RlX3RhZyI6Inhwdl9wcm9ncmVzc2l2ZS5GQUNFQk9PSy4uQzMuMTI4MC5kYXNoX2gyNjQtYmFzaWMtZ2VuMl83MjBwIiwieHB2X2Fzc2V0X2lkIjoyMDAwMzg4MjEwNTczMzMxLCJhc3NldF9hZ2VfZGF5cyI6MjQsInZpX3VzZWNhc2VfaWQiOjEwMTIyLCJkdXJhdGlvbl9zIjo0NDgsInVybGdlbl9zb3VyY2UiOiJ3d3cifQ%3D%3D&ccb=17-1&vs=e29757b214b1a548&_nc_vs=HBksFQIYRWZiX2VwaGVtZXJhbC85OTRGNDhCRUREM0FGNjQwMTA3M0E4MTIzMjRGOUFCMl9tdF8xX3ZpZGVvX2Rhc2hpbml0Lm1wNBUAAsgBEgAVAhhAZmJfcGVybWFuZW50LzhDNDQzNjg1RjhFOEIyNzFDOUQ4RERBMUI2RkUxNUExX2F1ZGlvX2Rhc2hpbml0Lm1wNBUCAsgBEgAoABgAGwKIB3VzZV9vaWwBMRJwcm9ncmVzc2l2ZV9yZWNpcGUBMRUAACamgKLL9dWNBxUCKAJDMywXQHwMKPXCj1wYGWRhc2hfaDI2NC1iYXNpYy1nZW4yXzcyMHARAHUCZZSeAQA&_nc_gid=sr2Qac9AyOFd5vbvHJLvqw&_nc_ss=7b2a8&_nc_map=urlgen_bucketless&_nc_zt=28&oh=00_Af8jLQh_j_b6Vl6ue5jOFYHyCF2yUOtnj-iEeJe6fUhO0Q&oe=6A43CFC8&bitrate=1442204&tag=dash_h264-basic-gen2_720p | https://scontent.fsgn5-15.fna.fbcdn.net/v/t15.5256-10/714343321_2084014725851755_935519898801711757_n.jpg?stp=dst-jpg_tt6&cstp=mx2048x1152&ctp=s960x960&_nc_cat=103&_nc_map=urlgen_bucketless&ccb=1-7&_nc_sid=be8305&_nc_ohc=wzVdIIuc-uEQ7kNvwExPGTB&_nc_oc=AdoEldI-zjkAs1qMWKum9KtgqPM0jrvjeKV5Ri7j9Rkccw68aZU8D31tJYEAcieyahwovc99mHnR5rqE0zgbblMY&_nc_zt=23&_nc_ht=scontent.fsgn5-15.fna&_nc_gid=sr2Qac9AyOFd5vbvHJLvqw&_nc_ss=7b2a8&oh=00_Af_HREvHtZUy3OfHWnBKnrEJ2KNlC8WYvhwFJQbRZ7vWxQ&oe=6A43EA94 | https://scontent.fsgn5-2.fna.fbcdn.net/v/t15.5256-10/711867489_1626997801746214_8764788054738598204_n.jpg?stp=dst-jpg_tt6&cstp=mx1420x800&ctp=s1420x800&_nc_cat=104&_nc_map=urlgen_bucketless&ccb=1-7&_nc_sid=06012f&_nc_ohc=ZCYfW2IT6DsQ7kNvwGeYC1u&_nc_oc=AdqDzrTy0Z7xgn1x1MGuiP_FOnhayYzxpuASceWbu1kUS46dtj5yq7rOcRZFZWn3tQU5PPzdiTIgoQoh5eL28YsL&_nc_zt=23&_nc_ht=scontent.fsgn5-2.fna&_nc_gid=sr2Qac9AyOFd5vbvHJLvqw&_nc_ss=7b2a8&oh=00_Af8Omy65O26E6rNWC5ufv7L0slekLXuuSjoLt4W8xHYtHw&oe=6A43E5D8 | https://scontent.fsgn5-9.fna.fbcdn.net/v/t15.5256-10/711885608_1756163045253485_9060250962087099028_n.jpg?stp=dst-jpg_tt6&cstp=mx1420x800&ctp=s1420x800&_nc_cat=105&_nc_map=urlgen_bucketless&ccb=1-7&_nc_sid=06012f&_nc_ohc=lYpFOM-o0X0Q7kNvwEt366U&_nc_oc=AdrO6SaDHhZbCALXii-V_IZxHLavNea78w855onh8kSYe6aUHX7bUy6b_tyNW2t3eU3-VVL2oSjzSJ2FHIEMBmFu&_nc_zt=23&_nc_ht=scontent.fsgn5-9.fna&_nc_gid=sr2Qac9AyOFd5vbvHJLvqw&_nc_ss=7b2a8&oh=00_Af9pcZSsPBpb3jyXecZEnU8Dd-I_yyturqtus5gekmv-jg&oe=6A43D69F | https://scontent.fsgn5-7.fna.fbcdn.net/v/t15.5256-10/711695717_841051505310761_7152969467831054755_n.jpg?stp=dst-jpg_tt6&cstp=mx1420x800&ctp=s1420x800&_nc_cat=108&_nc_map=urlgen_bucketless&ccb=1-7&_nc_sid=06012f&_nc_ohc=QE_KDYAguwMQ7kNvwHp7Cu-&_nc_oc=AdphHPk8ft00q1criw60LA13LzL9Lbb67yB9-iCUlhGi-xKOBDG4SQXHHqofbpgXjLi5RFVAin4b8WDRfq0bqtsq&_nc_zt=23&_nc_ht=scontent.fsgn5-7.fna&_nc_gid=sr2Qac9AyOFd5vbvHJLvqw&_nc_ss=7b2a8&oh=00_Af-vIz6KbbxeZ0r5FG9kFqJkE9LQQx8hs9sGT8_4of5jIg&oe=6A43C04F | https://scontent.fsgn5-2.fna.fbcdn.net/v/t15.5256-10/711925703_1257312359807778_4524985394548654161_n.jpg?stp=dst-jpg_tt6&cstp=mx1420x800&ctp=s1420x800&_nc_cat=104&_nc_map=urlgen_bucketless&ccb=1-7&_nc_sid=06012f&_nc_ohc=AKQfahV9-B8Q7kNvwHSr9nV&_nc_oc=AdpADZukTuKtgoTrIl7JX2OmWvjHl_CYUtEyvZwRjviGhxir4YTdI57c5HTsVexA8-4ReCJY1VlfatgTDvJjZfYa&_nc_zt=23&_nc_ht=scontent.fsgn5-2.fna&_nc_gid=sr2Qac9AyOFd5vbvHJLvqw&_nc_ss=7b2a8&oh=00_Af-DRhFvf-ThyUi5mG4uGFNPrN35ZoFJZQre8RlrNpfl9w&oe=6A43E05E | https://scontent.fsgn5-22.fna.fbcdn.net/v/t15.5256-10/709863444_2020077685293596_2530854752450563031_n.jpg?stp=dst-jpg_tt6&cstp=mx1420x800&ctp=s1420x800&_nc_cat=104&_nc_map=urlgen_bucketless&ccb=1-7&_nc_sid=06012f&_nc_ohc=judt5nSL2rcQ7kNvwFueKqM&_nc_oc=AdqDoaU903-1dSBARMDFT-riDnv8a1dGOzoMNrZlqFDZcOhcGA5pQhVTGPV2JpaK85BRTAK-pPmEWGbNzKEjochA&_nc_zt=23&_nc_ht=scontent.fsgn5-22.fna&_nc_gid=sr2Qac9AyOFd5vbvHJLvqw&_nc_ss=7b2a8&oh=00_Af9fqghoFNnWNUHDo2rosyRTEj4uNAQEEzD_t5_m7kaipQ&oe=6A43CA86,https://www.facebook.com/reel/958598713656250/,50000
2026-06-01,"CHƯƠNG TRÌNH TRI ÂN LỚN NHẤT NĂM “TRỌN VẠN DẶM AN” - MỪNG SINH NHẬT 30 NĂM BẢO VIỆT NHÂN THỌ   Nhân dịp kỷ niệm 30 năm thành lập, Bảo Việt Nhân thọ chính thức triển khai chương trình tri ân lớn nhất năm mang tên ""Trọn Vạn Dặm An"" với tổng giá trị giải thưởng lên tới 11 tỷ đồng.  🎁 Khi tham gia chương trình, khách hàng sẽ nhận ngay bộ quà tặng túi và vợt pickleball, đồng thời nhận mã quay thưởng với cơ hội sở hữu những giải thưởng hấp dẫn: 🚗 03 ô tô VinFast VF6 Eco 🚗 06 ô tô VinFast VF3 Eco 🛵 30 xe máy điện VinFast Evo Grand 📅 Thời gian áp dụng: Từ ngày 01/06/2026 đến hết ngày 31/08/2026. 👉 Chi tiết chương trình xem tại bình luận Trọn Vạn Dặm An – dấu mốc tri ân đặc biệt trên hành trình 30 năm, tiếp nối sứ mệnh lan tỏa giá trị an tâm và đồng hành cùng khách hàng trên mọi chặng đường tương lai.  #BaoVietNhantho #TronVungvang #TronVanDamAn",Bảo Việt Nhân Thọ,352,170,7,https://www.facebook.com/www.BaoVietNhanTho.com.vn,https://www.facebook.com/www.BaoVietNhanTho.com.vn/posts/pfbid02AnhZV4FZsVkT7tRHyQ1rzMc69JYRgnhTTeyyztpnsMYtU6dcg46SQnQCd1ifFfBql,1052419107108363,https://scontent.fsgn5-8.fna.fbcdn.net/v/t39.30808-6/709756700_1052058630477744_6132456568532645297_n.jpg?stp=dst-jpg_tt6&cstp=mx2560x1280&ctp=p590x590&_nc_cat=107&_nc_map=urlgen_bucketless&ccb=1-7&_nc_sid=127cfc&_nc_ohc=sXdXi2aDShoQ7kNvwGYA4Tj&_nc_oc=Adr3wdBFmp3VPZzKa5bRfdCoMngbVhl9BffI29tVHhxhYJSYp0UPAEQqWb0-h_VnHBuFfRwnPHudN4PEpK2rtr_O&_nc_zt=23&_nc_ht=scontent.fsgn5-8.fna&_nc_gid=sr2Qac9AyOFd5vbvHJLvqw&_nc_ss=7b2a8&oh=00_Af__s3zCPTWc0R2Zj8Eaet2WCt-NzqzCHLO9hspsqz7cMQ&oe=6A43C751 | https://scontent.fsgn5-8.fna.fbcdn.net/v/t39.30808-6/709756700_1052058630477744_6132456568532645297_n.jpg?stp=dst-jpg_tt6&cstp=mx2560x1280&ctp=s2560x1280&_nc_cat=107&_nc_map=urlgen_bucketless&ccb=1-7&_nc_sid=127cfc&_nc_ohc=sXdXi2aDShoQ7kNvwGYA4Tj&_nc_oc=Adr3wdBFmp3VPZzKa5bRfdCoMngbVhl9BffI29tVHhxhYJSYp0UPAEQqWb0-h_VnHBuFfRwnPHudN4PEpK2rtr_O&_nc_zt=23&_nc_ht=scontent.fsgn5-8.fna&_nc_gid=sr2Qac9AyOFd5vbvHJLvqw&_nc_ss=7b2a8&oh=00_Af__s3zCPTWc0R2Zj8Eaet2WCt-NzqzCHLO9hspsqz7cMQ&oe=6A43C751 | https://scontent.fsgn5-10.fna.fbcdn.net/v/t39.30808-6/709902094_1052058680477739_777594220544276308_n.jpg?stp=dst-jpg_tt6&cstp=mx1241x1241&ctp=s1241x1241&_nc_cat=109&_nc_map=urlgen_bucketless&ccb=1-7&_nc_sid=127cfc&_nc_ohc=ujwwwT16VhIQ7kNvwFtmC1y&_nc_oc=AdrUipQ2g6mRzLYe_Ro_LCC0g9SgR-7NgvKoSwqAYT8DX07tjRcG7xpBph8UOX8-DQ4v7ZnI5ZGmIYYcqoHQgTCv&_nc_zt=23&_nc_ht=scontent.fsgn5-10.fna&_nc_gid=sr2Qac9AyOFd5vbvHJLvqw&_nc_ss=7b2a8&oh=00_Af_08BcWX0725hve057251rVZE1tSGgmLqgYFoPqLg1Ybg&oe=6A43D6A2 | https://scontent.fsgn5-6.fna.fbcdn.net/v/t39.30808-6/709102076_1052058730477734_7154216967302255912_n.jpg?stp=dst-jpg_tt6&cstp=mx1241x1241&ctp=s1241x1241&_nc_cat=102&_nc_map=urlgen_bucketless&ccb=1-7&_nc_sid=127cfc&_nc_ohc=66dg5ho9JWgQ7kNvwGRyo19&_nc_oc=AdqxBVE8u0uvx5bNSHIDm7VpFtX5VLH0QbVD-DrrBNw3SVUJbAS9JFc_CP1tBegK-A1JH4FfE1f8Ilb2TcoyV4A9&_nc_zt=23&_nc_ht=scontent.fsgn5-6.fna&_nc_gid=sr2Qac9AyOFd5vbvHJLvqw&_nc_ss=7b2a8&oh=00_Af9bpZnVhYTxwlyrVYpUFE1KkDIvMpZMsWHoExfkYs9Klg&oe=6A43DC4B,,
