post_date,content,fanpage_name,reaction,share,comment,fanpage_url,post_url,image_urls,video_url,video_view
2026-06-25,"AN TÂM KHÁM CHỮA BỆNH VỚI HỆ THỐNG BẢO LÃNH VIỆN PHÍ RỘNG KHẮP 💙  Khi cần thăm khám và điều trị bệnh, việc chuẩn bị một khoản tiền viện phí lớn có làm bạn lo lắng?  🛡️ Khi sử dụng dịch vụ bảo lãnh viện phí của Dai-ichi Life Việt Nam, công ty sẽ thay bạn thanh toán trực tiếp cho cơ sở y tế một phần hoặc toàn bộ chi phí khám chữa bệnh thuộc phạm vi bảo hiểm.  🌟 Dai-ichi Life Việt Nam hiện sở hữu mạng lưới bảo lãnh viện phí rộng khắp:  📍Có mặt tại 30 tỉnh thành trên toàn quốc  🏥 Gần 300 cơ sở y tế uy tín gồm bệnh viện công, bệnh viện quốc tế, phòng khám đa khoa…  👉 Mời bạn lưu lại danh sách các cơ sở y tế thuộc hệ thống bảo lãnh viện phí của Dai-ichi Life Việt Nam để thuận tiện lựa chọn khi cần thăm khám và điều trị. Tra cứu danh sách bệnh viện bảo lãnh viện phí mới nhất của Dai-ichi Life Việt Nam tại: https://tinyurl.com/dlvnbaolanhvienphi  🌐 Giải pháp bảo vệ tài chính và chăm sóc sức khỏe của Dai-ichi Life Việt Nam: https://dai-ichi-life.com.vn/giai-phap-bao-hiem  —— Dai-ichi Life Việt Nam Hotline: (028) 3810 0888 - (028) 7308 8880  Website: https://dai-ichi-life.com.vn/ Facebook: https://www.facebook.com/DaiichiLife.Vietnam LinkedIn: https://www.linkedin.com/company/dai-ichi-life-vietnam/ Youtube: https://www.youtube.com/@DaiichiLifeVietNamOfficial Zalo OA: https://tinyurl.com/daiichilifevietnam",Dai-ichi Life Việt Nam,64,58,0,https://www.facebook.com/DaiichiLife.Vietnam,https://www.facebook.com/DaiichiLife.Vietnam/posts/pfbid0surFQYZatwhbNiRhsuwvdGaKmidYArGDoS7FCSn5sS73rWkZQ6pgXVHi3KHGPWxpl,https://scontent.fsgn5-9.fna.fbcdn.net/v/t39.99422-6/729179585_4677810749107569_7538740536584136838_n.png?stp=dst-jpg_tt6&cstp=mx1638x2048&ctp=p960x960&_nc_cat=111&_nc_map=urlgen_bucketless&ccb=1-7&_nc_sid=f727a1&_nc_ohc=dU9xqTz-xmkQ7kNvwFGDccW&_nc_oc=AdpDcGbeVgvxxi22pkrTIZhjhuBTqbE9po2qO9RueWy5TOQ_rZ1HmpYayhlTUhml2aANlrjnSn6vNRRcsTRZzVVg&_nc_zt=14&_nc_ht=scontent.fsgn5-9.fna&_nc_gid=NzzBoIXzO-hnTW_HFBubyQ&_nc_ss=7b2a8&oh=00_Af8U-R7JLU_BNf8tu9bdoRrlymmvz8oIXGn-Ijb8AKYIlA&oe=6A43CCCC | https://scontent.fsgn5-9.fna.fbcdn.net/v/t39.99422-6/729179585_4677810749107569_7538740536584136838_n.png?stp=dst-jpg_tt6&cstp=mx1638x2048&ctp=s1638x2048&_nc_cat=111&_nc_map=urlgen_bucketless&ccb=1-7&_nc_sid=f727a1&_nc_ohc=dU9xqTz-xmkQ7kNvwFGDccW&_nc_oc=AdpDcGbeVgvxxi22pkrTIZhjhuBTqbE9po2qO9RueWy5TOQ_rZ1HmpYayhlTUhml2aANlrjnSn6vNRRcsTRZzVVg&_nc_zt=14&_nc_ht=scontent.fsgn5-9.fna&_nc_gid=NzzBoIXzO-hnTW_HFBubyQ&_nc_ss=7b2a8&oh=00_Af8U-R7JLU_BNf8tu9bdoRrlymmvz8oIXGn-Ijb8AKYIlA&oe=6A43CCCC | https://scontent.fsgn5-14.fna.fbcdn.net/v/t39.99422-6/730069280_2297053290828124_9079739141088702933_n.png?stp=dst-jpg_tt6&cstp=mx1638x2048&ctp=p960x960&_nc_cat=104&_nc_map=urlgen_bucketless&ccb=1-7&_nc_sid=f727a1&_nc_ohc=L9S2MBD1UoEQ7kNvwEnV8E9&_nc_oc=AdqeX2G6H4Ms7_eAbXEP_LMpNDr3qIf1PGbqnnkLRK8bOqJXuaLHRRtTHs__KdSioDhqdcBskACVxm1JMUM6GRa9&_nc_zt=14&_nc_ht=scontent.fsgn5-14.fna&_nc_gid=NzzBoIXzO-hnTW_HFBubyQ&_nc_ss=7b2a8&oh=00_Af9P-twXvzxkrQgun8iIlDabebqsHt5IwLM0k9vyaQLltg&oe=6A43E76E | https://scontent.fsgn5-14.fna.fbcdn.net/v/t39.99422-6/730069280_2297053290828124_9079739141088702933_n.png?stp=dst-jpg_tt6&cstp=mx1638x2048&ctp=s1638x2048&_nc_cat=104&_nc_map=urlgen_bucketless&ccb=1-7&_nc_sid=f727a1&_nc_ohc=L9S2MBD1UoEQ7kNvwEnV8E9&_nc_oc=AdqeX2G6H4Ms7_eAbXEP_LMpNDr3qIf1PGbqnnkLRK8bOqJXuaLHRRtTHs__KdSioDhqdcBskACVxm1JMUM6GRa9&_nc_zt=14&_nc_ht=scontent.fsgn5-14.fna&_nc_gid=NzzBoIXzO-hnTW_HFBubyQ&_nc_ss=7b2a8&oh=00_Af9P-twXvzxkrQgun8iIlDabebqsHt5IwLM0k9vyaQLltg&oe=6A43E76E | https://scontent.fsgn5-5.fna.fbcdn.net/v/t39.99422-6/730584843_1747295456625439_5527118230383240564_n.png?stp=dst-jpg_tt6&cstp=mx1638x2048&ctp=p960x960&_nc_cat=106&_nc_map=urlgen_bucketless&ccb=1-7&_nc_sid=f727a1&_nc_ohc=K7ezLjuzt1sQ7kNvwF6KBe2&_nc_oc=AdqWmBiPAAXF2rFAEKVZSYh_hDr5NrhWI394d8QYriIlPTiS_XrJfW9qOTS0ByuzX_eSILSVTj-QCagI6NgrGc2A&_nc_zt=14&_nc_ht=scontent.fsgn5-5.fna&_nc_gid=NzzBoIXzO-hnTW_HFBubyQ&_nc_ss=7b2a8&oh=00_Af9ExMYc1319n3_kEsNPFPPQUGg98So2MwQeRhi_5njQpg&oe=6A43E842 | https://scontent.fsgn5-5.fna.fbcdn.net/v/t39.99422-6/730584843_1747295456625439_5527118230383240564_n.png?stp=dst-jpg_tt6&cstp=mx1638x2048&ctp=s1638x2048&_nc_cat=106&_nc_map=urlgen_bucketless&ccb=1-7&_nc_sid=f727a1&_nc_ohc=K7ezLjuzt1sQ7kNvwF6KBe2&_nc_oc=AdqWmBiPAAXF2rFAEKVZSYh_hDr5NrhWI394d8QYriIlPTiS_XrJfW9qOTS0ByuzX_eSILSVTj-QCagI6NgrGc2A&_nc_zt=14&_nc_ht=scontent.fsgn5-5.fna&_nc_gid=NzzBoIXzO-hnTW_HFBubyQ&_nc_ss=7b2a8&oh=00_Af9ExMYc1319n3_kEsNPFPPQUGg98So2MwQeRhi_5njQpg&oe=6A43E842 | https://scontent.fsgn5-13.fna.fbcdn.net/v/t39.99422-6/730776734_1038438088641177_2347376850950067944_n.png?stp=dst-jpg_tt6&cstp=mx1638x2048&ctp=p960x960&_nc_cat=103&_nc_map=urlgen_bucketless&ccb=1-7&_nc_sid=f727a1&_nc_ohc=b93geetZ3IEQ7kNvwGET8k3&_nc_oc=AdpxB5Z-XJgx19xphDplDToheBM1AXs4C6VeDC-MvoTahNHzz-YgRnPqI6HVq6wPo-s9UZ9zwg7TCJ4dYzS-RS2o&_nc_zt=14&_nc_ht=scontent.fsgn5-13.fna&_nc_gid=NzzBoIXzO-hnTW_HFBubyQ&_nc_ss=7b2a8&oh=00_Af_o1qf7UaNlHp7Tsr2eu2ChQGBdC71RrEIDxrQ3252koQ&oe=6A43C205 | https://scontent.fsgn5-13.fna.fbcdn.net/v/t39.99422-6/730776734_1038438088641177_2347376850950067944_n.png?stp=dst-jpg_tt6&cstp=mx1638x2048&ctp=s1638x2048&_nc_cat=103&_nc_map=urlgen_bucketless&ccb=1-7&_nc_sid=f727a1&_nc_ohc=b93geetZ3IEQ7kNvwGET8k3&_nc_oc=AdpxB5Z-XJgx19xphDplDToheBM1AXs4C6VeDC-MvoTahNHzz-YgRnPqI6HVq6wPo-s9UZ9zwg7TCJ4dYzS-RS2o&_nc_zt=14&_nc_ht=scontent.fsgn5-13.fna&_nc_gid=NzzBoIXzO-hnTW_HFBubyQ&_nc_ss=7b2a8&oh=00_Af_o1qf7UaNlHp7Tsr2eu2ChQGBdC71RrEIDxrQ3252koQ&oe=6A43C205 | https://scontent.fsgn5-11.fna.fbcdn.net/v/t39.99422-6/731615019_995030483312313_5112044421805912477_n.png?stp=dst-jpg_tt6&cstp=mx1638x2048&ctp=p960x960&_nc_cat=111&_nc_map=urlgen_bucketless&ccb=1-7&_nc_sid=f727a1&_nc_ohc=SJqf7yFqXCUQ7kNvwE4pz-w&_nc_oc=Ado8ayVI4__XBfrFHTsHljdNBZZ3Kq6xSqoJm8i_7t8pf_Yz4NHQzkioZOst4w4v7-3xAfdHL_4IVx2pf8vF3okl&_nc_zt=14&_nc_ht=scontent.fsgn5-11.fna&_nc_gid=NzzBoIXzO-hnTW_HFBubyQ&_nc_ss=7b2a8&oh=00_Af9NBO8-PMEeMMLziiGzH0-PhCIAIvp2XOSSYOmN073uvw&oe=6A43EB5A | https://scontent.fsgn5-11.fna.fbcdn.net/v/t39.99422-6/731615019_995030483312313_5112044421805912477_n.png?stp=dst-jpg_tt6&cstp=mx1638x2048&ctp=s1638x2048&_nc_cat=111&_nc_map=urlgen_bucketless&ccb=1-7&_nc_sid=f727a1&_nc_ohc=SJqf7yFqXCUQ7kNvwE4pz-w&_nc_oc=Ado8ayVI4__XBfrFHTsHljdNBZZ3Kq6xSqoJm8i_7t8pf_Yz4NHQzkioZOst4w4v7-3xAfdHL_4IVx2pf8vF3okl&_nc_zt=14&_nc_ht=scontent.fsgn5-11.fna&_nc_gid=NzzBoIXzO-hnTW_HFBubyQ&_nc_ss=7b2a8&oh=00_Af9NBO8-PMEeMMLziiGzH0-PhCIAIvp2XOSSYOmN073uvw&oe=6A43EB5A,,
2026-06-24,"⁉️ 5 CÂU HỎI THƯỜNG GẶP VỀ BẢO HIỂM CHĂM SÓC THAI SẢN TOÀN DIỆN 24/7  Làm mẹ là một quyết định đầy yêu thương, đi cùng với nhiều lo âu và thử thách. Bên cạnh việc chăm sóc sức khỏe, mẹ cần chủ động xây dựng một nền tảng tài chính vững vàng để an tâm tận hưởng một thai kỳ hạnh phúc.  🛡 Bảo hiểm Chăm Sóc Thai Sản Toàn Diện 24/7 của Dai-ichi Life Việt Nam sẽ giúp bố mẹ thêm an tâm khi mẹ và bé được chăm sóc toàn diện suốt thai kỳ và những ngày đầu đời của con yêu.  👇 Mời bạn nhấp vào từng hình để cùng Dai-ichi Life Việt Nam giải đáp ngay 5 thắc mắc về Bảo hiểm Chăm Sóc Thai Sản Toàn Diện 24/7 được các mẹ bầu quan tâm nhất hiện nay.  ✨ Tìm hiểu thêm tại: https://tinyurl.com/maternitypost17  #DaiichiLifeVietNam #BaoHiemNhanTho #BaoHiemThaiSan #NhoCoMeConDenBinhYen #ChamSocMeVaBe #KeHoachTaiChinh  —— Dai-ichi Life Việt Nam Hotline: (028) 3810 0888 - (028) 7308 8880  Website: https://dai-ichi-life.com.vn/ Facebook: https://www.facebook.com/DaiichiLife.Vietnam LinkedIn: https://www.linkedin.com/company/dai-ichi-life-vietnam/ Youtube: https://www.youtube.com/@DaiichiLifeVietNamOfficial Zalo OA: https://tinyurl.com/daiichilifevietnam",Dai-ichi Life Việt Nam,349,10,3,https://www.facebook.com/DaiichiLife.Vietnam,https://www.facebook.com/DaiichiLife.Vietnam/posts/pfbid029xsBpHgHFNVaXeoB5tUNWVr81fj6mGXqohGzyV3vit5gLv3HYGpYTpEBHtGosAURl,https://scontent.fsgn5-22.fna.fbcdn.net/v/t39.99422-6/730153367_1306352774549974_1773728070958339554_n.png?stp=dst-jpg_tt6&cstp=mx2000x2000&ctp=s2000x2000&_nc_cat=108&_nc_map=urlgen_bucketless&ccb=1-7&_nc_sid=f727a1&_nc_ohc=UF4oSx04Q_cQ7kNvwEaNj1Q&_nc_oc=AdolV5e10NJA-NNds7g_uKdZrM-RM6KMaX3YyDLGeQ1u0EEE1YfOf87oQVn8BgB-7DtxXQ6zkzBfZwxlFEso-kq0&_nc_zt=14&_nc_ht=scontent.fsgn5-22.fna&_nc_gid=zYUoHF9weXPbjvRdudgwDA&_nc_ss=7b2a8&oh=00_Af_1Ub_iDboPJO2RV17PQEHNkfGqXT1Y8gmD6rSoXe51sA&oe=6A43CE24 | https://scontent.fsgn5-15.fna.fbcdn.net/v/t39.99422-6/730420970_2055509538419149_5915445388139642961_n.png?stp=dst-jpg_tt6&cstp=mx2000x2000&ctp=s2000x2000&_nc_cat=105&_nc_map=urlgen_bucketless&ccb=1-7&_nc_sid=f727a1&_nc_ohc=smui9My6js0Q7kNvwGEBtKc&_nc_oc=Ado4EoLDDGLNBk7PMQuFCtugog5NxX2_Jod_06m7KBqkiMEq0p9ksY_VaU5liEsQMiaTOGO4KD2CgWE7gOfxsm6n&_nc_zt=14&_nc_ht=scontent.fsgn5-15.fna&_nc_gid=zYUoHF9weXPbjvRdudgwDA&_nc_ss=7b2a8&oh=00_Af876zzW21-0HHGuM3nQb3pvAe36m4mwE9Np0mIzL5bzpw&oe=6A43BE61 | https://scontent.fsgn5-2.fna.fbcdn.net/v/t39.99422-6/730069916_1051694744050362_885887541084175983_n.png?stp=dst-jpg_tt6&cstp=mx2000x2000&ctp=s2000x2000&_nc_cat=100&_nc_map=urlgen_bucketless&ccb=1-7&_nc_sid=f727a1&_nc_ohc=_rwxAMa3xDsQ7kNvwEFZct3&_nc_oc=AdpH89x_gGavW2XX-SgKUGI3kmx-NhbCyitbWPnEwLOKc9NerIl9Uklcc2s8lexj6F5euLHLyC3GPIy3UFaV4O_3&_nc_zt=14&_nc_ht=scontent.fsgn5-2.fna&_nc_gid=zYUoHF9weXPbjvRdudgwDA&_nc_ss=7b2a8&oh=00_Af_1QhddFVgBEmV_NfOhbyfcRy6gRzeCTlT2mkqvSBjWzQ&oe=6A43E2B1 | https://scontent.fsgn5-21.fna.fbcdn.net/v/t39.99422-6/730503431_1480166080820464_2789713068141782372_n.png?stp=dst-jpg_tt6&cstp=mx2000x2000&ctp=s2000x2000&_nc_cat=101&_nc_map=urlgen_bucketless&ccb=1-7&_nc_sid=f727a1&_nc_ohc=6x_vKNpiQv4Q7kNvwEGi34K&_nc_oc=Adqs_QtBqxif5ZlxDXCvsHOjFJz3_MocxDxO_3JZw98BGwmsgF_a6dyfG7FsFY_8wrMIz5c3KY_JJKaa2h1tOJGp&_nc_zt=14&_nc_ht=scontent.fsgn5-21.fna&_nc_gid=zYUoHF9weXPbjvRdudgwDA&_nc_ss=7b2a8&oh=00_Af-S3nAdqvUF57ZSYODY8ktWMZVsKFJ-IaXYewo6mbo-yg&oe=6A43CFCA | https://scontent.fsgn5-9.fna.fbcdn.net/v/t39.99422-6/729275984_1203995171819202_2808325759777168450_n.png?stp=dst-jpg_tt6&cstp=mx2048x2048&ctp=s2048x2048&_nc_cat=100&_nc_map=urlgen_bucketless&ccb=1-7&_nc_sid=f727a1&_nc_ohc=7dosLIKq7jQQ7kNvwGllXCX&_nc_oc=AdpIL1rhB-I8Mp5vzHj4Q5kIxtnhY7vblboht7If-T0tqElVsDPUUosZG1S2Rmosa521wA3MVSM1srwTUa6OMH8T&_nc_zt=14&_nc_ht=scontent.fsgn5-9.fna&_nc_gid=zYUoHF9weXPbjvRdudgwDA&_nc_ss=7b2a8&oh=00_Af_ENceSMNrPEIvnOHqPNYRBLjwqvuuDHnLz3wHe5OWKgA&oe=6A43D79A,,
2026-06-22,"✨ Dai-ichi Life Việt Nam tiếp tục khẳng định vị thế Top 3 Công ty Bảo hiểm Nhân thọ uy tín 2026  Dai-ichi Life Việt Nam tự hào tiếp tục giữ vị trí Top 3 trong Bảng xếp hạng Top 10 Công ty Bảo hiểm nhân thọ uy tín năm 2026, theo công bố của Vietnam Report phối hợp cùng Báo VietNamNet vào ngày 18/06/2026.  Thành tích này không chỉ nối dài hành trình 11 năm liên tiếp góp mặt trong Bảng xếp hạng uy tín, mà còn là minh chứng cho:  🌟 Năng lực tài chính vững mạnh 🌟 Chất lượng sản phẩm & dịch vụ ưu việt 🌟 Niềm tin bền vững từ hơn 5,2 triệu khách hàng và gia đình  ❤️ Xin cảm ơn Quý Khách hàng, Đối tác và Cộng đồng đã luôn tin tưởng lựa chọn Dai-ichi Life Việt Nam trên hành trình kiến tạo cuộc sống bình an và tương lai an tâm tươi sáng. Chúng tôi cam kết sẽ tiếp tục nâng cao chất lượng sản phẩm, dịch vụ, chuyển đổi số để tối ưu hóa trải nghiệm và “Gắn bó dài lâu” cùng thế hệ hôm nay và mai sau.  Chi tiết Bảng xếp hạng Top 10 Công ty Bảo hiểm nhân thọ uy tín năm 2026 tham khảo tại đây: https://vietnamreport.net/Top-10-Cong-ty-Bao-hiem-uy-tin-nam-2026-12500-1006.html  #DaiichiLifeVietnam #Top10UyTin2026 #BaoHiemNhanTho #VietnamReport #UyTinThuongHieu #GanBoDaiLau #CustomerFirst #InsuranceVietnam #BrandTrust #DaiichiLife",Dai-ichi Life Việt Nam,225,108,20,https://www.facebook.com/DaiichiLife.Vietnam,https://www.facebook.com/DaiichiLife.Vietnam/posts/pfbid02r5hMrL4V68XL176stDu8k4GULjCfYgPQN56rSkP4WHyj36hXMWyHdk83nbCocStal,https://scontent.fsgn5-15.fna.fbcdn.net/v/t39.99422-6/729616404_1407629044509711_940605882148923818_n.png?stp=dst-jpg_tt6&cstp=mx2048x2048&ctp=s1080x2048&_nc_cat=108&_nc_map=urlgen_bucketless&ccb=1-7&_nc_sid=833d8c&_nc_ohc=vsOw0r-FyscQ7kNvwFCkbNP&_nc_oc=Adq1Q_QNKqHAhvX6vbQrI7qCINAg9q_6LBU8-KnEJ5wNypth_ZVM-wSTg25Td38_5EUIafF1BhJqxYUhNc5ULeWg&_nc_zt=14&_nc_ht=scontent.fsgn5-15.fna&_nc_gid=zYUoHF9weXPbjvRdudgwDA&_nc_ss=7b2a8&oh=00_Af-h1Nr7xmdPqMehSh12BkVkS8Iq6iZbcb9fOvJbOQNAnw&oe=6A43D400,,
2026-06-21,"CHÚC MỪNG NGÀY BÁO CHÍ CÁCH MẠNG VIỆT NAM 21/6  Nhân Ngày Báo chí Cách mạng Việt Nam 21/6, Dai-ichi Life Việt Nam xin gửi lời tri ân sâu sắc đến Quý Anh Chị Nhà báo, Phóng viên và những người làm báo trên cả nước.  Cảm ơn Quý Anh Chị đã luôn đồng hành, lan tỏa những thông tin trung thực, khách quan và nhân văn; góp phần kết nối doanh nghiệp với cộng đồng, truyền cảm hứng về những giá trị tốt đẹp trong cuộc sống.  Kính chúc Quý Anh Chị luôn dồi dào sức khỏe, giữ vững đam mê với nghề và tiếp tục gặt hái nhiều thành công trong sự nghiệp.  #NgayBaoChiCachMangVietNam #DaiichiLifeVietNam",Dai-ichi Life Việt Nam,48,2,2,https://www.facebook.com/DaiichiLife.Vietnam,https://www.facebook.com/DaiichiLife.Vietnam/posts/pfbid02HSRuYsyYsfMeXuKSNkBYwCYY19TVTTv84pB8yUCYvN6cUNLCszLTCrRyuGTuW4F6l,https://scontent.fsgn5-14.fna.fbcdn.net/v/t39.99422-6/727940809_1000797032333604_2197938380014621617_n.png?stp=dst-jpg_tt6&cstp=mx1440x1440&ctp=s1080x2048&_nc_cat=109&_nc_map=urlgen_bucketless&ccb=1-7&_nc_sid=833d8c&_nc_ohc=gH3oIklnkZwQ7kNvwGg0OQE&_nc_oc=AdovriVzVcqp4XjuMrTWlmOdb-ZzJ6hhGDNG82xhy49lazQAupelQFxGLEF0AMvmOGg-cQZgsaSN6HJWCLeJUYYZ&_nc_zt=14&_nc_ht=scontent.fsgn5-14.fna&_nc_gid=zYUoHF9weXPbjvRdudgwDA&_nc_ss=7b2a8&oh=00_Af-z9BrmaTrolLINeIKQBeRYNbRxYz2Hh-G1BfId-4kKNQ&oe=6A43CAC7,,
2026-06-20,"🌸 NGÀY CỦA CHA – ĐIỂM TỰA YÊU THƯƠNG CHO HÀNH TRÌNH CỦA CON 🌸   💙 Yêu thương của Cha không chỉ là chăm lo cho hiện tại mà còn là sự chuẩn bị cho tương lai của những người thân yêu. Với Cha, mọi nỗ lực hôm nay đều mang theo một mong muốn giản đơn: gia đình luôn được bình an và vững vàng trước những điều chưa biết của ngày mai.   🌟 Nhân ngày của Cha, Dai-ichi Life Việt Nam xin gửi lời cảm ơn đến Cha - điểm tựa vững chắc cho gia đình và cho con luôn vững tin tiến bước trên mọi hành trình cuộc sống.   🍀 Hơn 19 năm kiên định với sứ mệnh mang đến sự an tâm tài chính và chăm sóc sức khỏe toàn diện cho hàng triệu gia đình Việt, Dai-ichi Life Việt Nam tự hào là người bạn đồng hành tin cậy của Cha, chu toàn bảo vệ cuộc sống của cả gia đình hôm nay và dựng xây tương lai tươi sáng hơn.  🎈 Hãy cùng tìm hiểu các giải pháp tài chính của Dai-ichi Life Việt Nam phù hợp cho Cha - người trụ cột của gia đình ngay tại đây – bởi khi người trụ cột được bảo vệ, cả gia đình sẽ thêm tự tin trên hành trình phía trước: https://dai-ichi-life.com.vn/giai-phap-bao-hiem  #DaiichiLifeVietNam #DLVN #NgaycuaCha #19Nam #VungTinTienBuoc —— Dai-ichi Life Việt Nam • Hotline: (028) 3810 0888 - (028) 7308 8880 • Website: https://dai-ichi-life.com.vn/ • Facebook: https://www.facebook.com/DaiichiLife.Vietnam • LinkedIn: https://www.linkedin.com/company/dai-ichi-life-vietnam/ • Youtube: https://www.youtube.com/@DaiichiLifeVietNamOfficial • Zalo OA: https://tinyurl.com/daiichilifevietnam",Dai-ichi Life Việt Nam,50,7,0,https://www.facebook.com/DaiichiLife.Vietnam,https://www.facebook.com/DaiichiLife.Vietnam/posts/pfbid02X9b6KGZWVX7uKw2uuakzmXU2U5TcrPyEgHJLbNk1DhWQUp4deU7Uz2RonXccqms5l,https://scontent.fsgn5-12.fna.fbcdn.net/v/t39.99422-6/728463256_1593786872362959_4525124153722426847_n.png?stp=dst-jpg_tt6&cstp=mx2048x2048&ctp=s1080x2048&_nc_cat=102&_nc_map=urlgen_bucketless&ccb=1-7&_nc_sid=127cfc&_nc_ohc=Xm9i7UNnz9IQ7kNvwHaz_HM&_nc_oc=AdqvuZJbIMiaoR2nMEU5BFkHzrKQpievsDHVQ8MAB6z_urWYDwJX2t5OJzgOs9X0C3YkW4gqDGVMuJ-g4G3LaSol&_nc_zt=14&_nc_ht=scontent.fsgn5-12.fna&_nc_gid=pqsjalABSRzOYyWASNkcVw&_nc_ss=7b2a8&oh=00_Af9k6O-8VT_QmSYOqsh34VQHwMVmppTkB6SsTJXmuVQ0ew&oe=6A43BBF9,,
2026-06-19,"VỮNG VÀNG THAI KỲ - VẸN TRÒN YÊU THƯƠNG 💛 Hỗ trợ tài chính kịp thời trước 14 biến chứng thai sản  💕 Hành trình mang thai thật diệu kỳ - khi từng thay đổi trong cơ thể mẹ đều đang âm thầm nuôi dưỡng con yêu lớn lên mỗi ngày. Trong giai đoạn này, mẹ cần được chăm sóc và chuẩn bị chu toàn để luôn vững vàng về mọi mặt.   💎 Bảo hiểm Chăm Sóc Thai Sản Toàn Diện 24/7 từ Dai-ichi Life Việt Nam mang đến điểm tựa tài chính trước 14 biến chứng thai sản:  ✔️ Biến chứng thai sản phổ biến: Hỗ trợ tài chính lên đến 5,5 triệu đồng  ✔️ Biến chứng thai sản nghiêm trọng: Hỗ trợ tài chính lên đến 11 triệu đồng  ✨ Chủ động chọn điểm tựa an tâm cho mẹ và bé cùng Bảo hiểm Chăm Sóc Thai Sản Toàn Diện 24/7.  ✨ Tìm hiểu thêm tại: https://tinyurl.com/maternitypost16  #DaiichiLifeVietNam #BaoHiemNhanTho #BaoHiemThaiSan #NhoCoMeConDenBinhYen #ChamSocMeVaBe #KeHoachTaiChinh  —— Dai-ichi Life Việt Nam Hotline: (028) 3810 0888 - (028) 7308 8880  Website: https://dai-ichi-life.com.vn/ Facebook: https://www.facebook.com/DaiichiLife.Vietnam LinkedIn: https://www.linkedin.com/company/dai-ichi-life-vietnam/ Youtube: https://www.youtube.com/@DaiichiLifeVietNamOfficial Zalo OA: https://tinyurl.com/daiichilifevietnam",Dai-ichi Life Việt Nam,478,13,2,https://www.facebook.com/DaiichiLife.Vietnam,https://www.facebook.com/DaiichiLife.Vietnam/posts/pfbid02voGVn1fveqgzQxvuteF51Wrctke15cf2y4kLMAo2HAk68Lq4WpiMijovVZn68pCwl,https://scontent.fsgn5-5.fna.fbcdn.net/v/t39.30808-6/725733707_1457680436396983_1300714329732359535_n.jpg?stp=dst-jpg_tt6&cstp=mx1196x1800&ctp=p843x403&_nc_cat=103&_nc_map=urlgen_bucketless&ccb=1-7&_nc_sid=f727a1&_nc_ohc=hqCfbfOft0wQ7kNvwFjTKcH&_nc_oc=AdqXvvqrV3RKhRgNSVh0zG51KCw8Y8YhSCjhj3WW78xTJXJyX4HswiBG1ystQSgRViJD8UF4l6IUTXKQje2I4bWy&_nc_zt=23&_nc_ht=scontent.fsgn5-5.fna&_nc_gid=pqsjalABSRzOYyWASNkcVw&_nc_ss=7b2a8&oh=00_Af8yWZYqdE9AfkbwmjcsliAy-qUAier8Ucd9oOnuPl-x7A&oe=6A43C119 | https://scontent.fsgn5-5.fna.fbcdn.net/v/t39.30808-6/725733707_1457680436396983_1300714329732359535_n.jpg?stp=dst-jpg_tt6&cstp=mx1196x1800&ctp=s1196x1800&_nc_cat=103&_nc_map=urlgen_bucketless&ccb=1-7&_nc_sid=f727a1&_nc_ohc=hqCfbfOft0wQ7kNvwFjTKcH&_nc_oc=AdqXvvqrV3RKhRgNSVh0zG51KCw8Y8YhSCjhj3WW78xTJXJyX4HswiBG1ystQSgRViJD8UF4l6IUTXKQje2I4bWy&_nc_zt=23&_nc_ht=scontent.fsgn5-5.fna&_nc_gid=pqsjalABSRzOYyWASNkcVw&_nc_ss=7b2a8&oh=00_Af8yWZYqdE9AfkbwmjcsliAy-qUAier8Ucd9oOnuPl-x7A&oe=6A43C119 | https://scontent.fsgn5-6.fna.fbcdn.net/v/t39.30808-6/722037431_1457681599730200_1442634484300554993_n.jpg?stp=dst-jpg_tt6&cstp=mx2000x2000&ctp=s2000x2000&_nc_cat=103&_nc_map=urlgen_bucketless&ccb=1-7&_nc_sid=f727a1&_nc_ohc=u_Siy4FZrPAQ7kNvwGvNIlb&_nc_oc=AdqBNayviHUBYPyBQyjIoNGnLQnm_koGA3d1DIc8ekRv0uN0XmCB4tP6Y61-DjCQPLm8ksqVJPnCt5adps80T-vr&_nc_zt=23&_nc_ht=scontent.fsgn5-6.fna&_nc_gid=pqsjalABSRzOYyWASNkcVw&_nc_ss=7b2a8&oh=00_Af8R8XShfxvG8SetHBcxNGMt5Be4SxUzukpNGvyChSQEOw&oe=6A43B3CE | https://scontent.fsgn5-15.fna.fbcdn.net/v/t39.30808-6/726808481_1457681776396849_8974006736513357288_n.jpg?stp=dst-jpg_tt6&cstp=mx2000x2000&ctp=s2000x2000&_nc_cat=101&_nc_map=urlgen_bucketless&ccb=1-7&_nc_sid=f727a1&_nc_ohc=RqIgkxiKNkYQ7kNvwGTpvJz&_nc_oc=AdrIPwI3Gs8z47HpswnehQMofqmthmUPf3BbxGl0wXfO50W8NP6gy5l1miEuFCLRhZ7tKJIwq2qnSi7M56IiZQRZ&_nc_zt=23&_nc_ht=scontent.fsgn5-15.fna&_nc_gid=pqsjalABSRzOYyWASNkcVw&_nc_ss=7b2a8&oh=00_Af9MBLEIKBMfpo9f0NeH2kj0NkuTlwnEYiuaTeQ5t4OraA&oe=6A43BED8 | https://scontent.fsgn5-6.fna.fbcdn.net/v/t39.30808-6/725574160_1457682063063487_3902019971076020160_n.jpg?stp=dst-jpg_tt6&cstp=mx2000x2000&ctp=s2000x2000&_nc_cat=106&_nc_map=urlgen_bucketless&ccb=1-7&_nc_sid=f727a1&_nc_ohc=4jC1Qjwvx1oQ7kNvwFefKKB&_nc_oc=AdoZAUYfOkUs8jmVFDFoOFw6HX2yTxPrW01sTTNOtQnQLKZ-Yu82A_7llNjoxAvWjF2wLE7WbDiYWE0J2Zb_h-7O&_nc_zt=23&_nc_ht=scontent.fsgn5-6.fna&_nc_gid=pqsjalABSRzOYyWASNkcVw&_nc_ss=7b2a8&oh=00_Af_zxE81uJ7ul5kw0FhljsDj5isdLNHXQL5jderI71rzRw&oe=6A43D1DF,,
2026-06-17,"🎉 MINIGAME CHỌN ĐÚNG QUYỀN LỢI - RINH NGAY QUÀ XỊN 🎁  🛡️ Chủ động bảo vệ tài chính trước rủi ro bệnh hiểm nghèo là nền tảng giúp bạn tự tin theo đuổi mọi dự định tương lai.  👉 Tham gia minigame để cùng Dai-ichi Life Việt Nam khám phá giải pháp bảo vệ tối ưu từ Bảo hiểm Chăm Sóc Điều Trị Bệnh Hiểm Nghèo 24/7 và có cơ hội “rinh” quà cực “hot” nhé! 🎁  🎁 🎁 🎁 10 Giải May Mắn, mỗi giải là 01 phiếu mua hàng trực tuyến (e-voucher) UrBox mệnh giá tương đương 200.000 đồng.  👉 Cách tham gia vô cùng đơn giản:  ✅ Bước 1: Like và theo dõi Fanpage chính thức của Dai-ichi Life Việt Nam, chia sẻ bài viết này về trang Facebook cá nhân ở chế độ công khai.  ✅ Bước 2: Bình luận đáp án, kèm theo một con số may mắn có 03 chữ số từ 000 - 999 vào dưới bài viết này (Ví dụ: 1A, 2B, 3C, 123).  ✅ Bước 3: Gắn thẻ (tag) tên 3 người bạn vào bình luận, kèm hashtag sau: #DaiichiLifeVietNam #ChamSocDieuTriBenhHiemNgheo247 #BaoHiemBenhHiemNgheo   ⏰ Thời gian tham gia: Từ nay đến 23h59’ ngày 25/06/2026. Bật mí: Bạn có thể tham khảo thông tin về sản phẩm tại: https://tinyurl.com/bhbhiemngheo   -------------- 📌 Lưu ý: • Minigame KHÔNG dành cho Nhân viên và Tư vấn Tài chính Dai-ichi Life Việt Nam. • Tài khoản Facebook tham gia minigame phải có ít nhất 150 bạn bè. • Người tham gia hợp lệ là người hoàn thành đủ các bước theo yêu cầu. • Mỗi người chỉ được tham gia 01 lần duy nhất. • Giải thưởng sẽ được chọn ngẫu nhiên thông qua trang web random.org, dựa trên con số may mắn do người chơi cung cấp. • Kết quả sẽ được công bố dự kiến vào ngày 01/07/2026 dưới phần bình luận của bài viết này. • Trong trường hợp xảy ra tranh chấp, quyền quyết định cuối cùng thuộc về Dai-ichi Life Việt Nam. #DaiichiLifeVietNam #BaoHiemNhanTho #KeHoachTaiChinh #ChamSocDieuTriBenhHiemNgheo247 #BaoHiemBenhHiemNgheo #UrBox  —— Dai-ichi Life Việt Nam Hotline: (028) 3810 0888 - (028) 7308 8880  Website: https://dai-ichi-life.com.vn/ Facebook: https://www.facebook.com/DaiichiLife.Vietnam LinkedIn: https://www.linkedin.com/company/dai-ichi-life-vietnam/ Youtube: https://www.youtube.com/@DaiichiLifeVietNamOfficial Zalo OA: https://tinyurl.com/daiichilifevietnam",Dai-ichi Life Việt Nam,1259,1415,1438,https://www.facebook.com/DaiichiLife.Vietnam,https://www.facebook.com/DaiichiLife.Vietnam/posts/pfbid02trtbSEQjXH2G624Xh7zWGGZ6iZrmxCD5dSU8Qr2bR1iW9anDzqJqXr6pQhzQWiDJl,https://scontent.fsgn5-7.fna.fbcdn.net/v/t39.99422-6/725182113_1994903437783107_700017719955288100_n.png?stp=dst-jpg_tt6&cstp=mx2048x2048&ctp=s2048x2048&_nc_cat=109&_nc_map=urlgen_bucketless&ccb=1-7&_nc_sid=f727a1&_nc_ohc=FfW1-3e9MscQ7kNvwGSe4aA&_nc_oc=Ado2iWKZvr0jBnpgEEUx_sNqTOPTH_8BTUCsc3Yr_OeQ-XMDICGjPTmvykOoTxmd1o_IGpjzZ14ljAK-i6Qmqvil&_nc_zt=14&_nc_ht=scontent.fsgn5-7.fna&_nc_gid=pqsjalABSRzOYyWASNkcVw&_nc_ss=7b2a8&oh=00_Af_Y_-fF8QfBo2bMDHhkhWO9lmYJol0xVB7mk0ZoNQeWSQ&oe=6A43CE25 | https://scontent.fsgn5-5.fna.fbcdn.net/v/t39.99422-6/721104363_1512826697253628_1208874441142334419_n.png?stp=dst-jpg_tt6&cstp=mx2048x2048&ctp=s2048x2048&_nc_cat=106&_nc_map=urlgen_bucketless&ccb=1-7&_nc_sid=f727a1&_nc_ohc=weV7DoRsTNQQ7kNvwHtVloF&_nc_oc=Adruo9NRsmuI0V9KQ5XuShWQSOt7VCMzaaALOaRAqyUGNYyvvFgrybP2E2FJ75IOdjKiOJxes4EXMvki3Qc1w-9u&_nc_zt=14&_nc_ht=scontent.fsgn5-5.fna&_nc_gid=pqsjalABSRzOYyWASNkcVw&_nc_ss=7b2a8&oh=00_Af9X82aqNZBK2lQp-TG9T0RpBecTustr77NzaU7dHWqCJw&oe=6A43CBB9 | https://scontent.fsgn5-10.fna.fbcdn.net/v/t39.99422-6/725904883_848108938357450_7193423287988885724_n.png?stp=dst-jpg_tt6&cstp=mx2048x2048&ctp=s2048x2048&_nc_cat=107&_nc_map=urlgen_bucketless&ccb=1-7&_nc_sid=f727a1&_nc_ohc=JjnUNZcGEdEQ7kNvwH_uQdL&_nc_oc=AdpZ65EjpsJDvdCIkv3HGj154dr03rwazl41KoBPh598jCfLjoEYMQKdZcdXj-3BIM9nNXLD9Pq9r6uY9wQID1ka&_nc_zt=14&_nc_ht=scontent.fsgn5-10.fna&_nc_gid=pqsjalABSRzOYyWASNkcVw&_nc_ss=7b2a8&oh=00_Af_k_J2ScvFtxwqEyCQ5vls1NZoVju1vSTddpgtuMaqBEw&oe=6A43D878 | https://scontent.fsgn5-14.fna.fbcdn.net/v/t39.99422-6/725191914_1343230651079863_3291967909643022789_n.png?stp=dst-jpg_tt6&cstp=mx2048x2048&ctp=s2048x2048&_nc_cat=111&_nc_map=urlgen_bucketless&ccb=1-7&_nc_sid=f727a1&_nc_ohc=5qntmqPtQGoQ7kNvwFRh_ZZ&_nc_oc=AdpifHjZ6tS3nx1YkfHNpjzKmz5Hyu4wblHfFZI1ROXB0GAy717qsZUApyyVjBG6dYLflIeMdTAhSRsXuNbgVsY_&_nc_zt=14&_nc_ht=scontent.fsgn5-14.fna&_nc_gid=pqsjalABSRzOYyWASNkcVw&_nc_ss=7b2a8&oh=00_Af9UCvJGE1_FYkhRe2dz4eEpaRh1mWzjeAKQs3Rp1a79wA&oe=6A43C013,,
2026-06-16,"✨ DAI-ICHI LIFE VIỆT NAM MANG LẠI ÁNH SÁNG CHO BỆNH NHÂN NGHÈO TẠI AN GIANG ✨  Ngày 13/06/2026 – Quỹ “Vì cuộc sống tươi đẹp” của Dai-ichi Life Việt Nam đã phối hợp cùng Hội Bảo trợ Bệnh nhân nghèo TP. HCM, Hội Bảo trợ Người khuyết tật và Trẻ mồ côi tỉnh An Giang và Trung tâm Y tế Châu Phú triển khai thành công chương trình “Đem ánh sáng cho người nghèo 2026”, phẫu thuật mắt miễn phí cho 100 bệnh nhân nghèo bị đục thủy tinh thể tại tỉnh An Giang.  🌟 Đây cũng là đợt phẫu thuật cuối khép lại hành trình ý nghĩa năm 2026 với tổng kinh phí tài trợ 800 triệu đồng, giúp 500 bệnh nhân có hoàn cảnh khó khăn tại Tây Ninh, Lâm Đồng và An Giang được phục hồi thị lực.  💙 Trước đó, trong tháng 5/2026, chương trình đã mang lại ánh sáng cho 400 bệnh nhân tại Tây Ninh và Lâm Đồng, góp phần hoàn thành mục tiêu đầy nhân văn trong năm nay.  🌱 Được khởi xướng từ năm 2009, “Đem ánh sáng cho người nghèo” là một trong những hoạt động chăm sóc sức khỏe cộng đồng bền bỉ của Tập đoàn Daiichi Life và Dai-ichi Life Việt Nam. Sau 17 năm, chương trình đã: • Đóng góp hơn 11 tỷ đồng • Hỗ trợ phục hồi thị lực cho hơn 11.900 bệnh nhân nghèo trên cả nước  💬 Bà Nguyễn Thị Thanh Nhã – Phó Tổng Giám đốc Tài chính Dai-ichi Life Việt Nam chia sẻ: ""Chúng tôi tin rằng, khi ánh sáng được thắp lên trong cuộc đời một người, những giá trị tích cực sẽ tiếp tục lan tỏa đến gia đình và cộng đồng. Dai-ichi Life Việt Nam sẽ tiếp tục đồng hành cùng người dân Việt Nam, mang đến những chương trình thiết thực và ý nghĩa vì một tương lai an tâm và tươi sáng hơn.""  💖 Với tinh thần nhân văn của doanh nghiệp Nhật Bản, Dai-ichi Life Việt Nam tiếp tục kiên định trên hành trình mang đến những giá trị tốt đẹp cho cộng đồng, lan tỏa yêu thương, góp phần xây dựng một xã hội phát triển bền vững và thịnh vượng.  #DaiichiLifeVietnam #ViCuocSongTuoiDep #DemAnhSangChoNguoiNgheo #CSR #ViCongDong",Dai-ichi Life Việt Nam,183,41,7,https://www.facebook.com/DaiichiLife.Vietnam,https://www.facebook.com/DaiichiLife.Vietnam/posts/pfbid02KVFUc9VF6huq8YH5szdfHsNaeHdmszz5LvtRMhbdpniyE5ttnwPPdKnipaQ1MtK3l,https://scontent.fsgn5-21.fna.fbcdn.net/v/t39.99422-6/724673476_1734937370841601_561796178294339954_n.png?stp=dst-jpg_tt6&cstp=mx1800x1000&ctp=p720x720&_nc_cat=101&_nc_map=urlgen_bucketless&ccb=1-7&_nc_sid=127cfc&_nc_ohc=tIFee3qKweEQ7kNvwFb0ZDj&_nc_oc=AdqVAemObZZ57I317g2pL5FWuUoxBGpINQZtf1_21jpgMoVuaO6sX6Svnejhk8uF825rHmT74ToygO1D-6MCHL5O&_nc_zt=14&_nc_ht=scontent.fsgn5-21.fna&_nc_gid=ZDQIHUBkPOT-BmLDIaOZNA&_nc_ss=7b2a8&oh=00_Af_rlWGbMvxS6fSgvL-A17UlPm-aQPbHxXGra78-ErV-Gg&oe=6A43C378 | https://scontent.fsgn5-21.fna.fbcdn.net/v/t39.99422-6/724673476_1734937370841601_561796178294339954_n.png?stp=dst-jpg_tt6&cstp=mx1800x1000&ctp=s1800x1000&_nc_cat=101&_nc_map=urlgen_bucketless&ccb=1-7&_nc_sid=127cfc&_nc_ohc=tIFee3qKweEQ7kNvwFb0ZDj&_nc_oc=AdqVAemObZZ57I317g2pL5FWuUoxBGpINQZtf1_21jpgMoVuaO6sX6Svnejhk8uF825rHmT74ToygO1D-6MCHL5O&_nc_zt=14&_nc_ht=scontent.fsgn5-21.fna&_nc_gid=ZDQIHUBkPOT-BmLDIaOZNA&_nc_ss=7b2a8&oh=00_Af_rlWGbMvxS6fSgvL-A17UlPm-aQPbHxXGra78-ErV-Gg&oe=6A43C378 | https://scontent.fsgn5-14.fna.fbcdn.net/v/t39.99422-6/724472340_1736980240645455_4351364103979362005_n.png?stp=dst-jpg_tt6&cstp=mx1600x1000&ctp=p960x960&_nc_cat=104&_nc_map=urlgen_bucketless&ccb=1-7&_nc_sid=127cfc&_nc_ohc=T_8-0200JqkQ7kNvwEiCUHT&_nc_oc=AdpG-ZHSwhgWuJKhA4NoSr0FSp7SV3W4HJIR6KpWzGKMLrYxoK-06bLjFRlJTBqP8d613l0JUB_WDsUOoOJ83Xun&_nc_zt=14&_nc_ht=scontent.fsgn5-14.fna&_nc_gid=ZDQIHUBkPOT-BmLDIaOZNA&_nc_ss=7b2a8&oh=00_Af9EyVbTl0VKbR-HTucuHM9ljjqiFi0Q8wGmO3EXVVQ43A&oe=6A43D57C | https://scontent.fsgn5-14.fna.fbcdn.net/v/t39.99422-6/724472340_1736980240645455_4351364103979362005_n.png?stp=dst-jpg_tt6&cstp=mx1600x1000&ctp=s1600x1000&_nc_cat=104&_nc_map=urlgen_bucketless&ccb=1-7&_nc_sid=127cfc&_nc_ohc=T_8-0200JqkQ7kNvwEiCUHT&_nc_oc=AdpG-ZHSwhgWuJKhA4NoSr0FSp7SV3W4HJIR6KpWzGKMLrYxoK-06bLjFRlJTBqP8d613l0JUB_WDsUOoOJ83Xun&_nc_zt=14&_nc_ht=scontent.fsgn5-14.fna&_nc_gid=ZDQIHUBkPOT-BmLDIaOZNA&_nc_ss=7b2a8&oh=00_Af9EyVbTl0VKbR-HTucuHM9ljjqiFi0Q8wGmO3EXVVQ43A&oe=6A43D57C | https://scontent.fsgn5-9.fna.fbcdn.net/v/t39.99422-6/724559935_1152612183727922_6690580045562244019_n.png?stp=dst-jpg_tt6&cstp=mx1600x1000&ctp=p960x960&_nc_cat=103&_nc_map=urlgen_bucketless&ccb=1-7&_nc_sid=127cfc&_nc_ohc=0v12FeOVJMoQ7kNvwExvUCj&_nc_oc=AdojEpCUnlENxubairpHMOxEbugEnm5GoI9wWeJfoWd1GfF6bl7eYMDmYly8EhlBUsUIQvlp1I1cB8lQsMNNia75&_nc_zt=14&_nc_ht=scontent.fsgn5-9.fna&_nc_gid=ZDQIHUBkPOT-BmLDIaOZNA&_nc_ss=7b2a8&oh=00_Af-L8mp782t5Kam3M_G8BQqX9I6TwOcV0QQO4zgg8gm-7w&oe=6A43E736 | https://scontent.fsgn5-9.fna.fbcdn.net/v/t39.99422-6/724559935_1152612183727922_6690580045562244019_n.png?stp=dst-jpg_tt6&cstp=mx1600x1000&ctp=s1600x1000&_nc_cat=103&_nc_map=urlgen_bucketless&ccb=1-7&_nc_sid=127cfc&_nc_ohc=0v12FeOVJMoQ7kNvwExvUCj&_nc_oc=AdojEpCUnlENxubairpHMOxEbugEnm5GoI9wWeJfoWd1GfF6bl7eYMDmYly8EhlBUsUIQvlp1I1cB8lQsMNNia75&_nc_zt=14&_nc_ht=scontent.fsgn5-9.fna&_nc_gid=ZDQIHUBkPOT-BmLDIaOZNA&_nc_ss=7b2a8&oh=00_Af-L8mp782t5Kam3M_G8BQqX9I6TwOcV0QQO4zgg8gm-7w&oe=6A43E736 | https://scontent.fsgn5-5.fna.fbcdn.net/v/t39.99422-6/724230691_1021624030637023_1989418259978297_n.png?stp=dst-jpg_tt6&cstp=mx1600x1000&ctp=p960x960&_nc_cat=109&_nc_map=urlgen_bucketless&ccb=1-7&_nc_sid=127cfc&_nc_ohc=nXiIqq8SfkoQ7kNvwES8Xaf&_nc_oc=AdrFtYz5PFksAYXl7ggPYnbc2Hxacrr73xbVzbdXrFfn9DGCytd6O37FhiwkDSBfSib-QDVmUrplRilUx-Q6EjxS&_nc_zt=14&_nc_ht=scontent.fsgn5-5.fna&_nc_gid=ZDQIHUBkPOT-BmLDIaOZNA&_nc_ss=7b2a8&oh=00_Af9v-juQk1RGD7x7DvBQcgW47dtvyrpV_MKu87Im33_olg&oe=6A43C248 | https://scontent.fsgn5-5.fna.fbcdn.net/v/t39.99422-6/724230691_1021624030637023_1989418259978297_n.png?stp=dst-jpg_tt6&cstp=mx1600x1000&ctp=s1600x1000&_nc_cat=109&_nc_map=urlgen_bucketless&ccb=1-7&_nc_sid=127cfc&_nc_ohc=nXiIqq8SfkoQ7kNvwES8Xaf&_nc_oc=AdrFtYz5PFksAYXl7ggPYnbc2Hxacrr73xbVzbdXrFfn9DGCytd6O37FhiwkDSBfSib-QDVmUrplRilUx-Q6EjxS&_nc_zt=14&_nc_ht=scontent.fsgn5-5.fna&_nc_gid=ZDQIHUBkPOT-BmLDIaOZNA&_nc_ss=7b2a8&oh=00_Af9v-juQk1RGD7x7DvBQcgW47dtvyrpV_MKu87Im33_olg&oe=6A43C248 | https://scontent.fsgn5-6.fna.fbcdn.net/v/t39.99422-6/725025817_975259725276744_9127497560805071864_n.png?stp=dst-jpg_tt6&cstp=mx1600x1500&ctp=s1600x1500&_nc_cat=108&_nc_map=urlgen_bucketless&ccb=1-7&_nc_sid=127cfc&_nc_ohc=lu2E3dAPjiwQ7kNvwHUvaAu&_nc_oc=AdqoDh9H4hZZJaIv3Yl0RluWCm5U7-5wDOzkaz6kxkhDrJtxVDFjUE9lf5py19S4aZRLolMZ8TvVkrWqfcLwffdV&_nc_zt=14&_nc_ht=scontent.fsgn5-6.fna&_nc_gid=ZDQIHUBkPOT-BmLDIaOZNA&_nc_ss=7b2a8&oh=00_Af8O7kcBoUTByi90QNdrbBY37GfI_UVbea0j5MXEKOYMbQ&oe=6A43CE7E,,
2026-06-14,"BA THẾ HỆ – MỘT HÀNH TRÌNH AN TÂM ĐƯỢC DUY TRÌ VÀ TIẾP NỐI  “Nhà tôi ba thế hệ đều tham gia bảo hiểm…” – đó là lời chia sẻ đầy tự hào và chân thành từ khách hàng Đỗ Thị Xíu (Thái Nguyên).  Đối với nhiều khách hàng của Dai-ichi Life Việt Nam, bảo hiểm không chỉ là giải pháp bảo vệ tài chính, mà còn là di sản của tình yêu thương. Ở tuổi xế chiều, bác Xíu vẫn tiếp tục hành trình gắn kết này, trao gửi những hợp đồng bảo hiểm mới như món quà cho tương lai của các cháu.  🎥 Hãy cùng lắng nghe những chia sẻ của các khách hàng Dai-ichi Life Việt Nam tại: https://youtu.be/X_Kr3Iby-20  #DaiichiLifeVietnam #DLVN #19nam #VungTinTienBuoc #BaTheHeThamGiaBaoHiem  —— Dai-ichi Life Việt Nam • Hotline: (028) 3810 0888 - (028) 7308 8880 • Website: https://dai-ichi-life.com.vn/ • Facebook: https://www.facebook.com/DaiichiLife.Vietnam • LinkedIn: https://www.linkedin.com/company/dai-ichi-life-vietnam/ • Youtube: https://www.youtube.com/@DaiichiLifeVietNamOfficial • Zalo OA: https://tinyurl.com/daiichilifevietnam",Dai-ichi Life Việt Nam,35,8,1,https://www.facebook.com/DaiichiLife.Vietnam,https://www.facebook.com/reel/1742962450170628/,https://scontent.fsgn5-3.fna.fbcdn.net/v/t15.5256-10/709755458_1652334122741350_4815679990426048127_n.jpg?stp=dst-jpg_tt6&cstp=mx1080x1920&ctp=p960x960&_nc_cat=100&_nc_map=urlgen_bucketless&ccb=1-7&_nc_sid=5fad0e&_nc_ohc=eyIf8cqrfWQQ7kNvwG7h9I8&_nc_oc=AdrJOl2TrNEZwSGD8EZGhkETHH4fLdzNYCkD4a5a9C4TAYd82y9Lyo0pEafhH_SO1TUXXjtHsPVXoPeT2owJwJnb&_nc_zt=23&_nc_ht=scontent.fsgn5-3.fna&_nc_gid=ZDQIHUBkPOT-BmLDIaOZNA&_nc_ss=7b2a8&oh=00_Af9MK-3XiuPH8ZQ5Foqko99nZiU-OIUkNsEEArWtct67bg&oe=6A43DB47 | https://scontent.fsgn5-1.fna.fbcdn.net/o1/v/t2/f2/m412/AQO4izlvMQ-r9mZzVqBToXgafyn05hSmGDIdc8XdMuJrh-ZX5gaTdIrswfXhhEs0z5ShYTeeiNAYKJ0yogjsdfHNps1NRc1u0D5nuR0iUg.mp4?_nc_cat=109&_nc_oc=AdpL9Vb6gHSv6qu5GbwpgFvxmgJWJ0SXK9G8jkRUb5xYUvGHFJHXFGeTmV6Jiyb7m4LW3jZfGgzq_TyatS0WIrb6&_nc_sid=8bf8fe&_nc_ht=scontent.fsgn5-1.fna.fbcdn.net&_nc_ohc=c4wBbjtNgIsQ7kNvwEzAdcn&efg=eyJ2ZW5jb2RlX3RhZyI6Inhwdl9wcm9ncmVzc2l2ZS5GQUNFQk9PSy4uQzMuMzYwLnN2ZV9zZCIsInhwdl9hc3NldF9pZCI6MTI4MTIxMzkyMDY2MjkxNCwiYXNzZXRfYWdlX2RheXMiOjI0LCJ2aV91c2VjYXNlX2lkIjoxMDEyMiwiZHVyYXRpb25fcyI6NTEsInVybGdlbl9zb3VyY2UiOiJ3d3cifQ%3D%3D&ccb=17-1&_nc_gid=ZDQIHUBkPOT-BmLDIaOZNA&_nc_ss=7b2a8&_nc_map=urlgen_bucketless&_nc_zt=28&oh=00_Af_t648-2FnGJ3N8yY-i_v-kBO5pOF_5BDsE5A6B1-2vXA&oe=6A43C7A5&bitrate=273258&tag=sve_sd | https://scontent.fsgn5-11.fna.fbcdn.net/o1/v/t2/f2/m366/AQORvcAaaeOAdUCpo3s266LaFhzHqCERh2w5b4o_8HpR7GxsDn33mdrTaspKTWjr6xc5zP9qMzE8f0-8Mmf_Yutdl7LJexoVii4.mp4?strext=1&_nc_cat=108&_nc_oc=Adp7Ee5kmccwKj3-V7bYVdxgTm-7tKaPL2PjxE6O47a_0UjFQ4bW6yHw6YMXW6B8K6p926ZVzVYTkJgCaRiety--&_nc_sid=8bf8fe&_nc_ht=scontent.fsgn5-11.fna.fbcdn.net&_nc_ohc=x8CAm7spoCQQ7kNvwE5A3rd&efg=eyJ2ZW5jb2RlX3RhZyI6Inhwdl9wcm9ncmVzc2l2ZS5GQUNFQk9PSy4uQzMuMTA4MC5hdjFfY29tcHJlc3NlZF9zb3VyY2UiLCJ4cHZfYXNzZXRfaWQiOjEyODEyMTM5MjA2NjI5MTQsImFzc2V0X2FnZV9kYXlzIjoyNCwidmlfdXNlY2FzZV9pZCI6MTAxMjIsImR1cmF0aW9uX3MiOjUxLCJ1cmxnZW5fc291cmNlIjoid3d3In0%3D&ccb=17-1&_nc_gid=ZDQIHUBkPOT-BmLDIaOZNA&_nc_ss=7b2a8&_nc_map=urlgen_bucketless&_nc_zt=28&oh=00_Af9_vZrT3GFL4AxTk0Q3jwmOVMw8ln90J6QPVike6BqBoA&oe=6A43C346&bitrate=1126426&tag=av1_compressed_source | https://scontent.fsgn5-15.fna.fbcdn.net/v/t15.5256-10/714823289_2086216792240511_7122884066616338042_n.jpg?stp=dst-jpg_tt6&cstp=mx1080x1920&ctp=s960x960&_nc_cat=101&_nc_map=urlgen_bucketless&ccb=1-7&_nc_sid=be8305&_nc_ohc=nh6q5vVobcEQ7kNvwFiTrbb&_nc_oc=Adrvan47KOQjwmwuSvdlFPN6RXrM5D5sXt3lIiuCx2I0tzBap3JfovUDF5rNPMngBaKBh8P_oBdeg1Ca_ycbT4s6&_nc_zt=23&_nc_ht=scontent.fsgn5-15.fna&_nc_gid=ZDQIHUBkPOT-BmLDIaOZNA&_nc_ss=7b2a8&oh=00_Af92RC_BThCHhVHnGW495q-spoUkQD3FIFK4iSxa0UvhsQ&oe=6A43E4B4 | https://scontent.fsgn5-10.fna.fbcdn.net/v/t15.5256-10/723240476_1690188452133773_8255368751780987638_n.jpg?stp=dst-jpg_tt6&cstp=mx1000x1760&ctp=s1000x1760&_nc_cat=104&_nc_map=urlgen_bucketless&ccb=1-7&_nc_sid=06012f&_nc_ohc=Pql4viaA4M8Q7kNvwGK6fFl&_nc_oc=AdpN4A8gD7UouaH7yAYCQQiIkeVD5BPBqiMkMWMhvgHiL29RMeng5y2ib_znyrb6XP-NLz1bghKz9rJpwiiHBpLN&_nc_zt=23&_nc_ht=scontent.fsgn5-10.fna&_nc_gid=ZDQIHUBkPOT-BmLDIaOZNA&_nc_ss=7b2a8&oh=00_Af_9hokYopymdQEnFWUjxgO7mv8uv0ie7wByMqXfeHcZfQ&oe=6A43D1B7,https://www.facebook.com/reel/1742962450170628/,1
2026-06-14,"🏖️ DÁNG KHỎE ĐÓN HÈ RẠNG RỠ  Sức khỏe là nền tảng để tận hưởng trọn vẹn những khoảnh khắc ý nghĩa trong cuộc sống. Chỉ với những thay đổi nhỏ mỗi ngày như ăn uống khoa học và duy trì vận động thường xuyên, bạn đã đang từng bước xây dựng một cơ thể khỏe mạnh, cân đối và trần đầy năng lượng.  ✨Khám phá thực đơn 7 ngày hỗ trợ tăng cơ, giảm mỡ cùng những bí quyết tập luyện hữu ích để sẵn sàng đón mùa hè thật rạng rỡ tại đây: https://info.dai-ichi-life.com.vn/thuc-don-7-ngay  📱 Đồng hành cùng bạn trên hành trình sống khỏe, tính năng “Sức khỏe của tôi” trên Dai-ichi Connect giúp theo dõi các chỉ số sức khỏe cá nhân, ghi nhận sự thay đổi tích cực mỗi ngày và tiếp thêm động lực để duy trì lối sống lành mạnh lâu dài.   Truy cập ngay: https://info.dai-ichi-life.com.vn/Chi-so-suc-khoe-ca-nhan  #DaiichiLife #DLVN #DaiichiLifeVietNam #HesinhthaiSuckhoevaHanhphuc #DaiichiConnect #ChamsoctuTam",Dai-ichi Life Việt Nam,29,1,2,https://www.facebook.com/DaiichiLife.Vietnam,https://www.facebook.com/DaiichiLife.Vietnam/posts/pfbid0Ur8oS4pBJBShowoFE4TRE148FWJ7r2aSkULYQdhFXggw5V8ECT5Pdba1UnXXNQTwl,https://scontent.fsgn5-9.fna.fbcdn.net/v/t39.99422-6/724103813_1022246687328183_2535900672569312576_n.png?stp=dst-jpg_tt6&cstp=mx960x1200&ctp=s960x1200&_nc_cat=104&_nc_map=urlgen_bucketless&ccb=1-7&_nc_sid=127cfc&_nc_ohc=9ps2WbCM7NgQ7kNvwFH6wlr&_nc_oc=AdpnUAbb45nI92Sok7_BRsKKzIlcbcrtsdyYix6U_Upt8ruYPuewn0PhxF96mfTA8uskvCyj9RR-MWZN1xJ9IEuR&_nc_zt=14&_nc_ht=scontent.fsgn5-9.fna&_nc_gid=ZDQIHUBkPOT-BmLDIaOZNA&_nc_ss=7b2a8&oh=00_Af-ECA3G4YdTVuY-oHvey10IMyZyEsTaOT974BQtWXc1jw&oe=6A43CE91,,
2026-06-13,"KHI CÓ BẤT TRẮC, BẢO HIỂM SẼ LÀ NƠI GIÚP MÌNH LO CHO BẢN THÂN VÀ GIA ĐÌNH  Mỗi mái nhà đều có những “trụ cột” gánh vác chở che. Bảo hiểm nhân thọ mang đến một điểm tựa an tâm cho người trụ cột, để khi biến cố xảy đến, vai trò ấy sẽ không bị gián đoạn, mà vẫn tiếp tục hoàn thành trách nhiệm đối với gia đình và những người thân yêu.   Là một khách hàng lâu năm của Dai-ichi Life Việt Nam, việc tham gia bảo hiểm giúp chị Kha Ly an tâm hơn, toàn tâm toàn ý chăm sóc cho bản thân và những người thân yêu.   🎥 Hãy cùng lắng nghe những chia sẻ của chị Kha Ly và các khách hàng khác của Dai-ichi Life Việt Nam tại: https://youtu.be/X_Kr3Iby-20   #DaiichiLifeVietnam #DLVN #19nam #VungTinTienBuoc #BaoVeGiaDinh #AnTamTruocRuiRo #DongHanhTronDoi —— Dai-ichi Life Việt Nam • Hotline: (028) 3810 0888 - (028) 7308 8880 • Website: https://dai-ichi-life.com.vn/ • Facebook: https://www.facebook.com/DaiichiLife.Vietnam • LinkedIn: https://www.linkedin.com/company/dai-ichi-life-vietnam/ • Youtube: https://www.youtube.com/@DaiichiLifeVietNamOfficial • Zalo OA: https://tinyurl.com/daiichilifevietnam",Dai-ichi Life Việt Nam,64,39,0,https://www.facebook.com/DaiichiLife.Vietnam,https://www.facebook.com/reel/1023708863386333/,https://scontent.fsgn5-9.fna.fbcdn.net/v/t15.5256-10/710432081_828307156714010_8515248246164246918_n.jpg?stp=dst-jpg_tt6&cstp=mx1080x1920&ctp=p960x960&_nc_cat=100&_nc_map=urlgen_bucketless&ccb=1-7&_nc_sid=5fad0e&_nc_ohc=n3BR7CIWFgkQ7kNvwFNb1TU&_nc_oc=AdoEAOO4nQxkm7U6EbZ5xmfms52E-32qzgMOfr56szIjP4LNqkEHrPF2s5tw3g5UH9fWSLlgq2j-_3HTBr49v5eO&_nc_zt=23&_nc_ht=scontent.fsgn5-9.fna&_nc_gid=Me4VIIxGXl_-NhZMPx23bA&_nc_ss=7b2a8&oh=00_Af9Xx5sVpk7N-LTeROJIzd7CQBxluNTvoeBbJIoFR9mH9Q&oe=6A43E9DD | https://scontent.fsgn5-11.fna.fbcdn.net/o1/v/t2/f2/m412/AQMmoFISfXhgHeIxZfPH2SgTfIcQoQSzDxmPXBjGjo-yUZrx2Fp5Kz-kfddLBsxbaZIVVWggIrWyH0g1k57U3-5qxTmWXRWHV7csNiWP8A.mp4?_nc_cat=109&_nc_oc=Adq5O6IYrC9CESYCpY29witoXOj_6jyxrTfxB5blxePfTkxjUA5maTuryaMZKfwnp8bbgxz8-LpUV__zAV4N5xH2&_nc_sid=8bf8fe&_nc_ht=scontent.fsgn5-11.fna.fbcdn.net&_nc_ohc=fGlRpifc4B4Q7kNvwHUHDt1&efg=eyJ2ZW5jb2RlX3RhZyI6Inhwdl9wcm9ncmVzc2l2ZS5GQUNFQk9PSy4uQzMuMzYwLnN2ZV9zZCIsInhwdl9hc3NldF9pZCI6OTgyMjE3ODMxMjM0NjkzLCJhc3NldF9hZ2VfZGF5cyI6MjQsInZpX3VzZWNhc2VfaWQiOjEwMTIyLCJkdXJhdGlvbl9zIjozNiwidXJsZ2VuX3NvdXJjZSI6Ind3dyJ9&ccb=17-1&_nc_gid=Me4VIIxGXl_-NhZMPx23bA&_nc_ss=7b2a8&_nc_map=urlgen_bucketless&_nc_zt=28&oh=00_Af9JkTOQNb3oXyqQOYv57RYk_Kq5mTDC2hxsYLOh2JDiig&oe=6A43C831&bitrate=267112&tag=sve_sd | https://scontent.fsgn5-11.fna.fbcdn.net/o1/v/t2/f2/m366/AQPuaeB93jTNmFyPd5L3adTiKs5dfJtt3EEfOqE4yaTrUo5gehZ54fxLymzw09aU-m-WLtZaygUJ7omKn8ot6CO8NqDJlXjoWIE.mp4?strext=1&_nc_cat=111&_nc_oc=AdrmmoA6vhlnn8-om1P5xlVeDuan-I8VKHNFyrK2tFRhp7J-t7sBWoEhUz_SAii5xSef6ZHyZsq66JVB-5T1-KLO&_nc_sid=8bf8fe&_nc_ht=scontent.fsgn5-11.fna.fbcdn.net&_nc_ohc=_VtfPm7anR4Q7kNvwGZPskv&efg=eyJ2ZW5jb2RlX3RhZyI6Inhwdl9wcm9ncmVzc2l2ZS5GQUNFQk9PSy4uQzMuMTA4MC5hdjFfY29tcHJlc3NlZF9zb3VyY2UiLCJ4cHZfYXNzZXRfaWQiOjk4MjIxNzgzMTIzNDY5MywiYXNzZXRfYWdlX2RheXMiOjI0LCJ2aV91c2VjYXNlX2lkIjoxMDEyMiwiZHVyYXRpb25fcyI6MzYsInVybGdlbl9zb3VyY2UiOiJ3d3cifQ%3D%3D&ccb=17-1&_nc_gid=Me4VIIxGXl_-NhZMPx23bA&_nc_ss=7b2a8&_nc_map=urlgen_bucketless&_nc_zt=28&oh=00_Af-N00wMb_p_ngdVsrXx8OjvxE_ShSu9zM3fqrZUWYTuBQ&oe=6A43CE8F&bitrate=1152165&tag=av1_compressed_source | https://scontent.fsgn5-8.fna.fbcdn.net/v/t15.5256-10/709646779_2231717810963326_2510833885474633239_n.jpg?stp=dst-jpg_tt6&cstp=mx1080x1920&ctp=s960x960&_nc_cat=110&_nc_map=urlgen_bucketless&ccb=1-7&_nc_sid=be8305&_nc_ohc=eM5W0jAi-T0Q7kNvwH-1fj2&_nc_oc=AdoplCMkTGmq7Zv7U0eSf3aAKt9Qr_JKIOzHklF4VGCi3erG9WjjgfgoHQzUqmHHMHdlrXu0cAWQYzwoYd7r9EcI&_nc_zt=23&_nc_ht=scontent.fsgn5-8.fna&_nc_gid=Me4VIIxGXl_-NhZMPx23bA&_nc_ss=7b2a8&oh=00_Af9PBhQNeX9EAnzyVpyd5VJB1AToUs9SuyZKMK8KkmdoZA&oe=6A43D2BE | https://scontent.fsgn5-8.fna.fbcdn.net/v/t15.5256-10/724419893_1541700884288251_3783428481628782645_n.jpg?stp=dst-jpg_tt6&cstp=mx1000x1760&ctp=s1000x1760&_nc_cat=109&_nc_map=urlgen_bucketless&ccb=1-7&_nc_sid=06012f&_nc_ohc=PypU4MPWWa8Q7kNvwGeqDT1&_nc_oc=Ado0a6SqQ2YcTRKAGaKXo9-HhccesbJt3PbEfeg7KqRpULdEQGhpirlrp6OerXG09ibs9T9buNmXj5FgxThTuTyF&_nc_zt=23&_nc_ht=scontent.fsgn5-8.fna&_nc_gid=Me4VIIxGXl_-NhZMPx23bA&_nc_ss=7b2a8&oh=00_Af-TkbdQiecwTNyYyOGkqr6ta3Gc5sk9K1NjwiDZBSVLEQ&oe=6A43D43A,https://www.facebook.com/reel/1023708863386333/,1
2026-06-13,"📚✨ LAN TỎA TRI THỨC – CHẮP CÁNH ƯỚC MƠ CHO TRẺ EM VÙNG CAO ✨📚  Hưởng ứng Tháng hành động vì trẻ em 2026, sáng nay (12/6), Quỹ “Vì cuộc sống tươi đẹp” của Dai-ichi Life Việt Nam đã khánh thành “Thư viện Hạnh phúc” tại Trường Tiểu học Chi Lăng, tỉnh Lạng Sơn với kinh phí tài trợ 80 triệu đồng.  Thư viện được cải tạo khang trang, bổ sung hơn 600 đầu sách mới, trong đó có gần 300 đầu sách mang yếu tố Nhật Bản với nhiều chủ đề đa dạng từ kỹ năng sống, giáo dục tài chính, khoa học, lịch sử, văn hóa đến truyện thiếu nhi, góp phần mở rộng tri thức, nuôi dưỡng niềm yêu thích đọc sách và mang đến môi trường học tập thân thiện cho các em học sinh vùng cao.  Đây là “Thư viện Hạnh phúc” thứ hai trong dự án cải tạo và trao tặng 11 thư viện trường học trên toàn quốc với tổng ngân sách 880 triệu đồng.  💬 Ông Trần Đình Quân – Chủ tịch Hội đồng Thành viên Dai-ichi Life Việt Nam, kiêm Chủ tịch Quỹ “Vì cuộc sống tươi đẹp”, chia sẻ: “Thông qua dự án ‘Thư viện Hạnh phúc’, chúng tôi mong muốn mang đến cơ hội tiếp cận tri thức, khơi mở ước mơ và tiếp thêm động lực để các em học sinh tự tin vươn tới tương lai tươi sáng hơn. Với triết lý kinh doanh “Tất cả vì con người”, Dai-ichi Life Việt Nam cam kết tiếp tục đồng hành cùng trẻ em Việt Nam thông qua những hoạt động hỗ trợ thiết thực và bền vững, góp phần xây dựng một thế hệ tương lai giàu tri thức, bản lĩnh và trách nhiệm với cộng đồng’.  #DaiichiLifeVietNam #KetNoiTrieuYeuThuong #ThuVienHanhPhuc #ViCuocSongTuoiDep #ThangHanhDongViTreEm2026",Dai-ichi Life Việt Nam,175,26,20,https://www.facebook.com/DaiichiLife.Vietnam,https://www.facebook.com/DaiichiLife.Vietnam/posts/pfbid02tRmkprTfqY4ikowtyKcbsihhwkpyPKDHJSgwp6iZeb24ipumfhg8ov5tamx3FpDsl,https://scontent.fsgn5-5.fna.fbcdn.net/v/t39.99422-6/723428249_1309477868010453_4863060260802503266_n.png?stp=dst-jpg_tt6&cstp=mx2233x1000&ctp=p180x540&_nc_cat=100&_nc_map=urlgen_bucketless&ccb=1-7&_nc_sid=127cfc&_nc_ohc=aR091KfOkpEQ7kNvwEmaVqh&_nc_oc=AdqRY-22lpBxin_6t16s1Um648hNKIl0jTCYR498DvhuT9-PYZ3IGPrEExIPf9cYhOQuvmX9T7BQY7k1urG3-3R-&_nc_zt=14&_nc_ht=scontent.fsgn5-5.fna&_nc_gid=Me4VIIxGXl_-NhZMPx23bA&_nc_ss=7b2a8&oh=00_Af8FJTtcaZwpAElAIYpM6aH6oxwkos96ByhjxqYGkyQraQ&oe=6A43C073 | https://scontent.fsgn5-5.fna.fbcdn.net/v/t39.99422-6/723428249_1309477868010453_4863060260802503266_n.png?stp=dst-jpg_tt6&cstp=mx2233x1000&ctp=s2233x1000&_nc_cat=100&_nc_map=urlgen_bucketless&ccb=1-7&_nc_sid=127cfc&_nc_ohc=aR091KfOkpEQ7kNvwEmaVqh&_nc_oc=AdqRY-22lpBxin_6t16s1Um648hNKIl0jTCYR498DvhuT9-PYZ3IGPrEExIPf9cYhOQuvmX9T7BQY7k1urG3-3R-&_nc_zt=14&_nc_ht=scontent.fsgn5-5.fna&_nc_gid=Me4VIIxGXl_-NhZMPx23bA&_nc_ss=7b2a8&oh=00_Af8FJTtcaZwpAElAIYpM6aH6oxwkos96ByhjxqYGkyQraQ&oe=6A43C073 | https://scontent.fsgn5-11.fna.fbcdn.net/v/t39.99422-6/723257040_1374462527877719_2788452067224066616_n.png?stp=dst-jpg_tt6&cstp=mx1586x992&ctp=p960x960&_nc_cat=111&_nc_map=urlgen_bucketless&ccb=1-7&_nc_sid=127cfc&_nc_ohc=YgsjFqKNSXkQ7kNvwFwMED6&_nc_oc=AdpZzTsIGhnP6m-b2_BNDL1rWA5CVN_RLjNFi8iuDRQ0DwFig-E2sxX57jWLtNe0uJvMimpYpyYzKulZ33R0g8hr&_nc_zt=14&_nc_ht=scontent.fsgn5-11.fna&_nc_gid=Me4VIIxGXl_-NhZMPx23bA&_nc_ss=7b2a8&oh=00_Af9WTQeugeOWAincl7HbncC6Z0XvNj90vQ_TF8DA4YqIaQ&oe=6A43E8CB | https://scontent.fsgn5-11.fna.fbcdn.net/v/t39.99422-6/723257040_1374462527877719_2788452067224066616_n.png?stp=dst-jpg_tt6&cstp=mx1586x992&ctp=s1586x992&_nc_cat=111&_nc_map=urlgen_bucketless&ccb=1-7&_nc_sid=127cfc&_nc_ohc=YgsjFqKNSXkQ7kNvwFwMED6&_nc_oc=AdpZzTsIGhnP6m-b2_BNDL1rWA5CVN_RLjNFi8iuDRQ0DwFig-E2sxX57jWLtNe0uJvMimpYpyYzKulZ33R0g8hr&_nc_zt=14&_nc_ht=scontent.fsgn5-11.fna&_nc_gid=Me4VIIxGXl_-NhZMPx23bA&_nc_ss=7b2a8&oh=00_Af9WTQeugeOWAincl7HbncC6Z0XvNj90vQ_TF8DA4YqIaQ&oe=6A43E8CB | https://scontent.fsgn5-21.fna.fbcdn.net/v/t39.99422-6/724270964_1634142461027487_2012774805268421538_n.png?stp=dst-jpg_tt6&cstp=mx1600x1000&ctp=p960x960&_nc_cat=110&_nc_map=urlgen_bucketless&ccb=1-7&_nc_sid=127cfc&_nc_ohc=_V6xsgwE3NwQ7kNvwHX_8CM&_nc_oc=AdrS2_7muG4PecfkwnySQr8z5bSNCXUDQcAhMZNSzxn-HiJU2A8ptOUE173i8cAE_bkcH5Zdl4twkN5LZQXwXTcF&_nc_zt=14&_nc_ht=scontent.fsgn5-21.fna&_nc_gid=Me4VIIxGXl_-NhZMPx23bA&_nc_ss=7b2a8&oh=00_Af8WMbtaPDiSWA3rGzo7nh68NhlBx53UJx3T0UC9jfnkOA&oe=6A43D7DC | https://scontent.fsgn5-21.fna.fbcdn.net/v/t39.99422-6/724270964_1634142461027487_2012774805268421538_n.png?stp=dst-jpg_tt6&cstp=mx1600x1000&ctp=s1600x1000&_nc_cat=110&_nc_map=urlgen_bucketless&ccb=1-7&_nc_sid=127cfc&_nc_ohc=_V6xsgwE3NwQ7kNvwHX_8CM&_nc_oc=AdrS2_7muG4PecfkwnySQr8z5bSNCXUDQcAhMZNSzxn-HiJU2A8ptOUE173i8cAE_bkcH5Zdl4twkN5LZQXwXTcF&_nc_zt=14&_nc_ht=scontent.fsgn5-21.fna&_nc_gid=Me4VIIxGXl_-NhZMPx23bA&_nc_ss=7b2a8&oh=00_Af8WMbtaPDiSWA3rGzo7nh68NhlBx53UJx3T0UC9jfnkOA&oe=6A43D7DC | https://scontent.fsgn5-10.fna.fbcdn.net/v/t39.99422-6/723918629_2161410164647873_8274165545586856793_n.png?stp=dst-jpg_tt6&cstp=mx2233x1000&ctp=p180x540&_nc_cat=108&_nc_map=urlgen_bucketless&ccb=1-7&_nc_sid=127cfc&_nc_ohc=IriAhWuM57oQ7kNvwGJPoQe&_nc_oc=AdoqBXnNru-7mYLHi2dPzQQpNOnW4e1GSlOp-0SwyB8oLIJvvPaI6gamkVUzfTATJMKXCBmDl-6rmPKsLEtIgPM_&_nc_zt=14&_nc_ht=scontent.fsgn5-10.fna&_nc_gid=Me4VIIxGXl_-NhZMPx23bA&_nc_ss=7b2a8&oh=00_Af9rrkGb8bwObhdHcuMEte1jqPVE8FAhuKwpCEkLvpMadQ&oe=6A43BC4B | https://scontent.fsgn5-10.fna.fbcdn.net/v/t39.99422-6/723918629_2161410164647873_8274165545586856793_n.png?stp=dst-jpg_tt6&cstp=mx2233x1000&ctp=s2233x1000&_nc_cat=108&_nc_map=urlgen_bucketless&ccb=1-7&_nc_sid=127cfc&_nc_ohc=IriAhWuM57oQ7kNvwGJPoQe&_nc_oc=AdoqBXnNru-7mYLHi2dPzQQpNOnW4e1GSlOp-0SwyB8oLIJvvPaI6gamkVUzfTATJMKXCBmDl-6rmPKsLEtIgPM_&_nc_zt=14&_nc_ht=scontent.fsgn5-10.fna&_nc_gid=Me4VIIxGXl_-NhZMPx23bA&_nc_ss=7b2a8&oh=00_Af9rrkGb8bwObhdHcuMEte1jqPVE8FAhuKwpCEkLvpMadQ&oe=6A43BC4B | https://scontent.fsgn5-1.fna.fbcdn.net/v/t39.99422-6/721105063_2085852952276804_3020235513428069997_n.png?stp=dst-jpg_tt6&cstp=mx1639x1000&ctp=p720x720&_nc_cat=105&_nc_map=urlgen_bucketless&ccb=1-7&_nc_sid=127cfc&_nc_ohc=B4IAGhv_dy0Q7kNvwE3Mvj-&_nc_oc=AdqqKlrxwNWt2PES2Hsx7say78JKt701iaHY1i8OQ0PyF5oJBQp3hmtVjL08S_NWExd_7PcHg4MkpvrKwRm67acd&_nc_zt=14&_nc_ht=scontent.fsgn5-1.fna&_nc_gid=Me4VIIxGXl_-NhZMPx23bA&_nc_ss=7b2a8&oh=00_Af-pXQHXQN398SV8_vCAK3Rscwu060Utxo98kwh7KQ5FBQ&oe=6A43E6E8 | https://scontent.fsgn5-1.fna.fbcdn.net/v/t39.99422-6/721105063_2085852952276804_3020235513428069997_n.png?stp=dst-jpg_tt6&cstp=mx1639x1000&ctp=s1639x1000&_nc_cat=105&_nc_map=urlgen_bucketless&ccb=1-7&_nc_sid=127cfc&_nc_ohc=B4IAGhv_dy0Q7kNvwE3Mvj-&_nc_oc=AdqqKlrxwNWt2PES2Hsx7say78JKt701iaHY1i8OQ0PyF5oJBQp3hmtVjL08S_NWExd_7PcHg4MkpvrKwRm67acd&_nc_zt=14&_nc_ht=scontent.fsgn5-1.fna&_nc_gid=Me4VIIxGXl_-NhZMPx23bA&_nc_ss=7b2a8&oh=00_Af-pXQHXQN398SV8_vCAK3Rscwu060Utxo98kwh7KQ5FBQ&oe=6A43E6E8,,
2026-06-12,"🏖️TRẠM AN NHIÊN DAI-ICHI LIFE | THÁNG 05/2026🌸  Tháng 05 vừa qua, “Trạm An Nhiên Dai-ichi Life” đã mở ra mùa hè rực rỡ và tràn ngập cảm xúc với thông điệp “Vững vai kề - Trọn yêu thương”, mang đến những cuối tuần đáng nhớ cho bé và gia đình.  ✨ Cùng “Trạm An Nhiên” điểm lại chuỗi sự kiện đầy ắp tiếng cười và những trải nghiệm sáng tạo của các gia đình trong tháng 05 vừa qua nhé:  🌈Phối trộn những lớp cát nhiều màu sắc với hoạt động Terrarium cát độc đáo tại Hà Nội (09/05), TP.HCM (23/05), Hà Nội (23/05). 🌊Đưa cả đại dương bao la vào Tranh cát đắp nổi chủ đề biển tại TP.HCM (10/05), Hà Nội (23/05), Hà Nội (30/05). 🌳Tự tay làm quả cầu rêu Kokedama theo phong cách Nhật Bản tại Lạng Sơn (16/05), Hòa Bình (17/05). 🏮Thư giãn với workshop Sen đá tại Quảng Ninh (23/05). 🌺Sáng tạo khu vườn thiên nhiên thu nhỏ với Terrarium xanh mát tại Ninh Bình (24/05).  Mỗi workshop không chỉ mang đến sân chơi lành mạnh, khơi gợi trí sáng tạo cho các bạn nhỏ, mà còn là khoảng thời gian chất lượng để cả nhà cùng gắn kết, lưu giữ những khoảnh khắc an yên sau một tuần học tập và làm việc.  💚 Trong tháng 06/2026, Trạm An Nhiên Dai-ichi Life sẽ tiếp tục hành trình “mở trạm” tại nhiều tỉnh/thành trên cả nước. Hãy chờ đón những “điểm hẹn an nhiên” tiếp theo!  #DaiichiLife #Workshop #TramAnNhien #Vungtintienbuoc",Dai-ichi Life Việt Nam,34,5,3,https://www.facebook.com/DaiichiLife.Vietnam,https://www.facebook.com/DaiichiLife.Vietnam/posts/pfbid021HxG118874q6asXzPiaumqA2x1Kkis94HeVs9iSZWQMA6v1iHt3UWA8NJvzjANrLl,https://scontent.fsgn5-7.fna.fbcdn.net/v/t39.99422-6/723768979_985736180897040_5225940665643365736_n.png?stp=dst-jpg_tt6&cstp=mx2048x2048&ctp=s2048x2048&_nc_cat=109&_nc_map=urlgen_bucketless&ccb=1-7&_nc_sid=127cfc&_nc_ohc=FmmKOyeHmSoQ7kNvwF-6dD5&_nc_oc=AdrJoxhIXKFQoCGxUUtXZoz9zZejQc_rxjQrJDx2NuElVATGEXjSPm_DpINFgvEqknOKOyQctWTKIem1cQ_DkFFy&_nc_zt=14&_nc_ht=scontent.fsgn5-7.fna&_nc_gid=Me4VIIxGXl_-NhZMPx23bA&_nc_ss=7b2a8&oh=00_Af-didm_E9zEzxuwPWIHC44SUCnRNWM4kKtqAym4oZ_DHQ&oe=6A43C999 | https://scontent.fsgn5-10.fna.fbcdn.net/v/t39.99422-6/721223556_4186196294857432_8700035958291577205_n.png?stp=dst-jpg_tt6&cstp=mx1600x1000&ctp=p960x960&_nc_cat=110&_nc_map=urlgen_bucketless&ccb=1-7&_nc_sid=127cfc&_nc_ohc=zufe_-e2leYQ7kNvwGIJNY_&_nc_oc=AdrWmNfxfV_GeWH1yirPCcFdtya5qIZNbjl6eQOLYjVf3BvKyorjHz7L2BVXxA_csD6_i0ixyV4MFwGpkcxnJLSI&_nc_zt=14&_nc_ht=scontent.fsgn5-10.fna&_nc_gid=Me4VIIxGXl_-NhZMPx23bA&_nc_ss=7b2a8&oh=00_Af9Qvgn50IwIHQfU6LTk7dcE7mAueLQ9Qzekp4QKEbHsUw&oe=6A43B399 | https://scontent.fsgn5-10.fna.fbcdn.net/v/t39.99422-6/721223556_4186196294857432_8700035958291577205_n.png?stp=dst-jpg_tt6&cstp=mx1600x1000&ctp=s1600x1000&_nc_cat=110&_nc_map=urlgen_bucketless&ccb=1-7&_nc_sid=127cfc&_nc_ohc=zufe_-e2leYQ7kNvwGIJNY_&_nc_oc=AdrWmNfxfV_GeWH1yirPCcFdtya5qIZNbjl6eQOLYjVf3BvKyorjHz7L2BVXxA_csD6_i0ixyV4MFwGpkcxnJLSI&_nc_zt=14&_nc_ht=scontent.fsgn5-10.fna&_nc_gid=Me4VIIxGXl_-NhZMPx23bA&_nc_ss=7b2a8&oh=00_Af9Qvgn50IwIHQfU6LTk7dcE7mAueLQ9Qzekp4QKEbHsUw&oe=6A43B399 | https://scontent.fsgn5-21.fna.fbcdn.net/v/t39.99422-6/722116192_1326093366329532_2464726835360162122_n.png?stp=dst-jpg_tt6&cstp=mx1600x1000&ctp=p960x960&_nc_cat=110&_nc_map=urlgen_bucketless&ccb=1-7&_nc_sid=127cfc&_nc_ohc=Pi2pYHO99bMQ7kNvwEZcNM3&_nc_oc=AdraXHnH75CKSutt30EpwLBswh5XsEdqpOhWVnNJEy15YYR5sTfYUIZr0fISseYUykREHeSZxq8jA0HCWuUDPVzu&_nc_zt=14&_nc_ht=scontent.fsgn5-21.fna&_nc_gid=Me4VIIxGXl_-NhZMPx23bA&_nc_ss=7b2a8&oh=00_Af8us0DSNTr6udt2POvklPMV0oGAZy5XnFh4DqLRPQvB1g&oe=6A43D7C1 | https://scontent.fsgn5-21.fna.fbcdn.net/v/t39.99422-6/722116192_1326093366329532_2464726835360162122_n.png?stp=dst-jpg_tt6&cstp=mx1600x1000&ctp=s1600x1000&_nc_cat=110&_nc_map=urlgen_bucketless&ccb=1-7&_nc_sid=127cfc&_nc_ohc=Pi2pYHO99bMQ7kNvwEZcNM3&_nc_oc=AdraXHnH75CKSutt30EpwLBswh5XsEdqpOhWVnNJEy15YYR5sTfYUIZr0fISseYUykREHeSZxq8jA0HCWuUDPVzu&_nc_zt=14&_nc_ht=scontent.fsgn5-21.fna&_nc_gid=Me4VIIxGXl_-NhZMPx23bA&_nc_ss=7b2a8&oh=00_Af8us0DSNTr6udt2POvklPMV0oGAZy5XnFh4DqLRPQvB1g&oe=6A43D7C1 | https://scontent.fsgn5-22.fna.fbcdn.net/v/t39.99422-6/722147766_1979064946045772_3497925448890858478_n.png?stp=dst-jpg_tt6&cstp=mx1600x1000&ctp=p960x960&_nc_cat=106&_nc_map=urlgen_bucketless&ccb=1-7&_nc_sid=127cfc&_nc_ohc=9B1Wtod8-UMQ7kNvwEPn0RP&_nc_oc=AdoeEO4Z3QUEinXlpqoKiHnEClKA-xemgPFfmnqDiUqaufBn5BPuqxAWzckpq_ITJFzLNVztU9a6CBZ7MxICAvrq&_nc_zt=14&_nc_ht=scontent.fsgn5-22.fna&_nc_gid=Me4VIIxGXl_-NhZMPx23bA&_nc_ss=7b2a8&oh=00_Af_A1JPIaXf-mN41b8o8tctka7R_Xj4cJ4IoklBQJ2E9qQ&oe=6A43DFAF | https://scontent.fsgn5-22.fna.fbcdn.net/v/t39.99422-6/722147766_1979064946045772_3497925448890858478_n.png?stp=dst-jpg_tt6&cstp=mx1600x1000&ctp=s1600x1000&_nc_cat=106&_nc_map=urlgen_bucketless&ccb=1-7&_nc_sid=127cfc&_nc_ohc=9B1Wtod8-UMQ7kNvwEPn0RP&_nc_oc=AdoeEO4Z3QUEinXlpqoKiHnEClKA-xemgPFfmnqDiUqaufBn5BPuqxAWzckpq_ITJFzLNVztU9a6CBZ7MxICAvrq&_nc_zt=14&_nc_ht=scontent.fsgn5-22.fna&_nc_gid=Me4VIIxGXl_-NhZMPx23bA&_nc_ss=7b2a8&oh=00_Af_A1JPIaXf-mN41b8o8tctka7R_Xj4cJ4IoklBQJ2E9qQ&oe=6A43DFAF | https://scontent.fsgn5-15.fna.fbcdn.net/v/t39.99422-6/723838807_1726386928353204_1880502964067030505_n.png?stp=dst-jpg_tt6&cstp=mx1600x1000&ctp=p960x960&_nc_cat=100&_nc_map=urlgen_bucketless&ccb=1-7&_nc_sid=127cfc&_nc_ohc=9F7rOLwC-XYQ7kNvwGWpDqP&_nc_oc=AdoAojF5qdXGUoRuVOBr5FR7sZ9-vi5qofHzNNDj11ytoRM6KFm8AokLkVWg9DsOQxcNtdCyqawrlRkB2Bfgj9HH&_nc_zt=14&_nc_ht=scontent.fsgn5-15.fna&_nc_gid=Me4VIIxGXl_-NhZMPx23bA&_nc_ss=7b2a8&oh=00_Af8mr55PYfzlQRX8y5ruwp2SvDKhYAlJP6w6WXn-kgK4xw&oe=6A43B48F | https://scontent.fsgn5-15.fna.fbcdn.net/v/t39.99422-6/723838807_1726386928353204_1880502964067030505_n.png?stp=dst-jpg_tt6&cstp=mx1600x1000&ctp=s1600x1000&_nc_cat=100&_nc_map=urlgen_bucketless&ccb=1-7&_nc_sid=127cfc&_nc_ohc=9F7rOLwC-XYQ7kNvwGWpDqP&_nc_oc=AdoAojF5qdXGUoRuVOBr5FR7sZ9-vi5qofHzNNDj11ytoRM6KFm8AokLkVWg9DsOQxcNtdCyqawrlRkB2Bfgj9HH&_nc_zt=14&_nc_ht=scontent.fsgn5-15.fna&_nc_gid=Me4VIIxGXl_-NhZMPx23bA&_nc_ss=7b2a8&oh=00_Af8mr55PYfzlQRX8y5ruwp2SvDKhYAlJP6w6WXn-kgK4xw&oe=6A43B48F,,
2026-06-11,"MỞ RA HÀNH TRÌNH MỚI NGAY KHI ĐÁO HẠN HỢP ĐỒNG  Việc chuẩn bị cho tương lai không dừng lại khi một hợp đồng đáo hạn, mà tiếp tục được nối dài qua những lựa chọn đầy yêu thương của mỗi khách hàng.  Sau khi đáo hạn hợp đồng cho mình, ông bà chủ động bắt đầu một khởi đầu mới – không phải cho bản thân, mà cho tương lai của các cháu, bền bỉ trong suốt hành trình bảo vệ đầy yêu thương, như một cách trao lại nền tảng vững chắc cho thế hệ tiếp theo.   🎥 Mời bạn lắng nghe những chia sẻ chân thực từ những khách hàng thân thiết của Dai-ichi Life Việt Nam tại: https://youtu.be/X_Kr3Iby-20  #DaiichiLifeVietnam #DLVN #19nam #VungTinTienBuoc #BaoVeTuongLai #DongHanhCungBan —— Dai-ichi Life Việt Nam • Hotline: (028) 3810 0888 - (028) 7308 8880 • Website: https://dai-ichi-life.com.vn/ • Facebook: https://www.facebook.com/DaiichiLife.Vietnam • LinkedIn: https://www.linkedin.com/company/dai-ichi-life-vietnam/ • Youtube: https://www.youtube.com/@DaiichiLifeVietNamOfficial • Zalo OA: https://tinyurl.com/daiichilifevietnam",Dai-ichi Life Việt Nam,54,28,0,https://www.facebook.com/DaiichiLife.Vietnam,https://www.facebook.com/reel/4423271321284303/,https://scontent.fsgn5-2.fna.fbcdn.net/v/t15.5256-10/711802303_1467677698374439_2850107766766529539_n.jpg?stp=dst-jpg_tt6&cstp=mx1080x1920&ctp=p960x960&_nc_cat=109&_nc_map=urlgen_bucketless&ccb=1-7&_nc_sid=5fad0e&_nc_ohc=NR7WXIG2JToQ7kNvwHU7Ow4&_nc_oc=AdrhwXN0_c06HTDxD45yhSAMfDf-W6Nm_q7SNYoGY6WOkRwC-Q8srlVheviUlh0Z0csiRdw9GmXkbs316Uw3zaRA&_nc_zt=23&_nc_ht=scontent.fsgn5-2.fna&_nc_gid=sGhaKVVlSGDtyyH23UU7-Q&_nc_ss=7b2a8&oh=00_Af8bL-OnZ_Kayw20CB8Ht-v3RsOlYkjV9MDQrKgsCHYvXg&oe=6A43BD82 | https://scontent.fsgn5-3.fna.fbcdn.net/o1/v/t2/f2/m412/AQNpQrUeNwDOn-w8oxJ8oWfqjQTXoBrOeNygVq_884nNhm_LbVj32cUrVEKEuMaQNzgqesV1tB95ugPMf-Wj5yH0H3LPeeJK-Eg2EvcQkg.mp4?_nc_cat=104&_nc_oc=AdrVBcBmESxEFyUBivEy_Q9aEiZr2Z3FKDWGyp-I19bIsBqOFW12FHqBqtaYyo4kI2P2d49rJLJVrTfhAydzowyn&_nc_sid=8bf8fe&_nc_ht=scontent.fsgn5-3.fna.fbcdn.net&_nc_ohc=Fg1s5qgruZwQ7kNvwGPaBKd&efg=eyJ2ZW5jb2RlX3RhZyI6Inhwdl9wcm9ncmVzc2l2ZS5GQUNFQk9PSy4uQzMuMzYwLnN2ZV9zZCIsInhwdl9hc3NldF9pZCI6MTI1MjgwMTI3NjkzMTY4NCwiYXNzZXRfYWdlX2RheXMiOjI0LCJ2aV91c2VjYXNlX2lkIjoxMDEyMiwiZHVyYXRpb25fcyI6MzgsInVybGdlbl9zb3VyY2UiOiJ3d3cifQ%3D%3D&ccb=17-1&_nc_gid=sGhaKVVlSGDtyyH23UU7-Q&_nc_ss=7b2a8&_nc_map=urlgen_bucketless&_nc_zt=28&oh=00_Af9AbMMmYXFhroKy_JAlcPxIHiuDnSI0-T_O2EnWhx8ZEA&oe=6A43C946&bitrate=301564&tag=sve_sd | https://scontent.fsgn5-13.fna.fbcdn.net/o1/v/t2/f2/m366/AQNUlSp4nrvQX000-hq4rkV1pHjZg_Eohwv19QtT3Ma7hlmW4pDsWRiYv_mD63n8oPQpgvjDex65i4sXAVns_xJ5LjgaDMCyC2-L7TOYLSnfrQ.mp4?_nc_cat=108&_nc_oc=Ado8faR9LB5MqtzM2nYGFd9kuhn2R5VSucciGvZCNtWaHjJ8skE-9T04Je4RfOZ_ZY6iw9O6DV-AY2qE2zOJOneV&_nc_sid=5e9851&_nc_ht=scontent.fsgn5-13.fna.fbcdn.net&_nc_ohc=gNsYzaAb1G4Q7kNvwGCFk08&efg=eyJ2ZW5jb2RlX3RhZyI6Inhwdl9wcm9ncmVzc2l2ZS5GQUNFQk9PSy4uQzMuNzIwLmRhc2hfaDI2NC1iYXNpYy1nZW4yXzcyMHAiLCJ4cHZfYXNzZXRfaWQiOjEyNTI4MDEyNzY5MzE2ODQsImFzc2V0X2FnZV9kYXlzIjoyNCwidmlfdXNlY2FzZV9pZCI6MTAxMjIsImR1cmF0aW9uX3MiOjM4LCJ1cmxnZW5fc291cmNlIjoid3d3In0%3D&ccb=17-1&vs=5f69c9201ef978d7&_nc_vs=HBksFQIYRWZiX2VwaGVtZXJhbC8xOTRFQjk5NkYxMzBCQTBBM0FBQUU3RTU1MDM4MzhBNF9tdF8xX3ZpZGVvX2Rhc2hpbml0Lm1wNBUAAsgBEgAVAhhAZmJfcGVybWFuZW50L0ZENDkxNUQ2MzRFNDU2Q0EzQ0FBODdCNjY0MkQ1Qjk1X2F1ZGlvX2Rhc2hpbml0Lm1wNBUCAsgBEgAoABgAGwKIB3VzZV9vaWwBMRJwcm9ncmVzc2l2ZV9yZWNpcGUBMRUAACbIua_x0Nq5BBUCKAJDMywXQEMqHKwIMScYGWRhc2hfaDI2NC1iYXNpYy1nZW4yXzcyMHARAHUCZZSeAQA&_nc_gid=sGhaKVVlSGDtyyH23UU7-Q&_nc_ss=7b2a8&_nc_map=urlgen_bucketless&_nc_zt=28&oh=00_Af8hbaUq-Hwt1gPTmstbpTu0oSKn0Z3dqYllkY921DeCgg&oe=6A43CD4C&bitrate=1078162&tag=dash_h264-basic-gen2_720p | https://scontent.fsgn5-1.fna.fbcdn.net/v/t15.5256-10/711465893_2262158207927186_7004620418889538827_n.jpg?stp=dst-jpg_tt6&cstp=mx1080x1920&ctp=s960x960&_nc_cat=111&_nc_map=urlgen_bucketless&ccb=1-7&_nc_sid=be8305&_nc_ohc=n71Uh7-dp5cQ7kNvwHbUGBt&_nc_oc=Adp5hE9i6mUrvFNyV18LBcOf9vTLIVOxiKMwgUuvBSCwyxQ06HDJ-V-O-mOnnfp4zONkWbKDexozllksGz-zRzAl&_nc_zt=23&_nc_ht=scontent.fsgn5-1.fna&_nc_gid=sGhaKVVlSGDtyyH23UU7-Q&_nc_ss=7b2a8&oh=00_Af-3jCOLZC34IuPvnnOQRWhOo574kELqXn1iGalGBJcORA&oe=6A43CB45 | https://scontent.fsgn5-3.fna.fbcdn.net/v/t15.5256-10/721464061_3229851763860345_3260695464108904625_n.jpg?stp=dst-jpg_tt6&cstp=mx1000x1760&ctp=s1000x1760&_nc_cat=101&_nc_map=urlgen_bucketless&ccb=1-7&_nc_sid=06012f&_nc_ohc=uGxnRA5xUnQQ7kNvwGqLlxi&_nc_oc=AdoWas74AQh655zaq_-Uq1Xfnp7sYHkv132nRHDhTr48_Lq791p9YNGJURNntUJxEc0DX7PViyHyQ1-s4c1KK15A&_nc_zt=23&_nc_ht=scontent.fsgn5-3.fna&_nc_gid=sGhaKVVlSGDtyyH23UU7-Q&_nc_ss=7b2a8&oh=00_Af-nBtVd8lJffeCBdDlePITmOwk4kEzoqU0PqjuPY_Un5Q&oe=6A43D372,https://www.facebook.com/reel/4423271321284303/,1
2026-06-11,"🔄NHANH CHÓNG, THUẬN TIỆN CÙNG THẺ BẢO HIỂM SỨC KHỎE ĐIỆN TỬ  Hành trình chăm sóc sức khỏe nay trở nên dễ dàng hơn bao giờ hết. Với Thẻ bảo hiểm sức khỏe điện tử trên ứng dụng Dai-ichi Connect, khách hàng đã có thể an tâm sử dụng dịch vụ Bảo lãnh viện phí tại hệ thống cơ sở y tế liên kết của Dai-ichi Life Việt Nam – mọi lúc, mọi nơi, không cần mang theo thẻ vật lý.  Chỉ với vài bước đơn giản để sử dụng Thẻ bảo hiểm sức khỏe điện tử và tra cứu cơ sở Bảo lãnh viện phí trên Dai-ichi Connect:  🔹 Bấm vào biểu tượng ảnh đại diện 🔹 Chọn mục “Thẻ bảo hiểm” 🔹 Xem và tải thẻ bảo hiểm điện tử  💡 Đừng để việc quên mang theo thẻ ảnh hưởng đến hành trình chăm sóc sức khỏe – tải ngay Dai-ichi Connect để trải nghiệm dịch vụ y tế thuận tiện, an tâm trong từng khoảnh khắc. --- Hiện tại Dai-ichi Connect có cả 2 phiên bản: ứng dụng và website để khách hàng dễ dàng truy cập:  🔜 Website: https://info.dai-ichi-life.com.vn/Dai-ichi-Connect 🔜 Ứng dụng: https://info.dai-ichi-life.com.vn/app-Dai-chi-Connect  #DaiichiLife #DLVN #DaiichiLifeVietNam #DaiichiConnect #ChamsoctuTam",Dai-ichi Life Việt Nam,40,7,2,https://www.facebook.com/DaiichiLife.Vietnam,https://www.facebook.com/DaiichiLife.Vietnam/posts/pfbid0Gf7H9zfF2s9J8rfJDWtqG7SoFmZZEB7YmjjwF49Hfr5GwpNwbLKvV6LvKuPMKpVEl,https://scontent.fsgn5-2.fna.fbcdn.net/v/t39.99422-6/721516665_971716025760031_4619056487216000785_n.png?stp=dst-jpg_tt6&cstp=mx960x1920&ctp=p590x590&_nc_cat=110&_nc_map=urlgen_bucketless&ccb=1-7&_nc_sid=127cfc&_nc_ohc=LvoRdpiqoK0Q7kNvwGWnRf6&_nc_oc=AdqS5Jmi8HCU-fNiZ8xuapWDg3WXoEWsix2Gx1zfD1aNCXrcG_rQtpUYcz0NbAJKOUh5i-J6DqlRfy0y1r4ghpzP&_nc_zt=14&_nc_ht=scontent.fsgn5-2.fna&_nc_gid=sGhaKVVlSGDtyyH23UU7-Q&_nc_ss=7b2a8&oh=00_Af_AsQqwRSR-I90ZDTod2eUka9bNQpNTbgXOGv_8JOWBaQ&oe=6A43B994 | https://scontent.fsgn5-2.fna.fbcdn.net/v/t39.99422-6/721516665_971716025760031_4619056487216000785_n.png?stp=dst-jpg_tt6&cstp=mx960x1920&ctp=s960x1920&_nc_cat=110&_nc_map=urlgen_bucketless&ccb=1-7&_nc_sid=127cfc&_nc_ohc=LvoRdpiqoK0Q7kNvwGWnRf6&_nc_oc=AdqS5Jmi8HCU-fNiZ8xuapWDg3WXoEWsix2Gx1zfD1aNCXrcG_rQtpUYcz0NbAJKOUh5i-J6DqlRfy0y1r4ghpzP&_nc_zt=14&_nc_ht=scontent.fsgn5-2.fna&_nc_gid=sGhaKVVlSGDtyyH23UU7-Q&_nc_ss=7b2a8&oh=00_Af_AsQqwRSR-I90ZDTod2eUka9bNQpNTbgXOGv_8JOWBaQ&oe=6A43B994 | https://scontent.fsgn5-9.fna.fbcdn.net/v/t39.99422-6/721576133_1782637946448257_4508965205321212394_n.png?stp=dst-jpg_tt6&cstp=mx1920x1920&ctp=s1920x1920&_nc_cat=104&_nc_map=urlgen_bucketless&ccb=1-7&_nc_sid=127cfc&_nc_ohc=zPkBx-Z07wAQ7kNvwFGclxu&_nc_oc=AdrQg2lWtSq2aYGo44_wmRUXMW_IOF1HZaxm5_jgXxF-KB8JT7jNyqugS4iSlK5BCs1QNeOcNu-rmaYNDOI3mUHT&_nc_zt=14&_nc_ht=scontent.fsgn5-9.fna&_nc_gid=sGhaKVVlSGDtyyH23UU7-Q&_nc_ss=7b2a8&oh=00_Af8GHksG1X_r4VWUDPTzz9ziDEfEqjomS-xjQE57V4zzYg&oe=6A43E542 | https://scontent.fsgn5-9.fna.fbcdn.net/v/t39.99422-6/722119294_989081160647141_3334390430392306744_n.png?stp=dst-jpg_tt6&cstp=mx1920x1920&ctp=s1920x1920&_nc_cat=101&_nc_map=urlgen_bucketless&ccb=1-7&_nc_sid=127cfc&_nc_ohc=UIrYKroUIKQQ7kNvwEpy2Ux&_nc_oc=AdocwD7_codXEp10arhEKvfS0j0mu3h5Fw4OFrXhyRKECYXz9IcWfLwcPstXj-XsL6rOPWiUGyLL4dUsaiRaMSpL&_nc_zt=14&_nc_ht=scontent.fsgn5-9.fna&_nc_gid=sGhaKVVlSGDtyyH23UU7-Q&_nc_ss=7b2a8&oh=00_Af9z-5ACOQ3QOiy_GmC8guxdCInCQu155y66-Beo4lMf_Q&oe=6A43C365,,
2026-06-09,"TÍCH LŨY NỀN TẢNG CHO CON, XÂY DỰNG TƯƠNG LAI AN TÂM CHO CHA MẸ  Tham gia bảo hiểm nhân thọ giống như việc bạn đang “gieo một hạt giống an tâm” – âm thầm nuôi dưỡng theo thời gian để mang lại thành quả là tương lai vững vàng cho cả gia đình.  Câu chuyện của khách hàng Thanh Tình là hành trình kiên trì vun đắp những giá trị ấy, trong một kế hoạch dài hạn và nhất quán, nhằm giúp:  ✅ Các con có nền tảng vững chắc để vững bước vào đời ✅ Cha mẹ yên tâm hướng đến những năm tháng an nhàn ✅ Gia đình luôn có điểm tựa để vượt qua mọi “biến số”  🎥 Hãy cùng lắng nghe những chia sẻ của chị Thanh Tình và các khách hàng khác của Dai-ichi Life Việt Nam tại đây: https://youtu.be/X_Kr3Iby-20  #DaiichiLifeVietnam #DLVN #19nam #VungTinTienBuoc #NenTangChoCon #TươngLaiAnTamChoChaMe  —— Dai-ichi Life Việt Nam • Hotline: (028) 3810 0888 - (028) 7308 8880 • Website: https://dai-ichi-life.com.vn/ • Facebook: https://www.facebook.com/DaiichiLife.Vietnam • LinkedIn: https://www.linkedin.com/company/dai-ichi-life-vietnam/ • Youtube: https://www.youtube.com/@DaiichiLifeVietNamOfficial • Zalo OA: https://tinyurl.com/daiichilifevietnam",Dai-ichi Life Việt Nam,23,7,0,https://www.facebook.com/DaiichiLife.Vietnam,https://www.facebook.com/reel/3656266291195382/,https://scontent.fsgn5-10.fna.fbcdn.net/v/t15.5256-10/712410018_1810908293204532_8153351334631554822_n.jpg?stp=dst-jpg_tt6&cstp=mx1080x1920&ctp=p960x960&_nc_cat=111&_nc_map=urlgen_bucketless&ccb=1-7&_nc_sid=5fad0e&_nc_ohc=DMfS1CLiXrcQ7kNvwFjbt6b&_nc_oc=AdpaSW12Oj_pLRgjxI5_ESlFw7TUqZ0celuYi2lrBDs14_bHHKaRypMQF8J0og-aJwHLaXWeKUiWj0ZPwqHgmMvz&_nc_zt=23&_nc_ht=scontent.fsgn5-10.fna&_nc_gid=sGhaKVVlSGDtyyH23UU7-Q&_nc_ss=7b2a8&oh=00_Af_8yFlVrT8S8yJ9hgOrBGtWys5-SbCpRQBgda65FJhQVg&oe=6A43E454 | https://scontent.fsgn5-22.fna.fbcdn.net/o1/v/t2/f2/m412/AQP0a5HWb3ufHcJx4oeZQOXRN4IN3-zdem41p7DeEKroXejgFXZ1asqgQ9pVCL8sj7n4RdAm9bVKnbHRpUG7I5dc42P1bm1vp6mToRZ87Q.mp4?_nc_cat=102&_nc_oc=Ado-JQOCeF0IF2aeRfUcJkblkrBLkT84l2o1q7kqKly_F-DwhvDEyRwst-lsR47rZSzEE3BWmG8Gj5G_A6T2D5ok&_nc_sid=8bf8fe&_nc_ht=scontent.fsgn5-22.fna.fbcdn.net&_nc_ohc=thVnp2gG8ZEQ7kNvwHmzICe&efg=eyJ2ZW5jb2RlX3RhZyI6Inhwdl9wcm9ncmVzc2l2ZS5GQUNFQk9PSy4uQzMuMzYwLnN2ZV9zZCIsInhwdl9hc3NldF9pZCI6MzY3MDk0NTM5NDg2NjgwNzgsImFzc2V0X2FnZV9kYXlzIjoyNCwidmlfdXNlY2FzZV9pZCI6MTAxMjIsImR1cmF0aW9uX3MiOjU3LCJ1cmxnZW5fc291cmNlIjoid3d3In0%3D&ccb=17-1&_nc_gid=sGhaKVVlSGDtyyH23UU7-Q&_nc_ss=7b2a8&_nc_map=urlgen_bucketless&_nc_zt=28&oh=00_Af8d7ObwXwPh1KVqN5jIiEuJ4vGLz9TXWxfUgzoP3ro2PQ&oe=6A43C9EC&bitrate=320415&tag=sve_sd | https://scontent.fsgn5-22.fna.fbcdn.net/o1/v/t2/f2/m366/AQMe4I6kRVYCYQLrZvsq_esXwGWJK345KyKsCFj4UTEqINQhbD_X6h9vCFR5fkJu3RUEeLZ1L8o0lVCF3v-WQRHkQjOu7fXSERk00Wh-Lv8-3Q.mp4?_nc_cat=109&_nc_oc=AdrtL-Olye1Gout1J40eAVAW418kM06Y3Wzimi2w4S4FbFKd4n-8qvZKE3W_kX67qlNCZGIVNGA21eb7E9ZuskZ0&_nc_sid=5e9851&_nc_ht=scontent.fsgn5-22.fna.fbcdn.net&_nc_ohc=h3aJJH-uTiwQ7kNvwEb6iPl&efg=eyJ2ZW5jb2RlX3RhZyI6Inhwdl9wcm9ncmVzc2l2ZS5GQUNFQk9PSy4uQzMuNzIwLmRhc2hfaDI2NC1iYXNpYy1nZW4yXzcyMHAiLCJ4cHZfYXNzZXRfaWQiOjM2NzA5NDUzOTQ4NjY4MDc4LCJhc3NldF9hZ2VfZGF5cyI6MjQsInZpX3VzZWNhc2VfaWQiOjEwMTIyLCJkdXJhdGlvbl9zIjo1NywidXJsZ2VuX3NvdXJjZSI6Ind3dyJ9&ccb=17-1&vs=1520fbf44d731727&_nc_vs=HBksFQIYRWZiX2VwaGVtZXJhbC9FQzQ2MkNCQTU1MDUzNzJFNTQ2N0MxQUY2NkEyMUNBNl9tdF8xX3ZpZGVvX2Rhc2hpbml0Lm1wNBUAAsgBEgAVAhhAZmJfcGVybWFuZW50LzRENDM2REQyMzMyRTBEOTk4NkZFNzU0RDU4NDhGQkEwX2F1ZGlvX2Rhc2hpbml0Lm1wNBUCAsgBEgAoABgAGwKIB3VzZV9vaWwBMRJwcm9ncmVzc2l2ZV9yZWNpcGUBMRUAACbcopKoucO1ggEVAigCQzMsF0BM3KwIMSbpGBlkYXNoX2gyNjQtYmFzaWMtZ2VuMl83MjBwEQB1AmWUngEA&_nc_gid=sGhaKVVlSGDtyyH23UU7-Q&_nc_ss=7b2a8&_nc_map=urlgen_bucketless&_nc_zt=28&oh=00_Af-bxMhyJoJid8z_N3hFxblqwSwo04Z6krOM-QgMM8d_1g&oe=6A43C707&bitrate=1260647&tag=dash_h264-basic-gen2_720p | https://scontent.fsgn5-9.fna.fbcdn.net/v/t15.5256-10/712944285_1790760711892939_7551021542091133324_n.jpg?stp=dst-jpg_tt6&cstp=mx1080x1920&ctp=s960x960&_nc_cat=109&_nc_map=urlgen_bucketless&ccb=1-7&_nc_sid=be8305&_nc_ohc=jrnqSlICDJIQ7kNvwHolP-g&_nc_oc=AdpLqJT2Gb9DNaNmznCwP7hfJKMQGsLf1YKL8HMOmkFw7Bf7Jb7TNUu2_za8hCa_wH3LmOTs7nHw8d29pzMtBF7z&_nc_zt=23&_nc_ht=scontent.fsgn5-9.fna&_nc_gid=sGhaKVVlSGDtyyH23UU7-Q&_nc_ss=7b2a8&oh=00_Af92fmZK5hOmYkahXbU_PST4Hs3GsL5Dk29pVQyu2h6MiA&oe=6A43B982 | https://scontent.fsgn5-9.fna.fbcdn.net/v/t15.5256-10/721289961_990730247222424_6343030580621833264_n.jpg?stp=dst-jpg_tt6&cstp=mx1000x1760&ctp=s1000x1760&_nc_cat=107&_nc_map=urlgen_bucketless&ccb=1-7&_nc_sid=06012f&_nc_ohc=S9XIxbMkNDQQ7kNvwHR0Jt7&_nc_oc=Adraeflm5JPICkVSBH7hAjaQOtC2FTHBWZKBbRcIVNfTeGYsSXQkHbFMByWyAXCLcfv5ecR9U0u-hh2D9fC6uDy4&_nc_zt=23&_nc_ht=scontent.fsgn5-9.fna&_nc_gid=sGhaKVVlSGDtyyH23UU7-Q&_nc_ss=7b2a8&oh=00_Af9A_CmTGbM8BreWSjUNA3MxuedR9726aiopA-K9Wp2PDw&oe=6A43E483,https://www.facebook.com/reel/3656266291195382/,1
2026-06-07,"BẢO VỆ TOÀN DIỆN, TIẾP NỐI YÊU THƯƠNG QUA NHIỀU THẾ HỆ   Thấu hiểu những trăn trở của khách hàng, Dai-ichi Life Việt Nam không ngừng nỗ lực nhằm mang đến sự an tâm vững vàng cho nhiều thế hệ trong gia đình:  ✅ Sát cánh cùng cha mẹ, vừa vun đắp nền tảng tích lũy cho con, vừa chủ động chuẩn bị cho tương lai hưu trí an nhân.  ✅ Đồng hành cùng ông bà, trao gửi yêu thương và chăm lo cho thế hệ mai sau.  Trên hành trình ấy, mỗi hợp đồng bảo hiểm không chỉ là sự bảo vệ cho một cá nhân, mà còn là sợi dây kết nối bền chặt giữa mỗi thành viên, là sự chở che và tiếp nối yêu thương qua từng thế hệ.  🎥 Hãy cùng chúng tôi lắng nghe những câu chuyện thực tế từ các khách hàng tại đây: https://youtu.be/X_Kr3Iby-20  #DaiichiLifeVietnam #DLVN #VungTinTienBuoc #Baovecacthehe #Baovecacthanhvien",Dai-ichi Life Việt Nam,87,22,9,https://www.facebook.com/DaiichiLife.Vietnam,https://www.facebook.com/reel/1519094516521920/,https://scontent.fsgn5-10.fna.fbcdn.net/v/t15.5256-10/710252446_1715620102804045_1700710046797380023_n.jpg?stp=dst-jpg_tt6&cstp=mx1920x1080&ctp=p960x960&_nc_cat=111&_nc_map=urlgen_bucketless&ccb=1-7&_nc_sid=5fad0e&_nc_ohc=qwk-7DymGYwQ7kNvwEibsJV&_nc_oc=AdoE0OA1JT_vb8FzMlu1PTLJDwveGwLCaCsw399LVOWpfG6260KDq0Qcbt7BFPCmEDD5AX7xXp3g2681l04Oh3zb&_nc_zt=23&_nc_ht=scontent.fsgn5-10.fna&_nc_gid=ZMHiaD7Ro8uLDo7q7OgkWw&_nc_ss=7b2a8&oh=00_Af9Zo60Brue4vi1Vy4_c_RQl_pJRS2HU9YnlytVYf5Nzmg&oe=6A43DAD0 | https://scontent.fsgn5-6.fna.fbcdn.net/o1/v/t2/f2/m412/AQNFTMj_nuG4yQ4AsNTmnTaXg2ZXU46sQt2h8PUn4scZlDJVxli3teB4kFNzkxm-hxyGMyY-ujIbfIpG_2lz5z3VyvZWnmnFcxFgke9dGw.mp4?_nc_cat=110&_nc_oc=Adrxtp8auf9hBpHLprRB2gt9RIho3ngsBiOZ7-m9bJwbdUbxMTojqw6esC00LNB1cTX_oHC1SiBoklu3DT49iKkb&_nc_sid=8bf8fe&_nc_ht=scontent.fsgn5-6.fna.fbcdn.net&_nc_ohc=fFXXV2Z_J6QQ7kNvwGHh5yS&efg=eyJ2ZW5jb2RlX3RhZyI6Inhwdl9wcm9ncmVzc2l2ZS5GQUNFQk9PSy4uQzMuNjQwLnN2ZV9zZCIsInhwdl9hc3NldF9pZCI6MTE3MzkwMTY2ODE5NjE0NCwiYXNzZXRfYWdlX2RheXMiOjI0LCJ2aV91c2VjYXNlX2lkIjoxMDEyMiwiZHVyYXRpb25fcyI6MTU2LCJ1cmxnZW5fc291cmNlIjoid3d3In0%3D&ccb=17-1&_nc_gid=ZMHiaD7Ro8uLDo7q7OgkWw&_nc_ss=7b2a8&_nc_map=urlgen_bucketless&_nc_zt=28&oh=00_Af_B-eLUTPRo_bbBcXJNcq8qp2ZFy55tbjTxaIv0VV0w8A&oe=6A43BC40&bitrate=249849&tag=sve_sd | https://scontent.fsgn5-9.fna.fbcdn.net/o1/v/t2/f2/m366/AQN0Wnhg9csiWCUSN_GOtzhmIokgf_JPjxNP2CM-FJ775n-0gs9b6Bk_o0XtuxOphWjfnewMwuFyWu9NqblPF8cJpH4PgFXyXtoDILahkZ1pWg.mp4?_nc_cat=104&_nc_oc=Adq8Muo9J_MVHhZbwQ7Y5boCnjAmTZ8PfvgXDdKG2zb8Y616RbqSsp_HrYQA-Vn3EvJK7ly_IcI24DR4g8mmP7s-&_nc_sid=5e9851&_nc_ht=scontent.fsgn5-9.fna.fbcdn.net&_nc_ohc=sP0H6vrfH5MQ7kNvwHG7rDX&efg=eyJ2ZW5jb2RlX3RhZyI6Inhwdl9wcm9ncmVzc2l2ZS5GQUNFQk9PSy4uQzMuMTI4MC5kYXNoX2gyNjQtYmFzaWMtZ2VuMl83MjBwIiwieHB2X2Fzc2V0X2lkIjoxMTczOTAxNjY4MTk2MTQ0LCJhc3NldF9hZ2VfZGF5cyI6MjQsInZpX3VzZWNhc2VfaWQiOjEwMTIyLCJkdXJhdGlvbl9zIjoxNTYsInVybGdlbl9zb3VyY2UiOiJ3d3cifQ%3D%3D&ccb=17-1&vs=9678e2096ba0e21b&_nc_vs=HBksFQIYRWZiX2VwaGVtZXJhbC85NDQ1MEYwNkIzNjZEQzg3NUIwMjU3QjU3NkI1QTU5MV9tdF8xX3ZpZGVvX2Rhc2hpbml0Lm1wNBUAAsgBEgAVAhhAZmJfcGVybWFuZW50LzUxNDBENkNENzU4RDlFMkJERkQ5QkYyMzkzQTMwRkE2X2F1ZGlvX2Rhc2hpbml0Lm1wNBUCAsgBEgAoABgAGwKIB3VzZV9vaWwBMRJwcm9ncmVzc2l2ZV9yZWNpcGUBMRUAACbg_Pj-iOqVBBUCKAJDMywXQGOMcrAgxJwYGWRhc2hfaDI2NC1iYXNpYy1nZW4yXzcyMHARAHUCZZSeAQA&_nc_gid=ZMHiaD7Ro8uLDo7q7OgkWw&_nc_ss=7b2a8&_nc_map=urlgen_bucketless&_nc_zt=28&oh=00_Af8i3wW8EXerXMWagHbozfdIryh2XoIupG2_E6kY6iPAnQ&oe=6A43B7B0&bitrate=929676&tag=dash_h264-basic-gen2_720p | https://scontent.fsgn5-8.fna.fbcdn.net/v/t15.5256-10/713484345_1857633618975519_4995612611200610642_n.jpg?stp=dst-jpg_tt6&cstp=mx1920x1080&ctp=s960x960&_nc_cat=106&_nc_map=urlgen_bucketless&ccb=1-7&_nc_sid=be8305&_nc_ohc=b8BCa02e944Q7kNvwFQphGi&_nc_oc=Adq9LrD194fAKh8JHv-KhPuuWd653cnkE6lh8jDkQLYk4R-x010bsKK832btgXL04VVDafGqz5pYagVTG8FqsZ6l&_nc_zt=23&_nc_ht=scontent.fsgn5-8.fna&_nc_gid=ZMHiaD7Ro8uLDo7q7OgkWw&_nc_ss=7b2a8&oh=00_Af-o8M8P3txZc2KvPp-peSjeZGqACKBAmDxLjtW1jS64BA&oe=6A43BF4D | https://scontent.fsgn5-14.fna.fbcdn.net/v/t15.5256-10/717536152_3069504146578710_1286975519849059699_n.jpg?stp=dst-jpg_tt6&cstp=mx1420x800&ctp=s1420x800&_nc_cat=104&_nc_map=urlgen_bucketless&ccb=1-7&_nc_sid=06012f&_nc_ohc=RqrTJutY66IQ7kNvwHIi-kA&_nc_oc=AdrKMmuMGkBjUgaevBJobN3jwQ6RH6eL29IpAcb4xDPT0y88Kew9FZ06c6-qCYiCnjZKW4ICnlB7ay2e46I1m8mu&_nc_zt=23&_nc_ht=scontent.fsgn5-14.fna&_nc_gid=ZMHiaD7Ro8uLDo7q7OgkWw&_nc_ss=7b2a8&oh=00_Af_C_f2OkF2Jh65B_RryH68a_AuvSlj3kaA5l3BAz4Jj_Q&oe=6A43E067 | https://scontent.fsgn5-3.fna.fbcdn.net/v/t15.5256-10/717437512_1302473922046893_1171924123362237958_n.jpg?stp=dst-jpg_tt6&cstp=mx1420x800&ctp=s1420x800&_nc_cat=105&_nc_map=urlgen_bucketless&ccb=1-7&_nc_sid=06012f&_nc_ohc=EN_bl3e5MU4Q7kNvwFEpWfC&_nc_oc=AdryQDwvUsytQ74atbWAVRxbfyuxCXiXXXPKtoY1xiAMIGXwX53maKI-mApjofpfkTqqtWCXrSIp16p5_R-JqKlC&_nc_zt=23&_nc_ht=scontent.fsgn5-3.fna&_nc_gid=ZMHiaD7Ro8uLDo7q7OgkWw&_nc_ss=7b2a8&oh=00_Af-O1qLZKjjGCZ_eDyhxR6i7QEFqaYYmaAmsbeB9ATqv7Q&oe=6A43BE13,https://www.facebook.com/reel/1519094516521920/,1
2026-06-06,"ĐIỂM TỰA THIẾT THỰC CHO MỌI GIAI ĐOẠN CUỘC SỐNG  Sự an tâm không đến từ may mắn, mà bắt nguồn từ tâm thế sẵn sàng đối mặt với mọi ""sóng gió"" bằng một kế hoạch dự phòng chu đáo.   Bảo hiểm nhân thọ vì thế đóng vai trò người bạn đồng hành, mang đến những hỗ trợ thiết thực vào đúng thời điểm bạn cần. “Bất kỳ độ tuổi nào thì bảo hiểm nhân thọ cũng là thiết thực. Nên là khi có tiền, kể cả trẻ hay già, nếu mua được thì tham gia càng sớm càng tốt” – Đó là những lời chia sẻ từ khách hàng Nguyễn Văn Thắng.   Có Dai-ichi Life Việt Nam sát cánh, bạn sẽ bớt lo âu về những điều chưa đến, để tự tin tận hưởng hiện tại và dành trọn vẹn yêu thương cho tổ ấm của mình.  🎥 Cùng theo dõi đầy đủ chia sẻ của khách hàng tại đây: https://youtu.be/2pWWKs8-qwo  #DaiichiLifeVietnam #VungTinTienBuoc #BaoVeMoiDoTuoi #SongAnTam #DongHanhCungBan —— Dai-ichi Life Việt Nam • Hotline: (028) 3810 0888 - (028) 7308 8880 • Website: https://dai-ichi-life.com.vn/ • Facebook: https://www.facebook.com/DaiichiLife.Vietnam • LinkedIn: https://www.linkedin.com/company/dai-ichi-life-vietnam/ • Youtube: https://www.youtube.com/@DaiichiLifeVietNamOfficial • Zalo OA: https://tinyurl.com/daiichilifevietnam",Dai-ichi Life Việt Nam,33,12,1,https://www.facebook.com/DaiichiLife.Vietnam,https://www.facebook.com/reel/2264723644367329/,https://scontent.fsgn5-1.fna.fbcdn.net/v/t15.5256-10/713243403_1608774144586457_7477123079015296518_n.jpg?stp=dst-jpg_tt6&cstp=mx1080x1920&ctp=p960x960&_nc_cat=109&_nc_map=urlgen_bucketless&ccb=1-7&_nc_sid=5fad0e&_nc_ohc=kz2oTdODSvMQ7kNvwFOhf-S&_nc_oc=AdoFqYQiafAKkl-cQ41SJR0aWXlJc1vV-LslCszXrYXV1q8wtgBwX58tfkgs2eBKQxGbKyBIKmC0XDLMKRfXs4Zv&_nc_zt=23&_nc_ht=scontent.fsgn5-1.fna&_nc_gid=ZMHiaD7Ro8uLDo7q7OgkWw&_nc_ss=7b2a8&oh=00_Af-C0So64iubJkKgapsfXZxVjgEZpRDvThqw4O-eqPEzJA&oe=6A43D49C | https://scontent.fsgn5-5.fna.fbcdn.net/o1/v/t2/f2/m412/AQPMS_S3yyKomTJan2MskcFMNp5xFuEwI414_o_u70BMf7YbOpGnR7u2A0elZ4hSeC2zKCBIO8dshiUUkyKBW2xQc-anKyHR0P7QBYt9Lg.mp4?_nc_cat=103&_nc_oc=AdoLciWgxw_WcS-EtD_UzLJaUAk8SYDp0v-LJz6YbTXv-53WbqXYdc3Ck01TVpU0tg6RovhA7W9TJRAoVnHJ0ILj&_nc_sid=8bf8fe&_nc_ht=scontent.fsgn5-5.fna.fbcdn.net&_nc_ohc=06iCdSDmccoQ7kNvwExa0DL&efg=eyJ2ZW5jb2RlX3RhZyI6Inhwdl9wcm9ncmVzc2l2ZS5GQUNFQk9PSy4uQzMuMzYwLnN2ZV9zZCIsInhwdl9hc3NldF9pZCI6MTY2OTkxODQzMDcyNzA2MSwiYXNzZXRfYWdlX2RheXMiOjI0LCJ2aV91c2VjYXNlX2lkIjoxMDEyMiwiZHVyYXRpb25fcyI6NTcsInVybGdlbl9zb3VyY2UiOiJ3d3cifQ%3D%3D&ccb=17-1&_nc_gid=ZMHiaD7Ro8uLDo7q7OgkWw&_nc_ss=7b2a8&_nc_map=urlgen_bucketless&_nc_zt=28&oh=00_Af9JCkWThSm3iBvA9CiZ_daIUjp3qbsegHNnykWpfYx11w&oe=6A43B963&bitrate=191447&tag=sve_sd | https://scontent.fsgn5-1.fna.fbcdn.net/o1/v/t2/f2/m366/AQPgAhjndsC6x0UGfFSxYIrHwwzbao8nlfAnh2EbMN979jfq3wAq9vi1kbLFR2Fr7jYtww2YtjhNmNpbcv_JC0kj-rrqenp4d-JeQmN9qyp0qg.mp4?_nc_cat=102&_nc_oc=Ado_rYrjkCtra4yX2MC2NF79LOhsd_bf7LADb1lC9Kt3wwAAEs0FnyOQWQPj3TxeqVJYG96iYIl6yh33Z8gcCmZz&_nc_sid=5e9851&_nc_ht=scontent.fsgn5-1.fna.fbcdn.net&_nc_ohc=v8Wslh3qb1kQ7kNvwEeCUND&efg=eyJ2ZW5jb2RlX3RhZyI6Inhwdl9wcm9ncmVzc2l2ZS5GQUNFQk9PSy4uQzMuNzIwLmRhc2hfaDI2NC1iYXNpYy1nZW4yXzcyMHAiLCJ4cHZfYXNzZXRfaWQiOjE2Njk5MTg0MzA3MjcwNjEsImFzc2V0X2FnZV9kYXlzIjoyNCwidmlfdXNlY2FzZV9pZCI6MTAxMjIsImR1cmF0aW9uX3MiOjU3LCJ1cmxnZW5fc291cmNlIjoid3d3In0%3D&ccb=17-1&vs=6b0dc280a271b562&_nc_vs=HBksFQIYRWZiX2VwaGVtZXJhbC83QjRDRjNBMTQ3ODEzNzc2MDg0RkFCOTE3RTUxQUE5MF9tdF8xX3ZpZGVvX2Rhc2hpbml0Lm1wNBUAAsgBEgAVAhhAZmJfcGVybWFuZW50LzMyNEE2M0QzOUU4REREQURGRUExMjlENkM3MjgzNTlBX2F1ZGlvX2Rhc2hpbml0Lm1wNBUCAsgBEgAoABgAGwKIB3VzZV9vaWwBMRJwcm9ncmVzc2l2ZV9yZWNpcGUBMRUAACaqrvDthbL3BRUCKAJDMywXQEziDEm6XjUYGWRhc2hfaDI2NC1iYXNpYy1nZW4yXzcyMHARAHUCZZSeAQA&_nc_gid=ZMHiaD7Ro8uLDo7q7OgkWw&_nc_ss=7b2a8&_nc_map=urlgen_bucketless&_nc_zt=28&oh=00_Af-N3pGF6vywJtVtlsYxYEnUDzz9-ScrBgC4sJuEaP_Pvw&oe=6A43D52E&bitrate=635434&tag=dash_h264-basic-gen2_720p | https://scontent.fsgn5-12.fna.fbcdn.net/v/t15.5256-10/711801830_2436261243542036_8696967872734809690_n.jpg?stp=dst-jpg_tt6&cstp=mx1080x1920&ctp=s960x960&_nc_cat=105&_nc_map=urlgen_bucketless&ccb=1-7&_nc_sid=be8305&_nc_ohc=sQEpAbGoZSYQ7kNvwEsShyR&_nc_oc=Adpg8aKl2RX8DLVDCUkL2WH8zW31Ch_bac9LT3Rt6RriwG-p7RaXJvuCkFUmaQx68Z5Mi5PEAcjBGqRWbCtoWaeT&_nc_zt=23&_nc_ht=scontent.fsgn5-12.fna&_nc_gid=ZMHiaD7Ro8uLDo7q7OgkWw&_nc_ss=7b2a8&oh=00_Af9oXW0hWm7Yut2LC0qT6cWm1SUmJLbjHUMGliTS1CIGhw&oe=6A43EB22 | https://scontent.fsgn5-8.fna.fbcdn.net/v/t15.5256-10/719009543_852551104106507_5669085908224721267_n.jpg?stp=dst-jpg_tt6&cstp=mx1000x1760&ctp=s1000x1760&_nc_cat=105&_nc_map=urlgen_bucketless&ccb=1-7&_nc_sid=06012f&_nc_ohc=opOEux5MP0EQ7kNvwGW9qL0&_nc_oc=AdpggpxvmgOaRxStqQoluXSODXfd6oQvFkoaJ0SZS_0q-2A9epJwBbIOAKJ6nPeTUc4x6WoRl0rMibxtZsIpF_OL&_nc_zt=23&_nc_ht=scontent.fsgn5-8.fna&_nc_gid=ZMHiaD7Ro8uLDo7q7OgkWw&_nc_ss=7b2a8&oh=00_Af8Tgt94eCMvZMvDrVwc1pXofaX74WrNLgvbI_XcfIiLyg&oe=6A43BB78,https://www.facebook.com/reel/2264723644367329/,1
2026-06-04,"TỰ TIN HƠN VỀ MỌI MẶT KHI CÓ BẢO HIỂM ĐỒNG HÀNH  Khi chúng ta chủ động lựa chọn bảo vệ sức khỏe và tài chính, đó cũng là lúc sự tự tin được hình thành rõ rệt nhất. Bất kể bạn đang ở giai đoạn nào của cuộc đời, việc lựa chọn một giải pháp bảo vệ tài chính phù hợp chính là cách bạn đặt viên gạch đầu tiên cho sự an tâm dài lâu.  Sự bền bỉ vun đắp hôm nay chính là chìa khóa để mở ra một tuổi hưu an nhàn và tương lai vững chãi cho thế hệ kế thừa.   🎥 Cùng theo dõi câu chuyện của khách hàng Nguyễn Văn Thắng tại đây: https://youtu.be/2pWWKs8-qwo  #DaiichiLifeVietnam #VungTinTienBuoc #ChuDongTaiChinh #SongTuTin #BaoVeTuongLai —— Dai-ichi Life Việt Nam • Hotline: (028) 3810 0888 - (028) 7308 8880 • Website: https://dai-ichi-life.com.vn/ • Facebook: https://www.facebook.com/DaiichiLife.Vietnam • LinkedIn: https://www.linkedin.com/company/dai-ichi-life-vietnam/ • Youtube: https://www.youtube.com/@DaiichiLifeVietNamOfficial • Zalo OA: https://tinyurl.com/daiichilifevietnam",Dai-ichi Life Việt Nam,195,71,7,https://www.facebook.com/DaiichiLife.Vietnam,https://www.facebook.com/reel/1345872924150521/,https://scontent.fsgn5-6.fna.fbcdn.net/v/t15.5256-10/713283779_862772419626367_2954608855997984505_n.jpg?stp=dst-jpg_tt6&cstp=mx1080x1920&ctp=p960x960&_nc_cat=103&_nc_map=urlgen_bucketless&ccb=1-7&_nc_sid=5fad0e&_nc_ohc=HX-sBhtU0ZYQ7kNvwG3Qcjk&_nc_oc=AdoaZRt549yfo-3GzWH-tVU0FkX74VUrQ8yvyYumKrBZJme3e9s2s2vuuSkciNdqN-zuWJyKHI4sOK47xEuVCA1g&_nc_zt=23&_nc_ht=scontent.fsgn5-6.fna&_nc_gid=ZMHiaD7Ro8uLDo7q7OgkWw&_nc_ss=7b2a8&oh=00_Af90RYXHGdNoLOYepCVimHwzUr6tQDgCLcyapQclfxMOkw&oe=6A43E724 | https://scontent.fsgn5-10.fna.fbcdn.net/o1/v/t2/f2/m412/AQNKgs8YMvOSSO_ZVLvVYI28wL9cluJfAv4SdWqwDrZK5fX7auX1xogf9-5EHasoZ6mvIktzEgdWeyz46ksK9_ADA5u8GMk78-AFnWo1sg.mp4?_nc_cat=101&_nc_oc=AdoeeJIwoIsjGSrUgic1ytZZhKktUVJH4nQCIc2jSBp1gEygErmeQea3Wo858Q4rRFylv2wfZxhg1LRk6vvOiZq_&_nc_sid=8bf8fe&_nc_ht=scontent.fsgn5-10.fna.fbcdn.net&_nc_ohc=BrB3dp_M1pkQ7kNvwHScV7E&efg=eyJ2ZW5jb2RlX3RhZyI6Inhwdl9wcm9ncmVzc2l2ZS5GQUNFQk9PSy4uQzMuMzYwLnN2ZV9zZCIsInhwdl9hc3NldF9pZCI6MTkxMTMzNDc5MjcwMTcwMSwiYXNzZXRfYWdlX2RheXMiOjI0LCJ2aV91c2VjYXNlX2lkIjoxMDEyMiwiZHVyYXRpb25fcyI6NDAsInVybGdlbl9zb3VyY2UiOiJ3d3cifQ%3D%3D&ccb=17-1&_nc_gid=ZMHiaD7Ro8uLDo7q7OgkWw&_nc_ss=7b2a8&_nc_map=urlgen_bucketless&_nc_zt=28&oh=00_Af9aJaLM2DWyk9yjPC4cJC4FTtqpyImUxASSPHW_gJAn0g&oe=6A43DE1D&bitrate=224469&tag=sve_sd | https://scontent.fsgn5-11.fna.fbcdn.net/o1/v/t2/f2/m366/AQO92Lfwbd87mpVqGi5fKIi2J45D88aUsGWBgOBUB-EWR1LzFlk3FJGVshKNeA7ukay8DtMWEjxam8-WAJeQX2vSGrsYF_bkcxFUPaXcmXui_g.mp4?_nc_cat=101&_nc_oc=Ado3cisID5N_6dkKHpCsJ3yWsnlDWtSslzc-vFfp0JcgojNz5faAmwhcnjGfPEL77kPK40mxT8iTfPXwwQxBaF50&_nc_sid=5e9851&_nc_ht=scontent.fsgn5-11.fna.fbcdn.net&_nc_ohc=yKzeuXM19NsQ7kNvwGOVebU&efg=eyJ2ZW5jb2RlX3RhZyI6Inhwdl9wcm9ncmVzc2l2ZS5GQUNFQk9PSy4uQzMuNzIwLmRhc2hfaDI2NC1iYXNpYy1nZW4yXzcyMHAiLCJ4cHZfYXNzZXRfaWQiOjE5MTEzMzQ3OTI3MDE3MDEsImFzc2V0X2FnZV9kYXlzIjoyNCwidmlfdXNlY2FzZV9pZCI6MTAxMjIsImR1cmF0aW9uX3MiOjQwLCJ1cmxnZW5fc291cmNlIjoid3d3In0%3D&ccb=17-1&vs=21ef555ed817357d&_nc_vs=HBksFQIYRWZiX2VwaGVtZXJhbC83NTQxMTRGRkE4RjYxOEI0MzVDQkZDODU5MzE0RDE5OF9tdF8xX3ZpZGVvX2Rhc2hpbml0Lm1wNBUAAsgBEgAVAhhAZmJfcGVybWFuZW50L0NCNEU1RkUzOTJEQzY2RTg1RjA2MThEMUQ5QzdCQjg1X2F1ZGlvX2Rhc2hpbml0Lm1wNBUCAsgBEgAoABgAGwKIB3VzZV9vaWwBMRJwcm9ncmVzc2l2ZV9yZWNpcGUBMRUAACaKnO31qZblBhUCKAJDMywXQEQFHrhR64UYGWRhc2hfaDI2NC1iYXNpYy1nZW4yXzcyMHARAHUCZZSeAQA&_nc_gid=ZMHiaD7Ro8uLDo7q7OgkWw&_nc_ss=7b2a8&_nc_map=urlgen_bucketless&_nc_zt=28&oh=00_Af968YkkVi0PiWbMJn7ZiGUWhxUHAvWyi2_NDOxEPEk_tQ&oe=6A43E6DB&bitrate=817341&tag=dash_h264-basic-gen2_720p | https://scontent.fsgn5-3.fna.fbcdn.net/v/t15.5256-10/714610826_1277629941120640_5650159619175041638_n.jpg?stp=dst-jpg_tt6&cstp=mx1080x1920&ctp=s960x960&_nc_cat=103&_nc_map=urlgen_bucketless&ccb=1-7&_nc_sid=be8305&_nc_ohc=7ayp3W0Y6i8Q7kNvwHv29FK&_nc_oc=AdrWXxDLjtcxv86RifHNxfoyN70TTFah-DcECR1dZrlWWkrgARkIfU9vmynK6B2TzEmup4XVuSEjBAFissQOW_bX&_nc_zt=23&_nc_ht=scontent.fsgn5-3.fna&_nc_gid=ZMHiaD7Ro8uLDo7q7OgkWw&_nc_ss=7b2a8&oh=00_Af_bB49uqRb5ni2ftRs5u3mXnF8Nhw2s2FAhdEiClYHjNw&oe=6A43CAC4 | https://scontent.fsgn5-11.fna.fbcdn.net/v/t15.5256-10/714765440_2183436355830738_4983452256402576963_n.jpg?stp=dst-jpg_tt6&cstp=mx1000x1760&ctp=s1000x1760&_nc_cat=100&_nc_map=urlgen_bucketless&ccb=1-7&_nc_sid=06012f&_nc_ohc=4xxozWXDLpsQ7kNvwEiuezn&_nc_oc=Adq79eTys0IkpWl3w0eFzJKvBozHhUxUBlO5n1erQ8Oil134bzTg5XCsxn9BqARyUKawRhT0g5n-EG2kEAFnoQwa&_nc_zt=23&_nc_ht=scontent.fsgn5-11.fna&_nc_gid=ZMHiaD7Ro8uLDo7q7OgkWw&_nc_ss=7b2a8&oh=00_Af_EAQEEZURCTq9tshIW1T8aavDmHmg0GYzlWFTJDMOtJA&oe=6A43EA91,https://www.facebook.com/reel/1345872924150521/,1
2026-06-04,"KẾT NỐI TRIỆU YÊU THƯƠNG – TIẾP SỨC ĐẾN TRƯỜNG CHO HỌC SINH CÓ HOÀN CẢNH ĐẶC BIỆT, KHÓ KHĂN   Tiếp tục hành trình nâng bước đến trường cho thế hệ tương lai, trong tháng 4 và tháng 5/2026, Quỹ “Vì cuộc sống tươi đẹp” của Dai-ichi Life Việt Nam đã phối hợp cùng Quỹ Bảo trợ Trẻ em Việt Nam trao 550 suất học bổng, tổng trị giá 550 triệu đồng, đến 550 học sinh có hoàn cảnh đặc biệt, khó khăn tại 6 tỉnh thành: Bắc Ninh, Khánh Hòa, Gia Lai, Đồng Nai, Phú Thọ và Cần Thơ.   🤝Năm 2026 cũng đánh dấu năm thứ 9 liên tiếp Dai-ichi Life Việt Nam đồng hành cùng Quỹ Bảo trợ Trẻ em Việt Nam, với tổng giá trị tài trợ hơn 5,1 tỷ đồng, mang đến những thay đổi tích cực và cuộc sống tốt đẹp hơn cho trẻ em Việt Nam.   💚 “Giáo dục luôn giữ vai trò nền tảng để mở ra tương lai tốt đẹp cho thế hệ trẻ. Với thông điệp ‘Kết nối Triệu Yêu Thương’, mỗi suất học bổng được trao hôm nay không chỉ là sự hỗ trợ về vật chất mà còn là nguồn động viên tinh thần, giúp các em thêm tự tin và vững bước trên hành trình học tập phía trước. Đây cũng là cam kết lâu dài của chúng tôi trong việc đồng hành cùng cộng đồng, góp phần nuôi dưỡng thế hệ tương lai của đất nước” – Ông Trần Đình Quân, Chủ tịch Hội đồng Thành viên Dai-ichi Life Việt Nam, kiêm Chủ tịch Quỹ “Vì cuộc sống tươi đẹp”, chia sẻ.  ✨ Hành trình lan tỏa yêu thương vẫn đang tiếp nối, vì một thế hệ trẻ Việt Nam giàu tri thức, nghị lực và khát vọng vươn lên!  #DaiichiLifeVietnam #KetnoiTrieuYeuThuong #Tiepsucdentruong #Tinhthuongchoem #Vicuocsongtuoidep",Dai-ichi Life Việt Nam,103,20,13,https://www.facebook.com/DaiichiLife.Vietnam,https://www.facebook.com/DaiichiLife.Vietnam/posts/pfbid0HT5yKKQMsgUgoPqXutkX8amQpKA3cyTzGppBmnhTMXB1BRsrY9wgwWwNj7EaCKXFl,https://scontent.fsgn5-12.fna.fbcdn.net/v/t39.30808-6/714830461_1444309824400711_1888338644878589898_n.jpg?stp=dst-jpg_tt6&cstp=mx2048x1268&ctp=p960x960&_nc_cat=101&_nc_map=urlgen_bucketless&ccb=1-7&_nc_sid=127cfc&_nc_ohc=occqht29uekQ7kNvwHrNMq5&_nc_oc=Adpnc3rlJiCnj8-ZTB3CaOBzZ0RjejEH0WVaFa8YtAku7EXpVSag8iBpipDM_-uNP3McDSJD5b2_pVBUbeiMOnvx&_nc_zt=23&_nc_ht=scontent.fsgn5-12.fna&_nc_gid=n-FugQ9EvbygIVXFEmVnvw&_nc_ss=7b2a8&oh=00_Af-uEH0J8ET2N_jJFwZ1NVRbiuf6_UWYXvUOCtAqRzNyzQ&oe=6A43DE5E | https://scontent.fsgn5-12.fna.fbcdn.net/v/t39.30808-6/714830461_1444309824400711_1888338644878589898_n.jpg?stp=dst-jpg_tt6&cstp=mx2048x1268&ctp=s2048x1268&_nc_cat=101&_nc_map=urlgen_bucketless&ccb=1-7&_nc_sid=127cfc&_nc_ohc=occqht29uekQ7kNvwHrNMq5&_nc_oc=Adpnc3rlJiCnj8-ZTB3CaOBzZ0RjejEH0WVaFa8YtAku7EXpVSag8iBpipDM_-uNP3McDSJD5b2_pVBUbeiMOnvx&_nc_zt=23&_nc_ht=scontent.fsgn5-12.fna&_nc_gid=n-FugQ9EvbygIVXFEmVnvw&_nc_ss=7b2a8&oh=00_Af-uEH0J8ET2N_jJFwZ1NVRbiuf6_UWYXvUOCtAqRzNyzQ&oe=6A43DE5E | https://scontent.fsgn5-15.fna.fbcdn.net/v/t39.30808-6/714949241_1444309781067382_5423829356427460857_n.jpg?stp=dst-jpg_tt6&cstp=mx3207x1307&ctp=p480x480&_nc_cat=102&_nc_map=urlgen_bucketless&ccb=1-7&_nc_sid=127cfc&_nc_ohc=02VMcfI6ciwQ7kNvwFL3gnh&_nc_oc=AdpvBCUA9xQJpbDmE-nYNgVHSaue0Se5w8auv8zBpKPs1BV60pKeJgqTYEwJ4AqmD5jiBx1yO5y-8vjHWkrQwTdl&_nc_zt=23&_nc_ht=scontent.fsgn5-15.fna&_nc_gid=n-FugQ9EvbygIVXFEmVnvw&_nc_ss=7b2a8&oh=00_Af-EHN_OrsgXsNPVbxfYYzwzQO3BdpE4OwuTCbyCTIgAxg&oe=6A43E809 | https://scontent.fsgn5-15.fna.fbcdn.net/v/t39.30808-6/714949241_1444309781067382_5423829356427460857_n.jpg?stp=dst-jpg_tt6&cstp=mx3207x1307&ctp=s3207x1307&_nc_cat=102&_nc_map=urlgen_bucketless&ccb=1-7&_nc_sid=127cfc&_nc_ohc=02VMcfI6ciwQ7kNvwFL3gnh&_nc_oc=AdpvBCUA9xQJpbDmE-nYNgVHSaue0Se5w8auv8zBpKPs1BV60pKeJgqTYEwJ4AqmD5jiBx1yO5y-8vjHWkrQwTdl&_nc_zt=23&_nc_ht=scontent.fsgn5-15.fna&_nc_gid=n-FugQ9EvbygIVXFEmVnvw&_nc_ss=7b2a8&oh=00_Af-EHN_OrsgXsNPVbxfYYzwzQO3BdpE4OwuTCbyCTIgAxg&oe=6A43E809 | https://scontent.fsgn5-13.fna.fbcdn.net/v/t39.30808-6/714766609_1444309941067366_3652341516527728096_n.jpg?stp=dst-jpg_tt6&cstp=mx2048x1237&ctp=p720x720&_nc_cat=107&_nc_map=urlgen_bucketless&ccb=1-7&_nc_sid=127cfc&_nc_ohc=RH-c5MOb4jYQ7kNvwF4cicl&_nc_oc=Ador4QWa74OcX-QmFWTQEu8TaCNuVFh-7HaPqcQXJrLkLgIyP-5ORe7NTpQp9YVShL5c6iM-E4smjRaKZ57NAUpr&_nc_zt=23&_nc_ht=scontent.fsgn5-13.fna&_nc_gid=n-FugQ9EvbygIVXFEmVnvw&_nc_ss=7b2a8&oh=00_Af-l-H-mYoaLWItTECeIX3MEZkYqyGUv9lH48vWvu8vr0g&oe=6A43CE01 | https://scontent.fsgn5-13.fna.fbcdn.net/v/t39.30808-6/714766609_1444309941067366_3652341516527728096_n.jpg?stp=dst-jpg_tt6&cstp=mx2048x1237&ctp=s2048x1237&_nc_cat=107&_nc_map=urlgen_bucketless&ccb=1-7&_nc_sid=127cfc&_nc_ohc=RH-c5MOb4jYQ7kNvwF4cicl&_nc_oc=Ador4QWa74OcX-QmFWTQEu8TaCNuVFh-7HaPqcQXJrLkLgIyP-5ORe7NTpQp9YVShL5c6iM-E4smjRaKZ57NAUpr&_nc_zt=23&_nc_ht=scontent.fsgn5-13.fna&_nc_gid=n-FugQ9EvbygIVXFEmVnvw&_nc_ss=7b2a8&oh=00_Af-l-H-mYoaLWItTECeIX3MEZkYqyGUv9lH48vWvu8vr0g&oe=6A43CE01 | https://scontent.fsgn5-5.fna.fbcdn.net/v/t39.30808-6/715549650_1444309971067363_3820420831474696516_n.jpg?stp=dst-jpg_tt6&cstp=mx2947x1423&ctp=p565x565&_nc_cat=111&_nc_map=urlgen_bucketless&ccb=1-7&_nc_sid=127cfc&_nc_ohc=mJrQ9AOcJksQ7kNvwHHOh1w&_nc_oc=AdoUAN7pG46J_a0B6a9OXKm5747cnFebCns3ldE58DyndOliVLSIeTAcPGRYCBu-65LtUrmZpPuH6jxRZBvC22ac&_nc_zt=23&_nc_ht=scontent.fsgn5-5.fna&_nc_gid=n-FugQ9EvbygIVXFEmVnvw&_nc_ss=7b2a8&oh=00_Af8kBJElXav1YjV36YOBA2FdD6tkZYz8JEKFJjIjuWltKg&oe=6A43C78A | https://scontent.fsgn5-5.fna.fbcdn.net/v/t39.30808-6/715549650_1444309971067363_3820420831474696516_n.jpg?stp=dst-jpg_tt6&cstp=mx2947x1423&ctp=s2947x1423&_nc_cat=111&_nc_map=urlgen_bucketless&ccb=1-7&_nc_sid=127cfc&_nc_ohc=mJrQ9AOcJksQ7kNvwHHOh1w&_nc_oc=AdoUAN7pG46J_a0B6a9OXKm5747cnFebCns3ldE58DyndOliVLSIeTAcPGRYCBu-65LtUrmZpPuH6jxRZBvC22ac&_nc_zt=23&_nc_ht=scontent.fsgn5-5.fna&_nc_gid=n-FugQ9EvbygIVXFEmVnvw&_nc_ss=7b2a8&oh=00_Af8kBJElXav1YjV36YOBA2FdD6tkZYz8JEKFJjIjuWltKg&oe=6A43C78A | https://scontent.fsgn5-3.fna.fbcdn.net/v/t39.30808-6/715454254_1444310374400656_6355500308866952716_n.jpg?stp=dst-jpg_tt6&cstp=mx2048x1851&ctp=s2048x1851&_nc_cat=107&_nc_map=urlgen_bucketless&ccb=1-7&_nc_sid=127cfc&_nc_ohc=7MPi551CvFUQ7kNvwE2JSal&_nc_oc=Adr2pOsa14AuPND2n56CPhg8klOCIs21RhUyfR3hF9ibUll-ojN6gBX84jkYmNKEIc8weAyO3QQv-NUJqH_QaKfs&_nc_zt=23&_nc_ht=scontent.fsgn5-3.fna&_nc_gid=n-FugQ9EvbygIVXFEmVnvw&_nc_ss=7b2a8&oh=00_Af9DfJOU5Bv_8Q74WU1Z2HjGZ1p0Teykyy7NA8s0cvRHTw&oe=6A43B3CD,,
2026-06-03,"🌟 Mang lại ánh sáng và hy vọng cho 400 bệnh nhân nghèo tại Tây Ninh và Lâm Đồng  Trong hai ngày 16 & 31/05/2026, Quỹ “Vì cuộc sống tươi đẹp” của Dai-ichi Life Việt Nam đã phối hợp cùng Hội Bảo trợ Bệnh nhân nghèo TP.HCM và các bệnh viện tại Tây Ninh và Lâm Đồng triển khai chương trình phẫu thuật mắt từ thiện cho 400 bệnh nhân có hoàn cảnh khó khăn tại địa phương.  👁️‍🗨️ Các hoạt động này nằm trong chương trình “Đem ánh sáng cho người nghèo 2026”, với tổng ngân sách tài trợ 800 triệu đồng, dự kiến mang lại ánh sáng cho 500 bệnh nhân tại Tây Ninh, Lâm Đồng và An Giang.  💙 Được khởi xướng từ năm 2009, chương trình đã trở thành một hành trình bền bỉ và đầy nhân văn của Tập đoàn Daiichi Life và Dai-ichi Life Việt Nam. Sau 17 năm, chương trình đã giúp phục hồi thị lực cho hơn 11.900 bệnh nhân nghèo trên khắp cả nước với số tiền đóng góp hơn 11 tỷ đồng.  💬 Ông Trần Đình Quân – Chủ tịch Hội đồng Thành viên Dai-ichi Life Việt Nam kiêm Chủ tịch Quỹ “Vì cuộc sống tươi đẹp”, chia sẻ: “Chương trình ‘Đem ánh sáng cho người nghèo’ không chỉ mang lại ánh sáng, mà còn trao thêm hy vọng, sự tự tin và cơ hội sống tốt đẹp hơn cho hàng ngàn người dân có hoàn cảnh khó khăn trên khắp Việt Nam. Chúng tôi tin rằng, khi ánh sáng được thắp lên trong cuộc đời một người, những giá trị tích cực sẽ tiếp tục lan tỏa đến gia đình và cộng đồng”.  🤝 Với triết lý “Tất cả vì con người” của doanh nghiệp Nhật Bản, Dai-ichi Life Việt Nam sẽ tiếp tục đồng hành và sẻ chia cùng cộng đồng, góp phần chăm sóc sức khỏe và hướng đến xây dựng một tương lai an tâm hơn, tươi sáng hơn cho người dân Việt.  #DaiichiLifeVietnam #QuyVicuocsongtuoidep #DemAnhsangChoNguoiNgheo #CSR #ViTuongLaiAnTamTuoiSang",Dai-ichi Life Việt Nam,238,50,11,https://www.facebook.com/DaiichiLife.Vietnam,https://www.facebook.com/DaiichiLife.Vietnam/posts/pfbid02Vvvu5NtRgMkpafEmyZB7TN4QhGkFMeQfkQiKiZBTnvXNQ4zbnXmDvmkSmeenTc4Pl,https://scontent.fsgn5-14.fna.fbcdn.net/v/t39.30808-6/714305152_1443193191179041_8767509130417585273_n.jpg?stp=dst-jpg_tt6&cstp=mx1600x1000&ctp=p960x960&_nc_cat=105&_nc_map=urlgen_bucketless&ccb=1-7&_nc_sid=127cfc&_nc_ohc=F0xIXK5hlvIQ7kNvwHMsmn-&_nc_oc=AdqHUiVbuso5yicURG5LKoofzbkkvER6-0ehAqYCDrgdc7M5byCdMwoWwj5FsTtbVpGZhyDlyKTZTJjqqw5ETmzR&_nc_zt=23&_nc_ht=scontent.fsgn5-14.fna&_nc_gid=n-FugQ9EvbygIVXFEmVnvw&_nc_ss=7b2a8&oh=00_Af_tMVIOWyovQTkDR-XXa8_6t6yRw_ME7lfZ5juIWH2M6g&oe=6A43C16E | https://scontent.fsgn5-14.fna.fbcdn.net/v/t39.30808-6/714305152_1443193191179041_8767509130417585273_n.jpg?stp=dst-jpg_tt6&cstp=mx1600x1000&ctp=s1600x1000&_nc_cat=105&_nc_map=urlgen_bucketless&ccb=1-7&_nc_sid=127cfc&_nc_ohc=F0xIXK5hlvIQ7kNvwHMsmn-&_nc_oc=AdqHUiVbuso5yicURG5LKoofzbkkvER6-0ehAqYCDrgdc7M5byCdMwoWwj5FsTtbVpGZhyDlyKTZTJjqqw5ETmzR&_nc_zt=23&_nc_ht=scontent.fsgn5-14.fna&_nc_gid=n-FugQ9EvbygIVXFEmVnvw&_nc_ss=7b2a8&oh=00_Af_tMVIOWyovQTkDR-XXa8_6t6yRw_ME7lfZ5juIWH2M6g&oe=6A43C16E | https://scontent.fsgn5-5.fna.fbcdn.net/v/t39.30808-6/713843465_1443193147845712_5192509698352614960_n.jpg?stp=dst-jpg_tt6&cstp=mx1600x1000&ctp=p960x960&_nc_cat=111&_nc_map=urlgen_bucketless&ccb=1-7&_nc_sid=127cfc&_nc_ohc=rKRBgjw4yf0Q7kNvwG9ilO-&_nc_oc=AdoS2wY8vR9UOWJeZb_CPjZN1aDrzRFF9Zuj2C0ImLbW2E2gpSzASF9UzFL_IKznPjGnykebDGaXbmI09-SvPnek&_nc_zt=23&_nc_ht=scontent.fsgn5-5.fna&_nc_gid=n-FugQ9EvbygIVXFEmVnvw&_nc_ss=7b2a8&oh=00_Af-UPEUfzfF0H2uGCh-nUEdgh9OpAGF_hDlhSxf8OtGAyw&oe=6A43D4FA | https://scontent.fsgn5-5.fna.fbcdn.net/v/t39.30808-6/713843465_1443193147845712_5192509698352614960_n.jpg?stp=dst-jpg_tt6&cstp=mx1600x1000&ctp=s1600x1000&_nc_cat=111&_nc_map=urlgen_bucketless&ccb=1-7&_nc_sid=127cfc&_nc_ohc=rKRBgjw4yf0Q7kNvwG9ilO-&_nc_oc=AdoS2wY8vR9UOWJeZb_CPjZN1aDrzRFF9Zuj2C0ImLbW2E2gpSzASF9UzFL_IKznPjGnykebDGaXbmI09-SvPnek&_nc_zt=23&_nc_ht=scontent.fsgn5-5.fna&_nc_gid=n-FugQ9EvbygIVXFEmVnvw&_nc_ss=7b2a8&oh=00_Af-UPEUfzfF0H2uGCh-nUEdgh9OpAGF_hDlhSxf8OtGAyw&oe=6A43D4FA | https://scontent.fsgn5-11.fna.fbcdn.net/v/t39.30808-6/711945468_1443193137845713_8024341057602347446_n.jpg?stp=dst-jpg_tt6&cstp=mx1600x1000&ctp=p960x960&_nc_cat=111&_nc_map=urlgen_bucketless&ccb=1-7&_nc_sid=127cfc&_nc_ohc=5S6x81ZP_7oQ7kNvwFLy4VA&_nc_oc=AdqFB6ZZdCnNWSl8fvMjgT78Pxxt1nh3qftSjZhJRyoO5h-r9IGda7adrXeZLM7SF8tjy-Jc7lQc_VEgP1u02Ydq&_nc_zt=23&_nc_ht=scontent.fsgn5-11.fna&_nc_gid=n-FugQ9EvbygIVXFEmVnvw&_nc_ss=7b2a8&oh=00_Af8gius_l3K5Tx03uCCsmoAEN_1UrjKoCrHl1Pj_mEPmHw&oe=6A43E484 | https://scontent.fsgn5-11.fna.fbcdn.net/v/t39.30808-6/711945468_1443193137845713_8024341057602347446_n.jpg?stp=dst-jpg_tt6&cstp=mx1600x1000&ctp=s1600x1000&_nc_cat=111&_nc_map=urlgen_bucketless&ccb=1-7&_nc_sid=127cfc&_nc_ohc=5S6x81ZP_7oQ7kNvwFLy4VA&_nc_oc=AdqFB6ZZdCnNWSl8fvMjgT78Pxxt1nh3qftSjZhJRyoO5h-r9IGda7adrXeZLM7SF8tjy-Jc7lQc_VEgP1u02Ydq&_nc_zt=23&_nc_ht=scontent.fsgn5-11.fna&_nc_gid=n-FugQ9EvbygIVXFEmVnvw&_nc_ss=7b2a8&oh=00_Af8gius_l3K5Tx03uCCsmoAEN_1UrjKoCrHl1Pj_mEPmHw&oe=6A43E484 | https://scontent.fsgn5-10.fna.fbcdn.net/v/t39.30808-6/714586190_1443193141179046_137487236756323009_n.jpg?stp=dst-jpg_tt6&cstp=mx1600x1000&ctp=p960x960&_nc_cat=111&_nc_map=urlgen_bucketless&ccb=1-7&_nc_sid=127cfc&_nc_ohc=jlX5EAMH3gUQ7kNvwGtXJz2&_nc_oc=AdrnzU0bq_23xwbho6qJJNBRtaUxZcuGLJ7Fa_hrSN2VB3aLecqDwjpGc4XnnmWXcQQBtt1M9HCWBubB8LKk1dPr&_nc_zt=23&_nc_ht=scontent.fsgn5-10.fna&_nc_gid=n-FugQ9EvbygIVXFEmVnvw&_nc_ss=7b2a8&oh=00_Af-mLwQ4V9PqJnBxqCyhf_dI_wCwmHMI7VMppCAwxWxk_g&oe=6A43E517 | https://scontent.fsgn5-10.fna.fbcdn.net/v/t39.30808-6/714586190_1443193141179046_137487236756323009_n.jpg?stp=dst-jpg_tt6&cstp=mx1600x1000&ctp=s1600x1000&_nc_cat=111&_nc_map=urlgen_bucketless&ccb=1-7&_nc_sid=127cfc&_nc_ohc=jlX5EAMH3gUQ7kNvwGtXJz2&_nc_oc=AdrnzU0bq_23xwbho6qJJNBRtaUxZcuGLJ7Fa_hrSN2VB3aLecqDwjpGc4XnnmWXcQQBtt1M9HCWBubB8LKk1dPr&_nc_zt=23&_nc_ht=scontent.fsgn5-10.fna&_nc_gid=n-FugQ9EvbygIVXFEmVnvw&_nc_ss=7b2a8&oh=00_Af-mLwQ4V9PqJnBxqCyhf_dI_wCwmHMI7VMppCAwxWxk_g&oe=6A43E517 | https://scontent.fsgn5-22.fna.fbcdn.net/v/t39.30808-6/714737729_1443193144512379_5516618871743721455_n.jpg?stp=dst-jpg_tt6&cstp=mx1600x1000&ctp=p960x960&_nc_cat=102&_nc_map=urlgen_bucketless&ccb=1-7&_nc_sid=127cfc&_nc_ohc=cZwtjVur8RoQ7kNvwG2jVZi&_nc_oc=Adr0j9NbZW7spKLwFvnHSc6f42_eTUX4h7ZTegkQZXw0b9Ou7Thx_qD8Wh6-roZNH82QcExdUA9pt6yaTAiFjW40&_nc_zt=23&_nc_ht=scontent.fsgn5-22.fna&_nc_gid=n-FugQ9EvbygIVXFEmVnvw&_nc_ss=7b2a8&oh=00_Af-_7rQe0i9k1h5ipiakwWFuXwEtROLuX8wXSntRcG1a6A&oe=6A43D9C2 | https://scontent.fsgn5-22.fna.fbcdn.net/v/t39.30808-6/714737729_1443193144512379_5516618871743721455_n.jpg?stp=dst-jpg_tt6&cstp=mx1600x1000&ctp=s1600x1000&_nc_cat=102&_nc_map=urlgen_bucketless&ccb=1-7&_nc_sid=127cfc&_nc_ohc=cZwtjVur8RoQ7kNvwG2jVZi&_nc_oc=Adr0j9NbZW7spKLwFvnHSc6f42_eTUX4h7ZTegkQZXw0b9Ou7Thx_qD8Wh6-roZNH82QcExdUA9pt6yaTAiFjW40&_nc_zt=23&_nc_ht=scontent.fsgn5-22.fna&_nc_gid=n-FugQ9EvbygIVXFEmVnvw&_nc_ss=7b2a8&oh=00_Af-_7rQe0i9k1h5ipiakwWFuXwEtROLuX8wXSntRcG1a6A&oe=6A43D9C2,,
2026-06-02,"AN TÂM ĐIỀU TRỊ, VỮNG VÀNG VƯỢT BIẾN CỐ  Biến cố sức khỏe không đáng sợ bằng việc chúng ta phải đối mặt với nó trong thế bị động.   Khi sức khỏe lên tiếng, sự đồng hành và quyền lợi chi trả thiết thực từ Dai-ichi Life Việt Nam đã tiếp thêm sức mạnh để bác Nguyễn Văn Thắng và gia đình vững vàng vượt qua giai đoạn khó khăn nhất.   Tại Dai-ichi Life Việt Nam, việc chung vai gánh vác về tài chính không chỉ là trách nhiệm của hợp đồng, mà còn là lời cam kết cùng khách hàng đi qua mọi thăng trầm để hướng đến ngày mai tươi sáng.  🎥 Cùng theo dõi video để lắng nghe những trải nghiệm của khách hàng Nguyễn Văn Thắng tại đây: https://youtu.be/2pWWKs8-qwo  #DaiichiLifeVietnam #DLVN #VungTinTienBuoc #ChamSocSucKhoe #DongHanhTronDoi  —— Dai-ichi Life Việt Nam • Hotline: (028) 3810 0888 - (028) 7308 8880 • Website: https://dai-ichi-life.com.vn/ • Facebook: https://www.facebook.com/DaiichiLife.Vietnam • LinkedIn: https://www.linkedin.com/company/dai-ichi-life-vietnam/ • Youtube: https://www.youtube.com/@DaiichiLifeVietNamOfficial • Zalo OA: https://tinyurl.com/daiichilifevietnam",Dai-ichi Life Việt Nam,52,21,0,https://www.facebook.com/DaiichiLife.Vietnam,https://www.facebook.com/reel/1007194891891176/,https://scontent.fsgn5-22.fna.fbcdn.net/v/t15.5256-10/712196778_1561213872277139_8889083781424040083_n.jpg?stp=dst-jpg_tt6&cstp=mx1080x1920&ctp=p960x960&_nc_cat=111&_nc_map=urlgen_bucketless&ccb=1-7&_nc_sid=5fad0e&_nc_ohc=wEpK4P0WGRIQ7kNvwEsQRnU&_nc_oc=AdqQzmyXaoXGK2NUwQTP8LI-qW9pK8FqqB7IGPEH-DHHY5SEkaiVjti3g15jeyuO1LgMpPmLPKep48H9v-htIykT&_nc_zt=23&_nc_ht=scontent.fsgn5-22.fna&_nc_gid=n-FugQ9EvbygIVXFEmVnvw&_nc_ss=7b2a8&oh=00_Af--NKb92AaFTA5zKgqRlvhdxXjGl87CILw43TACM9Wm_Q&oe=6A43CC2B | https://scontent.fsgn5-9.fna.fbcdn.net/o1/v/t2/f2/m412/AQMFKlOaAzKTdU5DULGvNwbGq_drTjbNL0BbcFiv9DKqvxuyRf9acry0DQCIsCLqtqJE6n77oaMMRysS6VuLzK87vJBRb24YAQplcOskSA.mp4?_nc_cat=108&_nc_oc=AdqyomWAYWt_Y_VRyneO_NXGLdwaDOtzzShVdqXDFiSkkOeTTMrsP-fxZKrF2wUWkLb4e_eRFYratHPZ-cRUvLiy&_nc_sid=8bf8fe&_nc_ht=scontent.fsgn5-9.fna.fbcdn.net&_nc_ohc=HrNzaHINPcIQ7kNvwEoB2Qg&efg=eyJ2ZW5jb2RlX3RhZyI6Inhwdl9wcm9ncmVzc2l2ZS5GQUNFQk9PSy4uQzMuMzYwLnN2ZV9zZCIsInhwdl9hc3NldF9pZCI6MTAyMjU4MDY5MzU3NjU3MCwiYXNzZXRfYWdlX2RheXMiOjI0LCJ2aV91c2VjYXNlX2lkIjoxMDEyMiwiZHVyYXRpb25fcyI6MzMsInVybGdlbl9zb3VyY2UiOiJ3d3cifQ%3D%3D&ccb=17-1&_nc_gid=n-FugQ9EvbygIVXFEmVnvw&_nc_ss=7b2a8&_nc_map=urlgen_bucketless&_nc_zt=28&oh=00_Af_-mk03BwzUKLiYxPdqYQJ7FipLbMqfHm2_bUPvlUQnJw&oe=6A43D2EA&bitrate=255510&tag=sve_sd | https://scontent.fsgn5-9.fna.fbcdn.net/o1/v/t2/f2/m366/AQMEW29KqtV6w-tdmvMPqiYdgAnvy-InajBJTUhXq_fzeGKQNsWR4Mqw4Y1HZWhfLhAXlYzzq0b0h5bl9HvITtc4SpeDjnyysrsDCpnRA6vtQQ.mp4?_nc_cat=107&_nc_oc=AdpLhvZek9RHlr5FdqtSWMmcoolqfUFReuDaD9yO0MppyR3wE4PkgrzgtjVxcFq_aBDDduP112rGVOi-SfJdxQDz&_nc_sid=5e9851&_nc_ht=scontent.fsgn5-9.fna.fbcdn.net&_nc_ohc=9TS1TO6tP3YQ7kNvwHMCIYl&efg=eyJ2ZW5jb2RlX3RhZyI6Inhwdl9wcm9ncmVzc2l2ZS5GQUNFQk9PSy4uQzMuNzIwLmRhc2hfaDI2NC1iYXNpYy1nZW4yXzcyMHAiLCJ4cHZfYXNzZXRfaWQiOjEwMjI1ODA2OTM1NzY1NzAsImFzc2V0X2FnZV9kYXlzIjoyNCwidmlfdXNlY2FzZV9pZCI6MTAxMjIsImR1cmF0aW9uX3MiOjMzLCJ1cmxnZW5fc291cmNlIjoid3d3In0%3D&ccb=17-1&vs=2fa732c6ba1089e5&_nc_vs=HBksFQIYRWZiX2VwaGVtZXJhbC8xQTQ3QTE5NTdFNzZEQzFGODAwNzAwMzJFNzRFMjRBMF9tdF8xX3ZpZGVvX2Rhc2hpbml0Lm1wNBUAAsgBEgAVAhhAZmJfcGVybWFuZW50L0IyNDUxQTk2NjhEOTZDOTk0QzJFREY4OEIwQUM0RkIwX2F1ZGlvX2Rhc2hpbml0Lm1wNBUCAsgBEgAoABgAGwKIB3VzZV9vaWwBMRJwcm9ncmVzc2l2ZV9yZWNpcGUBMRUAACb0rfXvg4LRAxUCKAJDMywXQEDJmZmZmZoYGWRhc2hfaDI2NC1iYXNpYy1nZW4yXzcyMHARAHUCZZSeAQA&_nc_gid=n-FugQ9EvbygIVXFEmVnvw&_nc_ss=7b2a8&_nc_map=urlgen_bucketless&_nc_zt=28&oh=00_Af_OgKyfnAjEGvwbD_39aXkP3Oc2T_e4qrepIJU6wDQCyA&oe=6A43BE11&bitrate=950801&tag=dash_h264-basic-gen2_720p | https://scontent.fsgn5-7.fna.fbcdn.net/v/t15.5256-10/710709066_2240750239999683_6482662546648717276_n.jpg?stp=dst-jpg_tt6&cstp=mx1080x1920&ctp=s960x960&_nc_cat=108&_nc_map=urlgen_bucketless&ccb=1-7&_nc_sid=be8305&_nc_ohc=NRxcTL4AgLoQ7kNvwFWJtdI&_nc_oc=Adp9C4FEpmz-98p-afe-NwKRLbqcTbfyTqALugsyE-2x7fMbLlQhowUbHTvQnCOJm3YdtWUzS-gUeDNWPe4w4jvP&_nc_zt=23&_nc_ht=scontent.fsgn5-7.fna&_nc_gid=n-FugQ9EvbygIVXFEmVnvw&_nc_ss=7b2a8&oh=00_Af9mkNGB7BFwx_V53INwSURy6-1_BvfX07x1yww-fZLR4w&oe=6A43D1BA | https://scontent.fsgn5-3.fna.fbcdn.net/v/t15.5256-10/711289360_915354431518604_6431956050503852317_n.jpg?stp=dst-jpg_tt6&cstp=mx1000x1760&ctp=s1000x1760&_nc_cat=105&_nc_map=urlgen_bucketless&ccb=1-7&_nc_sid=06012f&_nc_ohc=NpQjY7SyKNgQ7kNvwH46NgF&_nc_oc=AdoEwo478UxVZ14nsiCsjAhtoexTQgxC74nNWDqWT7BUEKFp9QNWwkwVX-kJtb48cFu8Dr7I8J20jXC6a9lt2_4a&_nc_zt=23&_nc_ht=scontent.fsgn5-3.fna&_nc_gid=n-FugQ9EvbygIVXFEmVnvw&_nc_ss=7b2a8&oh=00_Af-dGRKj_5BZYfbnUPkYAGjcThuDP1HJVGkPVob3te7DBw&oe=6A43C184,https://www.facebook.com/reel/1007194891891176/,1
2026-06-01,"🌱 CHẮP CÁNH ƯỚC MƠ – VỮNG BƯỚC TƯƠNG LAI 🌱  🌟 Tuổi thơ của con là bầu trời rộng lớn, nơi nuôi dưỡng muôn vàn ước mơ. Trên hành trình ấy, gia đình luôn là điểm tựa yêu thương cho mỗi bước chân con tự do khám phá và vững vàng vượt qua mọi thử thách.  💙 Để những ước mơ của con bay xa hơn, một kế hoạch chủ động bảo vệ toàn diện từ hôm nay của Cha mẹ sẽ giúp con an tâm trưởng thành và vững tin tiến bước trong tương lai. Dai-ichi Life Việt Nam tự hào đồng hành cùng Cha mẹ, mang đến các giải pháp tài chính và chăm sóc sức khỏe ưu việt, góp phần tạo dựng nền tảng vững chắc cho hành trình phát triển của con.  🎈 Nhân Ngày Quốc tế Thiếu nhi 1/6, cùng dành cho con những khoảnh khắc trọn vẹn hôm nay và sự chuẩn bị chu toàn cho ngày mai – nơi mỗi ước mơ của con luôn được chắp cánh trong an tâm và yêu thương.  🎁 Hãy tặng con món quà ý nghĩa cho tương lai – liên hệ Dai-ichi Life Việt Nam ngay để được tư vấn giải pháp bảo vệ và chăm sóc sức khỏe ưu việt.   #DaiichiLifeVietNam #DLVN #19Nam #VungTinTienBuoc #QuocTeThieuNhi #1Thang6 —— Dai-ichi Life Việt Nam • Hotline: (028) 3810 0888 - (028) 7308 8880 • Website: https://dai-ichi-life.com.vn/ • Facebook: https://www.facebook.com/DaiichiLife.Vietnam • LinkedIn: https://www.linkedin.com/company/dai-ichi-life-vietnam/ • Youtube: https://www.youtube.com/@DaiichiLifeVietNamOfficial • Zalo OA: https://tinyurl.com/daiichilifevietnam",Dai-ichi Life Việt Nam,57,12,1,https://www.facebook.com/DaiichiLife.Vietnam,https://www.facebook.com/DaiichiLife.Vietnam/posts/pfbid02LPnFAs9wVFBptoFmfYDxpaNWLtVGQBasJPXmwrQ5RdGxpvDU8eagsK2ix8Gx18BEl,https://scontent.fsgn5-5.fna.fbcdn.net/v/t39.30808-6/710755899_1438674341630926_9177489263925631040_n.jpg?stp=dst-jpg_tt6&cstp=mx1254x1254&ctp=s1080x2048&_nc_cat=107&_nc_map=urlgen_bucketless&ccb=1-7&_nc_sid=127cfc&_nc_ohc=ghMaCCL-IQoQ7kNvwG7k3zc&_nc_oc=AdoldHZodiojpBHKN0SrI6MmZjLYoQqCmVy7r-4u7fW-PT3ik7oINPwpojupLYdYmwdUBxW1hcWTC3flQTtaGY9W&_nc_zt=23&_nc_ht=scontent.fsgn5-5.fna&_nc_gid=dOUGXHH-h9SBzGRSTblJvg&_nc_ss=7b2a8&oh=00_Af_A1_LGFzXELAnr0en8aGchidZza0bxJ4AFu7i9UfAyNg&oe=6A43D138,,
