post_date,content,fanpage_name,reaction,share,comment,fanpage_url,post_url,post_id,image_urls,video_url
2026-06-26,"🚨 TUYỂN DỤNG GẤP: TIỀN NHÀN RỖI ĐA NHIỆM  Đối tượng: Những khoản tiền nhàn rỗi. Mô tả công việc: Vừa sinh lãi tích lũy tương lai, vừa cân luôn nhiệm vụ bảo vệ sức khỏe cho chủ tài khoản. Yêu cầu: Hoạt động ngay, có khả năng phân thân gánh việc thay chủ. Quyền lợi:  ‣ Làm việc tại ngân hàng uy tín Vietcombank. ‣ Có FWD đồng hành bảo vệ với quyền lợi bảo hiểm sức khỏe lên đến 140 triệu VND/năm.  Nộp CV (gửi tiết kiệm) trực tiếp ngay tại quầy của ngân hàng Vietcombank để trở thành ứng viên tiềm năng cùng Vietcombank x FWD!! 💥  🔗 Xem chi tiết chương trình tại: https://shorturl.at/Vo2dV   #VCB #FWD #CóVietcombankTiếtKiệmSinhLờiCảNhàVuiKhỏe #NóiLàLàm",FWD Vietnam,11,2,0,https://www.facebook.com/BaohiemFWDVietnam,https://www.facebook.com/BaohiemFWDVietnam/posts/pfbid032X3jJUv9ChLqq8F3FBw97poLwD1AuYkUvxzuQHMbegD7iT3JShLwCovKfTe4ySNKl,1445970570901365,https://scontent.fsgn5-21.fna.fbcdn.net/v/t39.99422-6/730778628_2572708476511930_7287889564892819644_n.png?stp=dst-jpg_tt6&cstp=mx1800x1800&ctp=s1080x2048&_nc_cat=105&_nc_map=urlgen_bucketless&ccb=1-7&_nc_sid=127cfc&_nc_ohc=xp0rZS2pq1AQ7kNvwGtfptD&_nc_oc=AdqhmpsZImCaxBLuQOl6W4Z6Q5CiYyxLNIWOnFrVOmF0hTKwevr98yZwo8NGt4eLJRsK7NUHYgUHGqH17IoYoPkF&_nc_zt=14&_nc_ht=scontent.fsgn5-21.fna&_nc_gid=2T-zkzs3qonp_3zHHSL7Sw&_nc_ss=7b2a8&oh=00_Af9ElZ6x7d7eBBCiJ-NpLmXdesQdQkHQjY5PKVhMaQ3TPw&oe=6A43D19F,
2026-06-25,"Đi thuyết trình mà mở đầu bằng CÁI KẾT thì chỉ có Minh Ti Saigon Tếu!  Đón xem Tập 1 series Tếu Thuyết Trình (Saigon Tếu x FWD) lúc 27.06.2026 này nha cả nhà! 👇""  #TeuThuyetTrinh #SaigonTeu #FWD #MinhTi #NóiLàLàm",Saigon Tếu,29,2,3,https://www.facebook.com/SaigonTeu,https://www.facebook.com/reel/1789187812443260/,1566932715080777,https://scontent.fsgn5-11.fna.fbcdn.net/v/t15.5256-10/731379467_2004415336833294_5181076655055680563_n.jpg?stp=dst-jpg_tt6&cstp=mx1080x1920&ctp=p960x960&_nc_cat=108&_nc_map=urlgen_bucketless&ccb=1-7&_nc_sid=5fad0e&_nc_ohc=sGiLngvchmoQ7kNvwHuIA2c&_nc_oc=AdraAHwTadGmhhvheHN_f_U9_PYyHY3pn1tu1p8KuidWLg6KK1Hgu9qDSDUwqWxd8wEbnEllXb1pHbRzU4GmJlh3&_nc_zt=23&_nc_ht=scontent.fsgn5-11.fna&_nc_gid=rdKQey7TR9UNRBccNeFFuQ&_nc_ss=7b2a8&oh=00_Af_kk0cJ-W31tW0iiiJkl8Uf3uBnyfIJRymZlx6eZdwMvg&oe=6A43EDE9 | https://scontent.fsgn5-14.fna.fbcdn.net/o1/v/t2/f2/m412/AQP3a4p4JXdMwwWJZxIlVVuntNkSbQL3p-FcncEtr59ZVNLbE9vb-xvgzvAhae2uwN-KS_xeiYCFpYq0PR04rimc2gczNeYdK81O-5vRXQ.mp4?_nc_cat=108&_nc_oc=AdrD6pRZH5WFKkxkO-n4Oxmc829l5bV_0JKPXmF7GqhZenSCaU8ATkaYPcmlJYh0GcM5Y29OaVyPJMgpom76wl_H&_nc_sid=8bf8fe&_nc_ht=scontent.fsgn5-14.fna.fbcdn.net&_nc_ohc=fjCDgTxTsv0Q7kNvwEWCnFZ&efg=eyJ2ZW5jb2RlX3RhZyI6Inhwdl9wcm9ncmVzc2l2ZS5GQUNFQk9PSy4uQzMuMzYwLnN2ZV9zZCIsInhwdl9hc3NldF9pZCI6MTY0Nzc1NjM4OTYzNDg2MCwiYXNzZXRfYWdlX2RheXMiOjAsInZpX3VzZWNhc2VfaWQiOjEwMTIyLCJkdXJhdGlvbl9zIjo0NiwidXJsZ2VuX3NvdXJjZSI6Ind3dyJ9&ccb=17-1&_nc_gid=rdKQey7TR9UNRBccNeFFuQ&_nc_ss=7b2a8&_nc_map=urlgen_bucketless&_nc_zt=28&oh=00_Af8LFJ7xK3JuUBFna5737oVoC2WciXGzEJMN2nulqc6Vww&oe=6A43CA86&bitrate=407946&tag=sve_sd | https://scontent.fsgn5-2.fna.fbcdn.net/o1/v/t2/f2/m366/AQOPvcE6Ke8CN1uQFHrgz0FYwgzDtpZkv7T4Y1UQMhJkz0m-rhvIGpMhT0uAHfkX7PWuGEWPelolN-gjEK9H9bcEGN7-qTGBmI9PdiXRz-fKXw.mp4?_nc_cat=110&_nc_oc=Adqd2i_Vr4lfSyfzbQ17xG7v8zDJ2K22C8SJeozDZS-ImTfwK3j92GLJzciKlrNDRITyl2e6K4O2haypOAQzepaG&_nc_sid=5e9851&_nc_ht=scontent.fsgn5-2.fna.fbcdn.net&_nc_ohc=HDgifZkzArYQ7kNvwFazbVk&efg=eyJ2ZW5jb2RlX3RhZyI6Inhwdl9wcm9ncmVzc2l2ZS5GQUNFQk9PSy4uQzMuNzIwLmRhc2hfaDI2NC1iYXNpYy1nZW4yXzcyMHAiLCJ4cHZfYXNzZXRfaWQiOjE2NDc3NTYzODk2MzQ4NjAsImFzc2V0X2FnZV9kYXlzIjowLCJ2aV91c2VjYXNlX2lkIjoxMDEyMiwiZHVyYXRpb25fcyI6NDYsInVybGdlbl9zb3VyY2UiOiJ3d3cifQ%3D%3D&ccb=17-1&vs=6327d28356d7ff4b&_nc_vs=HBksFQIYRWZiX2VwaGVtZXJhbC9CMTRFMzc1Q0E1RDkxOUUxQjIxREQ3NENFQjhEQkE4MV9tdF8xX3ZpZGVvX2Rhc2hpbml0Lm1wNBUAAsgBEgAVAhhAZmJfcGVybWFuZW50LzVGNEE5NjZDNzgzRjlEOTdBRkU5N0UyRDkxNERGMEE0X2F1ZGlvX2Rhc2hpbml0Lm1wNBUCAsgBEgAoABgAGwKIB3VzZV9vaWwBMRJwcm9ncmVzc2l2ZV9yZWNpcGUBMRUAACbYzL7khajtBRUCKAJDMywXQEcZmZmZmZoYGWRhc2hfaDI2NC1iYXNpYy1nZW4yXzcyMHARAHUCZZSeAQA&_nc_gid=rdKQey7TR9UNRBccNeFFuQ&_nc_ss=7b2a8&_nc_map=urlgen_bucketless&_nc_zt=28&oh=00_Af_k8WV5ABjUkeYLsL4HqeoP0raqJKC9hLOsX1HOnrNl3g&oe=6A43EA02&bitrate=1528230&tag=dash_h264-basic-gen2_720p | https://scontent.fsgn5-5.fna.fbcdn.net/v/t15.5256-10/729877100_1376174791032280_3630657082866110785_n.jpg?stp=dst-jpg_tt6&cstp=mx1080x1920&ctp=s960x960&_nc_cat=106&_nc_map=urlgen_bucketless&ccb=1-7&_nc_sid=be8305&_nc_ohc=MeWhPVIl9ioQ7kNvwHuYbQo&_nc_oc=Ado25ibvdbf5ARZRDKPbHdBkHmcd2o3bYdS6yNCOz_VC6H_S-WcJdWCUF06AGiolZu7vg2XzqpqLQuTuN6H-kraR&_nc_zt=23&_nc_ht=scontent.fsgn5-5.fna&_nc_gid=rdKQey7TR9UNRBccNeFFuQ&_nc_ss=7b2a8&oh=00_Af8Su9ZtywSvVFvyBTTdXAxdv19Wo_neqf6hW0oXRO8qaw&oe=6A43BB97 | https://scontent.fsgn5-22.fna.fbcdn.net/v/t15.5256-10/731356846_27314193961563661_2292439015484033002_n.jpg?stp=dst-jpg_tt6&cstp=mx1000x1760&ctp=s1000x1760&_nc_cat=105&_nc_map=urlgen_bucketless&ccb=1-7&_nc_sid=06012f&_nc_ohc=2U6VGlxPfqYQ7kNvwGHQfqC&_nc_oc=Adq1UaofSWv0T3MG0kTOVRMDbICh2P2JyDAOjf4MPisfZRxKb0tyV6DDWf4WGl9WbYUWkCIspITTzjtJKMHpeMUI&_nc_zt=23&_nc_ht=scontent.fsgn5-22.fna&_nc_gid=rdKQey7TR9UNRBccNeFFuQ&_nc_ss=7b2a8&oh=00_Af-m2co_if2S6yCeooFkR3v7c3ptkn2K9hFIyjZehJbmRA&oe=6A43BEB0,https://www.facebook.com/reel/1789187812443260/
2026-06-25,"🎯 KHÁCH HÀNG LÀ TRỌNG TÂM - VÌ CON NGƯỜI TRƯỚC TIÊN  🧡 Đằng sau câu chuyện chi trả quyền lợi bảo hiểm cho chị Hương [bit.ly/Minhdiquabiencomakhongphaigucngavino] không chỉ là quy trình, mà là những con người tự đặt áp lực thời gian lên chính mình cho từng hồ sơ - bởi họ hiểu mỗi ngày chờ đợi là một lần khách hàng thêm lo lắng.  Họ đồng hành không chỉ vì công việc, mà vì họ cũng là những người con, những người trụ cột trong gia đình - hiểu cảm giác nếu có người thân bước vào biến cố.  Với họ, xử lý nhanh không phải là KPI. Mà là một cách rất thật để giữ trọn một nguyên tắc: tình người trên hết - để điều trị không bị gián đoạn, và khách hàng không phải chờ trong bất an. Khi biến cố xảy ra, điều khách hàng cần không phải một lời hứa, mà là một hành động kịp lúc. ✨  #FWD #NóiLàLàm #SốngĐầyTừHômNay #SớmBảoVệ #SứcKhỏe #BệnhHiểmNghèo #ChiTrảQuyềnLợi",FWD Vietnam,122,4,1,https://www.facebook.com/BaohiemFWDVietnam,https://www.facebook.com/BaohiemFWDVietnam/posts/pfbid07zxh28PWPdZZnCKTqBn2AqALiK7Toc6MYPPZ4n5ym8yGBAZ7aaS2dp6PH6PnWeXFl,1445079214323834,https://scontent.fsgn5-7.fna.fbcdn.net/v/t39.99422-6/731014470_3380115202196718_6130006718040717131_n.png?stp=dst-jpg_tt6&cstp=mx1800x1800&ctp=s1080x2048&_nc_cat=107&_nc_map=urlgen_bucketless&ccb=1-7&_nc_sid=127cfc&_nc_ohc=LffytXF9v_wQ7kNvwG-yxo0&_nc_oc=AdrRMXaFzQzm7wjirFJ07PsNGhrDSEWC4oVgqNn4Y7m4p2ChE3oE7TtCqSrDdYjhHuRsMkUOxijTrSG16QWmrzYl&_nc_zt=14&_nc_ht=scontent.fsgn5-7.fna&_nc_gid=rdKQey7TR9UNRBccNeFFuQ&_nc_ss=7b2a8&oh=00_Af-ZscioyN6escxjeM9lnW7Lxh6-Xnyp6fB9mml2H-MDWQ&oe=6A43BFBF,
2026-06-24,"🎉 FWD VIỆT NAM CHÍNH THỨC KHAI TRƯƠNG VĂN PHÒNG TỔNG ĐẠI LÝ QUẬN 8 🎉  Sáng ngày 23/06/2026, Công ty Bảo hiểm Nhân thọ FWD Việt Nam chính thức khai trương Văn phòng Tổng Đại lý Quận 8 tại địa chỉ 874C Tạ Quang Bửu, Phường Bình Đông, Thành phố Hồ Chí Minh.   Với không gian hiện đại và phương châm lấy khách hàng làm trọng tâm, đội ngũ FWD tại Văn phòng Tổng Đại lý Quận 8 luôn sẵn sàng: ✅ Giải đáp mọi thắc mắc và hỗ trợ các dịch vụ trực tiếp cho người dân khu vực. ✅ Tư vấn nhu cầu, thiết kế giải pháp bảo hiểm nhân thọ tối ưu theo nhu cầu cá nhân. ✅ Mang đến hành trình trải nghiệm bảo hiểm đơn giản, dễ hiểu, minh bạch.  👉 Giờ đây, khách hàng có thể đến trực tiếp Văn phòng Tổng Đại lý Quận 8, hoặc liên hệ hotline: 1800 96 96 90 (miễn phí) để an tâm sớm bảo vệ bản thân và gia đình với những sản phẩm bảo hiểm nhân thọ khác biệt của FWD.  #FWDSốngđầytừhômnay #FWDSớmbảovệ #FWD #SớmBảoVệ #NóiLàLàm",FWD Vietnam,55,2,0,https://www.facebook.com/BaohiemFWDVietnam,https://www.facebook.com/reel/1012818274664668/,1444458964385859,https://scontent.fsgn5-8.fna.fbcdn.net/v/t15.5256-10/730941156_1332784861655072_5674095693764326451_n.jpg?stp=dst-jpg_tt6&cstp=mx1920x1080&ctp=p960x960&_nc_cat=110&_nc_map=urlgen_bucketless&ccb=1-7&_nc_sid=5fad0e&_nc_ohc=wfT--0duUUUQ7kNvwHSFBqp&_nc_oc=AdpHq_ZM-UMgvZQJsIG3uW7-5sqZog1nZPKrI0AV-pslHlqtlh_6C9nFcslLSfLfGviM-w_-KkLuaVdj_QtObsTT&_nc_zt=23&_nc_ht=scontent.fsgn5-8.fna&_nc_gid=rdKQey7TR9UNRBccNeFFuQ&_nc_ss=7b2a8&oh=00_Af8hMbP-yarNO99d1ej_xj1OOIIyph5Hveh5LIwYDO7HoQ&oe=6A43C160 | https://scontent.fsgn5-21.fna.fbcdn.net/o1/v/t2/f2/m412/AQM0w1zI0IwJr7BQOcib-MONEFIUYxOFi6pBiy_oUz5M8XobiyBmMXiEq1e-qS4YhMJ1aB00eV5TcpCCpuVpSNPefUr1cood9Dc73Y-85Q.mp4?_nc_cat=111&_nc_oc=AdoZiRA-PX9ho3PLuzTHODTRE0JREX-5cW6q--X7zgHzMg3usG818Fx0VNNA0Q6EydoKnCBnYo7GcWNE67b4vZIq&_nc_sid=8bf8fe&_nc_ht=scontent.fsgn5-21.fna.fbcdn.net&_nc_ohc=I8widvYWhxoQ7kNvwH_Jc_H&efg=eyJ2ZW5jb2RlX3RhZyI6Inhwdl9wcm9ncmVzc2l2ZS5GQUNFQk9PSy4uQzMuNjQwLnN2ZV9zZCIsInhwdl9hc3NldF9pZCI6MTY0MTQwMjI2MDI3MDIzOSwiYXNzZXRfYWdlX2RheXMiOjEsInZpX3VzZWNhc2VfaWQiOjEwMTIyLCJkdXJhdGlvbl9zIjozNSwidXJsZ2VuX3NvdXJjZSI6Ind3dyJ9&ccb=17-1&_nc_gid=rdKQey7TR9UNRBccNeFFuQ&_nc_ss=7b2a8&_nc_map=urlgen_bucketless&_nc_zt=28&oh=00_Af8a7nwrtyIe0CCptAUCECOR8L3aS-ccBCEc_R50EQdYtA&oe=6A43D2CF&bitrate=423249&tag=sve_sd | https://scontent.fsgn5-13.fna.fbcdn.net/o1/v/t2/f2/m366/AQPmf_TOavQRif8NeqFp2_ZYoAg3QJ_1lAlWxtJCwQtmza8iGUDw27j2kQlBoEKJhqW6o9MFF6G0YYqrO7ezVChxpV3Dtfn4izn0XiCfBCXmYA.mp4?_nc_cat=104&_nc_oc=AdoeDJqDIvkbvGtNOGYNMYHP0y-KKMrGSyDgaRk7kKi4peiZRs39asQWflppqicFLaWTj_aAiZJr0jAFtDgymxk3&_nc_sid=5e9851&_nc_ht=scontent.fsgn5-13.fna.fbcdn.net&_nc_ohc=9OF-ImwJQsoQ7kNvwFzdMlX&efg=eyJ2ZW5jb2RlX3RhZyI6Inhwdl9wcm9ncmVzc2l2ZS5GQUNFQk9PSy4uQzMuMTI4MC5kYXNoX2gyNjQtYmFzaWMtZ2VuMl83MjBwIiwieHB2X2Fzc2V0X2lkIjoxNjQxNDAyMjYwMjcwMjM5LCJhc3NldF9hZ2VfZGF5cyI6MSwidmlfdXNlY2FzZV9pZCI6MTAxMjIsImR1cmF0aW9uX3MiOjM1LCJ1cmxnZW5fc291cmNlIjoid3d3In0%3D&ccb=17-1&vs=9b8c0c8f861f910c&_nc_vs=HBksFQIYRWZiX2VwaGVtZXJhbC8zOTQ2QTRENDJBNjRBOUJDM0U2QzhDOEFBNjhEQTRCMV9tdF8xX3ZpZGVvX2Rhc2hpbml0Lm1wNBUAAsgBEgAVAhhAZmJfcGVybWFuZW50LzdDNEMyQUMxNTc0QjU4OURERjBDNjE2MkYyNEI1QjlDX2F1ZGlvX2Rhc2hpbml0Lm1wNBUCAsgBEgAoABgAGwKIB3VzZV9vaWwBMRJwcm9ncmVzc2l2ZV9yZWNpcGUBMRUAACa-ssHql7bqBRUCKAJDMywXQEH3bItDlYEYGWRhc2hfaDI2NC1iYXNpYy1nZW4yXzcyMHARAHUCZZSeAQA&_nc_gid=rdKQey7TR9UNRBccNeFFuQ&_nc_ss=7b2a8&_nc_map=urlgen_bucketless&_nc_zt=28&oh=00_Af9cKh6LSiBlel4oPZL0DV4Hbty7Rh-BmXltbWFuFzFevQ&oe=6A43D0FC&bitrate=1728665&tag=dash_h264-basic-gen2_720p | https://scontent.fsgn5-8.fna.fbcdn.net/v/t15.5256-10/730941156_1332784861655072_5674095693764326451_n.jpg?stp=dst-jpg_tt6&cstp=mx1920x1080&ctp=s960x960&_nc_cat=110&_nc_map=urlgen_bucketless&ccb=1-7&_nc_sid=50ce42&_nc_ohc=wfT--0duUUUQ7kNvwHSFBqp&_nc_oc=AdpHq_ZM-UMgvZQJsIG3uW7-5sqZog1nZPKrI0AV-pslHlqtlh_6C9nFcslLSfLfGviM-w_-KkLuaVdj_QtObsTT&_nc_zt=23&_nc_ht=scontent.fsgn5-8.fna&_nc_gid=rdKQey7TR9UNRBccNeFFuQ&_nc_ss=7b2a8&oh=00_Af8hMbP-yarNO99d1ej_xj1OOIIyph5Hveh5LIwYDO7HoQ&oe=6A43C160 | https://scontent.fsgn5-5.fna.fbcdn.net/v/t15.5256-10/730001287_1444760854035648_8068983464924987842_n.jpg?stp=dst-jpg_tt6&cstp=mx1420x800&ctp=s1420x800&_nc_cat=109&_nc_map=urlgen_bucketless&ccb=1-7&_nc_sid=06012f&_nc_ohc=WcMGxmMgz6QQ7kNvwGwZda3&_nc_oc=Adr-EOX8l7UICJcaQZWlizGzkc_zUiafkMsOguKHTC7q7Sl41F9HIej6yhcqXifLO5javG5dNgwloG2X7C7xbWi0&_nc_zt=23&_nc_ht=scontent.fsgn5-5.fna&_nc_gid=rdKQey7TR9UNRBccNeFFuQ&_nc_ss=7b2a8&oh=00_Af9dHAFZ6sFMrtqUd810YHOlMX1xIck9wSeai4VoV6qIqg&oe=6A43BF71,https://www.facebook.com/reel/1012818274664668/
2026-06-24,"⏰ NÓI LÀ LÀM – “ĐÚNG LÚC” MỚI LÀ Ý NGHĨA! ❗️  Bước vào giai đoạn điều trị ung thư vú, chị Hương [bit.ly/Minhdiquabiencomakhongphaigucngavino ] đối mặt với nhiều khoản chi phí phát sinh dồn dập.  Thế nhưng, chị luôn có một điểm tựa vững chắc khi hồ sơ bảo hiểm được: 🔸 Tư vấn viên tận tâm hướng dẫn, hỗ trợ sát sao. 🔸 Quy trình xử lý nhanh hơn cả kỳ vọng. 🔸 Nhận tiền chi trả chỉ trong chưa đầy 24 giờ.  Với chị Hương, số tiền từ FWD không chỉ là ""nhanh"", mà quan trọng nhất là đúng lúc. Đúng lúc để chị chủ động điều trị, không phải bận lòng xoay xở và không phải đắn đo giữa việc ""chữa ngay hay chờ"".  🧡 Đằng sau tốc độ ấy là sự đồng hành tận tâm của những con người luôn sát cánh từng bước, đồng hành hỗ trợ. Vì FWD hiểu, hồ sơ không chậm một phút, hành trình vững tâm của khách hàng sẽ không bị gián đoạn một giây.  #FWD #NóiLàLàm #SốngĐầyTừHômNay #SớmBảoVệ #SứcKhỏe #BệnhHiểmNghèo #ChiTrảQuyềnLợi",FWD Vietnam,82,4,23,https://www.facebook.com/BaohiemFWDVietnam,https://www.facebook.com/BaohiemFWDVietnam/posts/pfbid0yewWxgWCRaEK5DdXfAw9u9tvBGBBy4t3Gs8pUSp8h8f2rfqPoW4zgxRTrNvLSNSSl,1444170104414745,https://scontent.fsgn5-1.fna.fbcdn.net/v/t39.99422-6/730584723_2130691244144320_2750765189468023056_n.png?stp=dst-jpg_tt6&cstp=mx1230x1230&ctp=s1080x2048&_nc_cat=101&_nc_map=urlgen_bucketless&ccb=1-7&_nc_sid=127cfc&_nc_ohc=6CYKqVqG9dYQ7kNvwGN3zZ3&_nc_oc=AdpbnffVF2RqmgTBRhuRjxWZtLciW7UwKU6tpon1859iiGM31Gt6tkUSqWzKnyDFymy3lKn69ztvzQEtVb-bJDxP&_nc_zt=14&_nc_ht=scontent.fsgn5-1.fna&_nc_gid=x3vepgUq1ekL29Bc7oylfg&_nc_ss=7b2a8&oh=00_Af8IuPDJlX3BsPV1K9aXYqVyBhvJuNZYu16YvTXVkfv_Pw&oe=6A43E440,
2026-06-23,"Tếu Lên Trình đã trở lại! 🎤  Lần này, Saigon Tếu đồng hành cùng FWD trong một hành trình mới với nhiều câu chuyện và trải nghiệm đáng mong chờ. Mời cả nhà đón xem tập đầu tiên vào ngày  📅 27.06.2026  #TeuLenTrinh #FWD #SaigonTeu #NóiLàLàm",Saigon Tếu,572,7,18,https://www.facebook.com/SaigonTeu,https://www.facebook.com/reel/2063047935090830/,1565271985246850,https://scontent.fsgn5-8.fna.fbcdn.net/v/t15.5256-10/729179186_847358994800296_4648622905358648981_n.jpg?stp=dst-jpg_tt6&cstp=mx1080x1920&ctp=p960x960&_nc_cat=108&_nc_map=urlgen_bucketless&ccb=1-7&_nc_sid=5fad0e&_nc_ohc=cjTbt1BpPjgQ7kNvwEPDiyZ&_nc_oc=AdrNzhJXGs7DW3mEqJdRLiwP3TwCvd65Lba3jjIneiH9yXr32ij_x11WwUzIeFtvu7ufb-JrEabyCHxLoBW5kZHV&_nc_zt=23&_nc_ht=scontent.fsgn5-8.fna&_nc_gid=x3vepgUq1ekL29Bc7oylfg&_nc_ss=7b2a8&oh=00_Af_f6AGEoDAH8rmlemYd8sXiFpSiLVnaPNLvoAj6a73a3w&oe=6A43ECAA | https://scontent.fsgn5-14.fna.fbcdn.net/v/t39.2093-6/728951562_2251978708949464_6713863561452494502_n.srt?_nc_cat=107&_nc_map=urlgen_bucketless&ccb=1-7&_nc_sid=c211c2&_nc_ohc=fzlh6tdZaQcQ7kNvwG6WMi9&_nc_oc=AdrFDzFDW7Gy9u9Q1mXsYV5a0WPhSWBbjTvBs8jOizQkHi_uGjH5sbYTJznt11UaVn3pSMkKfBGHVu6IWgX8cL-T&_nc_zt=14&_nc_ht=scontent.fsgn5-14.fna&_nc_gid=x3vepgUq1ekL29Bc7oylfg&_nc_ss=7b2a8&oh=00_Af9nPuNFbg_qXBqWjN9PAxpsm3OGm-T63_mvM5mg1Fsp7w&oe=6A43C307 | https://scontent.fsgn5-13.fna.fbcdn.net/o1/v/t2/f2/m412/AQM2zs50nO_fQkdOsGkhUELmXNktIbdOud_jldOnmjEbM9hDhrXTiZVOaykb54_cDUe4Ei3eDJ1LNHaL9ZaceOhSQGcoRzPz_3Gx0lY7zQ.mp4?_nc_cat=108&_nc_oc=AdpUnOAurX6MVQbr5UraNyAOvdeeoM6jjlZAM9nLAxgWibTqiSRZV5g1rL4W0blt659ZVJaVFa-0aQU-oEH0Gqa_&_nc_sid=8bf8fe&_nc_ht=scontent.fsgn5-13.fna.fbcdn.net&_nc_ohc=1v6PItOTtAQQ7kNvwFPhmGa&efg=eyJ2ZW5jb2RlX3RhZyI6Inhwdl9wcm9ncmVzc2l2ZS5GQUNFQk9PSy4uQzMuMzYwLnN2ZV9zZCIsInhwdl9hc3NldF9pZCI6MTQ4NTc1NzY4NjE2NDMyMCwiYXNzZXRfYWdlX2RheXMiOjIsInZpX3VzZWNhc2VfaWQiOjEwMTIyLCJkdXJhdGlvbl9zIjo0OSwidXJsZ2VuX3NvdXJjZSI6Ind3dyJ9&ccb=17-1&_nc_gid=x3vepgUq1ekL29Bc7oylfg&_nc_ss=7b2a8&_nc_map=urlgen_bucketless&_nc_zt=28&oh=00_Af-HcI7ZZrC3Oy6W1dL08YV6S3Vhngg5MttkFFAO-LYM5Q&oe=6A43CBC2&bitrate=373501&tag=sve_sd | https://scontent.fsgn5-22.fna.fbcdn.net/o1/v/t2/f2/m366/AQP9E2KYfOXmWO9mACXIzRi1lWyqdWsOmY7lfbpCeIAhO0edeKwV5qOgvGF97pPHyRV0E9_JK0RCb2ZxmUk8eD2gxjrFuAl_rag3QpNZr2aXtA.mp4?_nc_cat=104&_nc_oc=AdqD0IraMkGFlYTMGep-kxw9PQ8opQdrEJKGifsjR2IM8X4ZpR7LVQmUI9XIl9nR2SGL6Fy3AmDiUHJDRoPat7pz&_nc_sid=5e9851&_nc_ht=scontent.fsgn5-22.fna.fbcdn.net&_nc_ohc=m6a-OELmT9UQ7kNvwHNY09a&efg=eyJ2ZW5jb2RlX3RhZyI6Inhwdl9wcm9ncmVzc2l2ZS5GQUNFQk9PSy4uQzMuNzIwLmRhc2hfaDI2NC1iYXNpYy1nZW4yXzcyMHAiLCJ4cHZfYXNzZXRfaWQiOjE0ODU3NTc2ODYxNjQzMjAsImFzc2V0X2FnZV9kYXlzIjoyLCJ2aV91c2VjYXNlX2lkIjoxMDEyMiwiZHVyYXRpb25fcyI6NDksInVybGdlbl9zb3VyY2UiOiJ3d3cifQ%3D%3D&ccb=17-1&vs=bb36597398f6ee4d&_nc_vs=HBksFQIYRWZiX2VwaGVtZXJhbC8wNzQ0QjUwOThCRkY3ODNGRUM2RkFDQkE1NzEzRkZBOF9tdF8xX3ZpZGVvX2Rhc2hpbml0Lm1wNBUAAsgBEgAVAhhAZmJfcGVybWFuZW50LzE5NDIxNzExNkE1MEQxRjNBOTYxODkzRjNGMUIyNkIwX2F1ZGlvX2Rhc2hpbml0Lm1wNBUCAsgBEgAoABgAGwKIB3VzZV9vaWwBMRJwcm9ncmVzc2l2ZV9yZWNpcGUBMRUAACbArdmxvdKjBRUCKAJDMywXQEio9cKPXCkYGWRhc2hfaDI2NC1iYXNpYy1nZW4yXzcyMHARAHUCZZSeAQA&_nc_gid=x3vepgUq1ekL29Bc7oylfg&_nc_ss=7b2a8&_nc_map=urlgen_bucketless&_nc_zt=28&oh=00_Af9owwOCD1J4VsRY8sw0SdLr1g8Q4iOFAmUzdd4jZK6Flg&oe=6A43B994&bitrate=1300309&tag=dash_h264-basic-gen2_720p | https://scontent.fsgn5-21.fna.fbcdn.net/v/t15.5256-10/728783458_1198320142408293_5836927840899910183_n.jpg?stp=dst-jpg_tt6&cstp=mx1080x1920&ctp=s960x960&_nc_cat=108&_nc_map=urlgen_bucketless&ccb=1-7&_nc_sid=be8305&_nc_ohc=rumnfsF6eTMQ7kNvwFzyjbx&_nc_oc=AdpKucEqSkvVIVph4dhxgiL7WiV0nOWlvcd0Urwqui8yjz_uc-rKEV07bgempOfZw3IHVCE8PAXomLyHp5l2mimX&_nc_zt=23&_nc_ht=scontent.fsgn5-21.fna&_nc_gid=x3vepgUq1ekL29Bc7oylfg&_nc_ss=7b2a8&oh=00_Af9PyZRE2_gwt366uo5oKpxDGSYeBH9YOfTIFoHPZdg1eA&oe=6A43C41A | https://scontent.fsgn5-5.fna.fbcdn.net/v/t15.5256-10/727919108_1494803971937517_5297213862691782927_n.jpg?stp=dst-jpg_tt6&cstp=mx1000x1760&ctp=s1000x1760&_nc_cat=100&_nc_map=urlgen_bucketless&ccb=1-7&_nc_sid=06012f&_nc_ohc=gNEn9G7ejI8Q7kNvwGP8N2X&_nc_oc=Adqpzl_GcUebaBxXiLyr_ufn1rYxGpYhnu5uWfAFTOxPl2bzArazpTH5CGBSaWXJgjibD7_3E8Nd97XiPn0jbUR9&_nc_zt=23&_nc_ht=scontent.fsgn5-5.fna&_nc_gid=x3vepgUq1ekL29Bc7oylfg&_nc_ss=7b2a8&oh=00_Af_ncod1uqjGZ46Iq7FTSoTA-t6XdDZocFbDOqk76m-nFw&oe=6A43DD30,https://www.facebook.com/reel/2063047935090830/
2026-06-23,"BẢO VỆ SỨC KHỎE HÔM NAY, TỰ TIN SỐNG ĐẦY MỖI NGÀY  Bạn có biết chỉ với một khoản gửi tiết kiệm tại Vietcombank, bạn vừa có tiền sinh lời an toàn, mà bản thân và gia đình còn được bảo vệ chu đáo bởi sản phẩm FWD Bảo hiểm sức khỏe trực tuyến với bộ quyền lợi thiết thực?  📈 Bảo vệ vượt mức với tổng số tiền bảo hiểm lên đến 140 triệu đồng/năm.  📱 Đăng ký tham gia dễ dàng và hoàn toàn trực tuyến, với quy trình thẩm định đơn giản, nhanh chóng.  ✨ Tham gia chương trình “Có Vietcombank, tiết kiệm sinh lời, cả nhà vui khỏe” để kích hoạt quyền lợi bảo hiểm sức khỏe thiết thực từ FWD ngay hôm nay với chi phí 0 đồng! Xem thông tin chi tiết chương trình tại: https://shorturl.at/Vo2dV   #VCB #FWD #CóVietcombankTiếtKiệmSinhLờiCảNhàVuiKhỏe #NóiLàLàm",FWD Vietnam,25,4,23,https://www.facebook.com/BaohiemFWDVietnam,https://www.facebook.com/BaohiemFWDVietnam/posts/pfbid02YDqbx2Q9W9VhaKarhUGqeboi4KpmsPs94LgQ1wvW7soLcQw9nKAgw2ikKEpPE2s1l,1443311681167254,https://scontent.fsgn5-6.fna.fbcdn.net/v/t39.99422-6/729991848_1574821767346226_2435188127185297562_n.png?stp=dst-jpg_tt6&cstp=mx2048x2048&ctp=s1080x2048&_nc_cat=107&_nc_map=urlgen_bucketless&ccb=1-7&_nc_sid=127cfc&_nc_ohc=GIVsAr6QXX8Q7kNvwGmCqLn&_nc_oc=AdrdU6O-RTHXeGNFzUp1uX46LPBUjSi5FIxrBtccmqrKHlQBORQvHATd416TbKZuqTUlCzRjRzEg_I2GPyUkYb9o&_nc_zt=14&_nc_ht=scontent.fsgn5-6.fna&_nc_gid=x3vepgUq1ekL29Bc7oylfg&_nc_ss=7b2a8&oh=00_Af_6vfkm2j6dYD96duupmdWO5gxRGG6gNNU8Q7GRMRdiMg&oe=6A43CAB9,
2026-06-22,"VIETCOMBANK x FWD: TIẾT KIỆM SINH LỜI, CẢ NHÀ VUI KHỎE! 💸🌱🛡️  Chỉ một khoản tiết kiệm duy nhất, tiền vừa sinh lời, cả nhà vừa có thêm lá chắn bảo vệ sức khỏe thiết thực với giá không đồng! 💼✨  Từ ngày 22/06/2026 đến 17/07/2026, khi gửi tiết kiệm trực tiếp tại các chi nhánh ngân hàng của Vietcombank, bạn sẽ được nhận ngay quyền lợi bảo hiểm sức khỏe FWD siêu thiết thực lên đến 140 triệu đồng:  💰 Gửi từ 300 triệu đến dưới 1 tỷ đồng: Nhận quyền lợi bảo hiểm sức khỏe FWD lên tới 60 triệu đồng (Quyền lợi điều trị nội trú 50 triệu + Gia tăng hạn mức 10 triệu).  🚀 Gửi từ 1 tỷ đồng trở lên: Nhận quyền lợi bảo hiểm sức khỏe FWD lên tới 140 triệu đồng (Quyền lợi điều trị nội trú 100 triệu + Gia tăng hạn mức 40 triệu).  Tiền gửi sinh lãi đều đặn, cả nhà lại thêm an tâm vui khỏe với quỹ bảo vệ vững vàng. Một quyết định, trọn vẹn đôi đường!  Đến ngay phòng giao dịch Vietcombank gần nhất để không bỏ lỡ đặc quyền này từ FWD nhé!  🔗 Xem chi tiết chương trình tại: https://shorturl.at/Vo2dV  #VCB #FWD #CóVietcombankTiếtKiệmSinhLờiCảNhàVuiKhỏe #NóiLàLàm",FWD Vietnam,67,9,33,https://www.facebook.com/BaohiemFWDVietnam,https://www.facebook.com/BaohiemFWDVietnam/posts/pfbid02rVca7wzEExTPsw7CjvMZyyaRUCsgXF1Ja4ZHAx755HGgCG7F2nRjWPvLDQUCivxhl,1442754231222999,https://scontent.fsgn5-12.fna.fbcdn.net/v/t39.99422-6/729100006_4485912085009861_7801268960408696954_n.png?stp=dst-jpg_tt6&cstp=mx1921x1921&ctp=s1080x2048&_nc_cat=111&_nc_map=urlgen_bucketless&ccb=1-7&_nc_sid=127cfc&_nc_ohc=3rBV-ASSncMQ7kNvwHl19m2&_nc_oc=AdpMSqr7x69NPpBNkdkF3nVHxaX9GW4rSb99nV3gThkiIzwtt4Mg4t2m9UyhOEpdPtUQecrYOsgHo2dYO_1ifK8h&_nc_zt=14&_nc_ht=scontent.fsgn5-12.fna&_nc_gid=o_2eObXS43UUNRxVKU0BXQ&_nc_ss=7b2a8&oh=00_Af-mFLVCvOyvtpqexasRLkhtneVlNfJ4_CxBTTCUQYYKdA&oe=6A43BB16,
2026-06-21,"👨🏻 BẢO VỆ VỮNG CHÃI NHƯ VÒNG TAY BỐ   ✨ Hồi nhỏ, bố là người tung con lên cao nhất mà chẳng hề run tay, cho con ngồi trên vai, dạy con lái xe đạp buông tay không báo trước...  ✨ Lớn lên rồi, con nhắn: “Con chưa về.” là bố video-call ngay. 👀  ✨ Chắc là bố đã tốt nghiệp ngành “Quản trị rủi ro gia đình”.  Và từ vòng tay luôn sẵn sàng đỡ lấy con, đến những kế hoạch bảo vệ cho tương lai, bố vẫn luôn làm cùng một việc: Bảo vệ những điều quan trọng nhất.  Chúc mừng Ngày của Bố - người hùng đầu tiên, ""đồng bọn"" đầu tiên, và cũng là chuyên gia quản trị rủi ro đầu tiên trong cuộc đời mỗi chúng ta. 🧡  #FWD #NóiLàLàm #NgàyCủaCha #SốngĐầyTừHômNay #SớmBảoVệ",FWD Vietnam,59,3,23,https://www.facebook.com/BaohiemFWDVietnam,https://www.facebook.com/BaohiemFWDVietnam/posts/pfbid02Z4DeXokJmdE8suQi3cNR5LcZLbCfPkpE1TFB71MzsELf9cmFDBtVtwo8BDYPmWbCl,1441511218013967,https://scontent.fsgn5-6.fna.fbcdn.net/v/t39.99422-6/727124998_893834213740796_2001053696074039355_n.png?stp=dst-jpg_tt6&cstp=mx1254x1254&ctp=s1080x2048&_nc_cat=102&_nc_map=urlgen_bucketless&ccb=1-7&_nc_sid=127cfc&_nc_ohc=EimHkCPQOy8Q7kNvwF2x9zX&_nc_oc=AdrSMIedx9jHMHwoWhZt5ufEM5GaNJajYoSa8k8zu9sGLeRNhHFkmx9xXB4E44TMkt947Q7ifrTNOEqJWe3pO8Xq&_nc_zt=14&_nc_ht=scontent.fsgn5-6.fna&_nc_gid=o_2eObXS43UUNRxVKU0BXQ&_nc_ss=7b2a8&oh=00_Af_EpPfo_H0uwMQxTuvUQ5PWmUOnEkxo0pozMJlobPPZzA&oe=6A43D95B,
2026-06-19,"🎉 FWD Việt Nam tự hào được tiếp tục vinh danh trong Top 10 Công ty bảo hiểm nhân thọ uy tín 2026, đồng thời cũng tăng bậc thứ hạng -  bước tiến phản ánh sự cải thiện đồng đều trên cả ba trụ cột mà Vietnam Report đánh giá: năng lực tài chính, uy tín truyền thông và niềm tin từ khách hàng và đối tác.   🧡 Sự ghi nhận này không chỉ đến từ kết quả kinh doanh hay sự hiện diện truyền thông, mà quan trọng hơn là từ niềm tin mà khách hàng và đối tác vẫn kiên trì đồng hành, cùng với những nỗ lực thầm lặng của đội ngũ mỗi ngày để cải thiện sản phẩm, dịch vụ và trải nghiệm. Đây là động lực để FWD tiếp tục Nói Là Làm, mang giá trị rõ ràng và bền vững cho khách hàng.  Xem chi tiết tại bài báo tại: https://vietnamnet.vn/cong-bo-top-10-cong-ty-bao-hiem-uy-tin-nam-2026-2526988.html  #FWD #NóiLàLàm #SốngĐầyTừHômNay",FWD Vietnam,154,26,3,https://www.facebook.com/BaohiemFWDVietnam,https://www.facebook.com/BaohiemFWDVietnam/posts/pfbid0WiuehvXhxDEAAV5sCe9KdRsMVZtmaguvsFVuXTj9dzWJk2XSVuRMw9qtuv4W8dnml,1439992804832475,https://scontent.fsgn5-8.fna.fbcdn.net/v/t39.99422-6/725305596_1651001446207713_8335476275723458037_n.png?stp=dst-jpg_tt6&cstp=mx1200x1200&ctp=s1080x2048&_nc_cat=103&_nc_map=urlgen_bucketless&ccb=1-7&_nc_sid=127cfc&_nc_ohc=MOndVOvn1bAQ7kNvwGBnMVf&_nc_oc=AdrnH1BTXesRSMFc5pqrD1RUQwHPkFB_OENddFk-f8AWpPyg9Qkfh1zvK47lPH97YvPBzvjSQXBbQRioLq1UQqyI&_nc_zt=14&_nc_ht=scontent.fsgn5-8.fna&_nc_gid=o_2eObXS43UUNRxVKU0BXQ&_nc_ss=7b2a8&oh=00_Af9L4uOlX7o1xOBv-9HY6cRV2iN-GzBkU_potF4lRq1ciw&oe=6A43ED90,
2026-06-19,"❓ “ANH/CHỊ CÓ ĐIỀU KIỆN KHÔNG?” - câu hỏi của bác sĩ khiến người ta chững lại.  ❗️ Không phải vì bệnh khó chữa, mà vì biết là có thể chữa… nhưng lại chưa chắc mình đã sẵn sàng để theo đến cùng. Một khoảng lặng của tiếc nuối khi hy vọng đang ở ngay trước mắt.  🔸 Nhưng mọi chuyện sẽ khác đi, nếu mình chọn chuẩn bị từ sớm.  🧡 Khi đó, yêu thương không còn là những đắn đo, mà là một niềm tin rất rõ ràng: bệnh thì chữa, chữa để lành bệnh, lành cả những ngày sum vầy, lành cả niềm an tâm của gia đình - như câu chuyện của chị Hương [bit.ly/Minhdiquabiencomakhongphaigucngavino ]  #FWD #NóiLàLàm #SốngĐầyTừHômNay #SớmBảoVệ #SứcKhỏe #BệnhHiểmNghèo #ChiTrảQuyềnLợi",FWD Vietnam,268,7,20,https://www.facebook.com/BaohiemFWDVietnam,https://www.facebook.com/BaohiemFWDVietnam/posts/pfbid02HY7HTRDq9Y8vpAZafhhbaAAEhMcjdTB7ud4bKg9L1GaAVFoN7FBnu46MMH8YEP8Rl,1439777334854022,https://scontent.fsgn5-2.fna.fbcdn.net/v/t39.99422-6/726815119_1240130781401484_1680105073172428624_n.png?stp=dst-jpg_tt6&cstp=mx1800x1800&ctp=s1080x2048&_nc_cat=111&_nc_map=urlgen_bucketless&ccb=1-7&_nc_sid=127cfc&_nc_ohc=xOiL8Y-kEDAQ7kNvwHC83rP&_nc_oc=AdqrDZnfmEWpXb5jS1sG2UlBJRnjziteac2nguupsawcka57pStCwx-F_3KBv9SDKFE7JZ0By1Dt_EwJpdDJgJMs&_nc_zt=14&_nc_ht=scontent.fsgn5-2.fna&_nc_gid=7yAcG54XkES_XvAZtZKFWA&_nc_ss=7b2a8&oh=00_Af-maB_qEcK3Itu8BqO8d25a0AWlGsEWyhyrauZSFNa9_A&oe=6A43CC0B,
2026-06-18,,FWD Vietnam,12,0,0,https://www.facebook.com/BaohiemFWDVietnam,https://www.facebook.com/BaohiemFWDVietnam/posts/2047013099357331:2047013099357331,1439071228257966,https://scontent.fsgn5-5.fna.fbcdn.net/v/t39.99422-6/726517083_2600525693678451_4946831757807993507_n.png?stp=dst-jpg_tt6&cstp=mx2048x1152&ctp=s2048x1152&_nc_cat=103&_nc_map=urlgen_bucketless&ccb=1-7&_nc_sid=cc71e4&_nc_ohc=NxlDsX2AcLEQ7kNvwEfRp19&_nc_oc=Adq4VQ1wY2asd6XCC9I5hQ6I5y-PphqT_7rEaKTi5-PU61Oqwa37nvTRmpvGcNpZl20sEwYRecAMnPtPNRgm-wym&_nc_zt=14&_nc_ht=scontent.fsgn5-5.fna&_nc_gid=7yAcG54XkES_XvAZtZKFWA&_nc_ss=7b2a8&oh=00_Af8sfdWoqvDBlvSqboLevoE9a96_-_1LqPRWTcQdMgj2_g&oe=6A43E44D,
2026-06-18,"❓ CHỮA HAY BUÔNG?  ❇️ CHỌN THƯƠNG MÌNH HAY THƯƠNG CON?  ✨ Chọn chữa, là mình sẵn sàng dùng những gì đã tích lũy để điều trị, kéo dài hành trình sống.  ✨ Chọn buông, là giữ lại tất cả cho con cái học hành hay cho cuộc sống gia đình không vất vã, còn mình thì lặng lẽ chịu đựng, sợ trở thành gánh nặng.  🧡 Bởi khi đã chủ động bảo vệ bản thân, yêu thương gia đình không còn là những lựa chọn day dứt. Khi đó, mọi thứ trở nên đơn giản hơn: mình bệnh thì chữa, và vẫn đủ vững vàng để tiếp tục ở lại, sống trọn vẹn cùng gia đình, như câu chuyện của chị Hương [bit.ly/Minhdiquabiencomakhongphaigucngavino ]  #FWD #NóiLàLàm #SốngĐầyTừHômNay #SớmBảoVệ #SứcKhỏe #BệnhHiểmNghèo #ChiTrảQuyềnLợi",FWD Vietnam,984,29,31,https://www.facebook.com/BaohiemFWDVietnam,https://www.facebook.com/BaohiemFWDVietnam/posts/pfbid0FRFMqQQSKmcDtjETo5Eer6nyCn1tiyymX9TAgNJjwd1yhTc7FRrUdL8odmJyaBRZl,1438913534940402,https://scontent.fsgn5-2.fna.fbcdn.net/v/t39.99422-6/724753438_1558057849058116_3874804686823726994_n.png?stp=dst-jpg_tt6&cstp=mx2048x2048&ctp=s1080x2048&_nc_cat=105&_nc_map=urlgen_bucketless&ccb=1-7&_nc_sid=127cfc&_nc_ohc=LuNjIimLcUgQ7kNvwFF664u&_nc_oc=AdpiusS24uqvRAVg7L8am_AzFqjHX6eHqdyWl6CtS4YB43rgQuNrFxwdfb0rte3Plc4KjXF4xE7LQTqOhLhWeoHr&_nc_zt=14&_nc_ht=scontent.fsgn5-2.fna&_nc_gid=7yAcG54XkES_XvAZtZKFWA&_nc_ss=7b2a8&oh=00_Af_gzYpLGRNproGXQAJ35VLpPUX33wpjFHtLHXR0tMGkUg&oe=6A43D712,
2026-06-17,,FWD Vietnam,85,0,3,https://www.facebook.com/BaohiemFWDVietnam,https://www.facebook.com/BaohiemFWDVietnam/posts/1687799745500110:1687799745500110,1342980151200408,https://scontent.fsgn5-6.fna.fbcdn.net/v/t39.30808-6/643477672_1342980157867074_7800904493717381405_n.jpg?stp=dst-jpg_tt6&cstp=mx1600x900&ctp=s1600x900&_nc_cat=105&_nc_map=urlgen_bucketless&ccb=1-7&_nc_sid=86c6b0&_nc_ohc=RDDUpYdXuBQQ7kNvwGPN3vA&_nc_oc=Ado5jqFkztsoTN5fC1exKtWmeEumgK1K3sKMrUhC6XZgzzH2Vqwi8BhByDFm9I_oxDkJ6BEMIz9UJ1-rQofRZHWn&_nc_zt=23&_nc_ht=scontent.fsgn5-6.fna&_nc_gid=K4AIQjylUHyznr_UlPHcMw&_nc_ss=7b2a8&oh=00_Af8elOX-VpLKiXnC47YFbGWfX8pAARGop3Fkf0dQmPbM7Q&oe=6A43E5F1,
2026-06-17,"VỮNG CHẮC TÀI CHÍNH, CHỦ ĐỘNG HÀNH TRÌNH  Bước chân vào giảng đường đại học là cột mốc rực rỡ nhất của con, và cũng là lúc kế hoạch tài chính của mình cần nâng cấp lên phiên bản kiên cố hơn. Để hành trình cao học của con thêm vững chắc, chọn ngay cách chủ động thiết lập dòng tiền dựa trên 3 nguyên tắc:  👉 Tích lũy theo cột mốc: Tiền đại học là một khoản lớn, cần kế hoạch đường dài rõ ràng thay vì gom góp ngắn hạn. Chuẩn bị sẵn sàng từ trước giúp cả nhà thong dong đón giấy báo nhập học với tâm thế tự tin nhất.  👉 Chia nhỏ nguồn tài chính: Tránh dồn toàn bộ chi phí lên một nguồn thu nhập duy nhất trong nhà. Đa dạng hóa nguồn tiền và san sẻ dòng chi phí sẽ giúp tài chính gia đình luôn giữ được thế cân bằng.  👉 Chốt chặn cho tương lai: Một giải pháp bảo vệ thu nhập từ sớm chính là điểm tựa vững chắc để lộ trình học của con không bị ngắt quãng. Đây là lời cam kết dài lâu, đảm bảo hành trình chạm tay vào tấm bằng đại học của con luôn thông suốt.  Chuẩn bị kỹ càng chính là cách tuyệt vời nhất để ba mẹ an tâm làm bệ phóng, tiếp thêm sự tự tin cho con vững vàng bước vào đời! 🧡  #FWD #NóiLàLàm #FWDSốngđầytừhômnay #FWDSớmbảovệ",FWD Vietnam,87,5,23,https://www.facebook.com/BaohiemFWDVietnam,https://www.facebook.com/BaohiemFWDVietnam/posts/pfbid02F5hWH93iZ9DKqgSdSr869gYcB5hNJprNxjgb2F7JhUd3Ku746jSLNkihESn8WnWrl,1438020018363087,https://scontent.fsgn5-2.fna.fbcdn.net/v/t39.99422-6/724484608_2435429200268483_7228586461557408229_n.png?stp=dst-jpg_tt6&cstp=mx1800x1800&ctp=s1080x2048&_nc_cat=100&_nc_map=urlgen_bucketless&ccb=1-7&_nc_sid=127cfc&_nc_ohc=WbWhLVJKvykQ7kNvwGqwtnz&_nc_oc=AdpBJfZLs5HE2Kt-5vADjlQBuynmrJJlPhYSk-lJHJoxwiKyPkDz_l-wiiSX1uVhgEzY3e-hckTwH8SsZWT7WPl6&_nc_zt=14&_nc_ht=scontent.fsgn5-2.fna&_nc_gid=K4AIQjylUHyznr_UlPHcMw&_nc_ss=7b2a8&oh=00_Af_hWjQetFdjrKy866azZ6pRWov6gVnrZmau7bashTI3wg&oe=6A43BCC9,
2026-06-16,"🌈 Không phải tự hào vì mình khác biệt.  🧡 Tự hào vì đã có những người đủ dũng cảm để thay đổi cảm nhận của mọi người về những điều từng bị xem là “khác biệt” trở thành một phần bình thường của cuộc sống.  Để hôm nay, nhiều người có thể yêu công khai hơn. Sống thật hơn. Và tự tin lên kế hoạch cho tương lai hơn.  Vì tình yêu không chỉ được thể hiện bằng những điều mình nói. Mà còn bằng những điều mình làm cho nhau mỗi ngày.  Từ những dự định nhỏ. Đến những kế hoạch lớn. Từ hôm nay. Cho cả những năm tháng sau này.  #FWD #NóiLàLàm #LGBTQ+ #PrideMonth #LoveWins #SốngĐầyTừHômNay #SớmBảoVệ 🌈",FWD Vietnam,259,5,21,https://www.facebook.com/BaohiemFWDVietnam,https://www.facebook.com/BaohiemFWDVietnam/posts/pfbid0idE3QzD8BG6Y257oZrmf3kjtkibZH14T3Rf9EW5WkPmHUXNjQdCFjghv1L4MriTMl,1437119898453099,https://scontent.fsgn5-13.fna.fbcdn.net/v/t39.99422-6/724654301_27050268171321968_3304827911708631435_n.png?stp=dst-jpg_tt6&cstp=mx1638x2048&ctp=s1080x2048&_nc_cat=105&_nc_map=urlgen_bucketless&ccb=1-7&_nc_sid=127cfc&_nc_ohc=IUxlEFihpHkQ7kNvwGwQeQV&_nc_oc=AdrzjW-2qH995crPhoHkvirzz9iEaTGdZRRi1TlCW61Q6tDB6RrzZ_TpK08zuIYFG4pejBGF7K2meskOSBHxk85N&_nc_zt=14&_nc_ht=scontent.fsgn5-13.fna&_nc_gid=K4AIQjylUHyznr_UlPHcMw&_nc_ss=7b2a8&oh=00_Af8KfdD-GDRLudOWc2_mzxTFbXPXFzHbabDm2Xkdql3IHw&oe=6A43E448,
2026-06-15,"🔥⚡  TIN NÓNG: CTKM GIA HẠN TẸT GA - THÊM CƠ HỘI MANG DEAL HỜI VỀ NHÀ 🔥  Sức hấp dẫn của combo 3 ƯU ĐÃI quá hót họt họt, FWD quyết định chơi lớn: CHÍNH THỨC GIA HẠN CHƯƠNG TRÌNH ĐẾN HẾT 30/06/2026!  Đây là cơ hội có 1-0-2 để bạn vừa kích hoạt siêu giáp bảo vệ vẹn toàn, vừa tối ưu hóa dòng tiền cá nhân một cách thông minh nhất:  💸 Thưởng tiền trực tiếp lên đến 20% phí thực thu năm đầu, được FWD phân bổ trực tiếp vào tài khoản đầu tư thêm của hợp đồng. 💳 Trả góp linh hoạt phí bảo hiểm với lãi suất 0% qua thẻ VISA. ✨ 0 đồng phí chuyển đổi trả góp, không phát sinh chi phí mập mờ.  Nhanh tay chốt ngay bảo vệ, nhận trọn 3 ưu đãi cùng FWD!  🎯 Kênh áp dụng: Khách hàng mua bảo hiểm qua Kênh Đại lý & Đối tác phân phối (TCA, BRICS, FWM, FIDT).  🔎 Xem chi tiết chương trình tại đây: https://www.fwd.com.vn/vi/blog/notifications-promotions/chot-hop-dong-nhan-tron-3-uu-dai/  #FWD #NóiLàLàm #ChốthợpđồngNhậntrọn3ưuđãi #FWDSốngđầytừhômnay #FWDSớmbảovệ",FWD Vietnam,495,17,18,https://www.facebook.com/BaohiemFWDVietnam,https://www.facebook.com/BaohiemFWDVietnam/posts/pfbid06uBXTmd8DkCBq9KEcbiZdiHkGiUCx1b7TUWHmP5B8F8MQf3zUn91YzYeNG9H21DVl,1436249611873461,https://scontent.fsgn5-15.fna.fbcdn.net/v/t39.99422-6/722638697_3262595577256674_7635956779570310441_n.png?stp=dst-jpg_tt6&cstp=mx1800x1800&ctp=s1080x2048&_nc_cat=101&_nc_map=urlgen_bucketless&ccb=1-7&_nc_sid=127cfc&_nc_ohc=m4uh8nq1AWIQ7kNvwFYGdrg&_nc_oc=Ado5BWBoFpu7Gw1obpSDPUKe0RHBLAcIjWiF5uxGvtOA2BF6r0ki-RUvpgyWviSIFW9OnERBIe_XAoV9GxBUZ-v8&_nc_zt=14&_nc_ht=scontent.fsgn5-15.fna&_nc_gid=IONSheuqKlLukSqL6FU34g&_nc_ss=7b2a8&oh=00_Af9Aj_h5gXqYv439-5FVsMxoOGEvDpvxgM636awG4A3nOw&oe=6A43BE3C,
2026-06-13,"🧡 “THƯƠNG CON, TÔI CHỌN TỰ LO CHO MÌNH KHI BIẾN CỐ XẢY RA.  VÀ GIỜ THÌ TÔI THẤY ỔN HƠN NHIỀU RỒI” ✨  ❇️ “Ổn” ở đây không chỉ là sức khỏe dần hồi phục, mà còn là sự vững vàng sau những tháng ngày điều trị.   🔸Với chị Nguyễn Thị Thanh Hương, điều khiến chị trăn trở không phải là bệnh tật, mà là nỗi lo trở thành gánh nặng khi các con đã có cuộc sống riêng. Nhờ chuẩn bị tài chính từ sớm, chị giữ được sự chủ động khi biến cố xảy ra – tự lo cho mình, và cũng là một cách lặng lẽ để yêu thương con.  👉 Cùng FWD đọc trọn câu chuyện của chị Nguyễn Thị Thanh Hương - một trong những khách hàng đã được chi trả quyền lợi kịp thời khi gặp biến cố (https://tuoitre.vn/thuong-con-toi-chon-tu-lo-cho-minh-khi-bien-co-xay-ra-20260530091257623.htm)  #FWD #NóiLàLàm #SốngĐầyTừHômNay #SớmBảoVệ #SứcKhỏe #BệnhHiểmNghèo #ChiTrảQuyềnLợi",FWD Vietnam,232,12,32,https://www.facebook.com/BaohiemFWDVietnam,https://www.facebook.com/BaohiemFWDVietnam/posts/pfbid0kcYwf1D8XwomaroTcW4a7uBXwhQSbsajzfsoZLDJdXHD5MuKS6Xjt9Uzf4BaSX3ol,1434508518714237,https://scontent.fsgn5-3.fna.fbcdn.net/v/t39.99422-6/723240874_1325934098987302_4421005073767438650_n.png?stp=dst-jpg_tt6&cstp=mx1800x1800&ctp=s1080x2048&_nc_cat=107&_nc_map=urlgen_bucketless&ccb=1-7&_nc_sid=127cfc&_nc_ohc=VTIZeRSr2foQ7kNvwE9emEC&_nc_oc=Adp8L04XrIR-77eMU2MCXGsVPN7HM_Bpp6ntZCWMhSiQULYcljwKGDawQnRBHf7PGSAGArIxDkLMPndawBPCW0Kl&_nc_zt=14&_nc_ht=scontent.fsgn5-3.fna&_nc_gid=IONSheuqKlLukSqL6FU34g&_nc_ss=7b2a8&oh=00_Af_V6JC3a9C68GHrfJ8rH0iLlCLyAHx3z8RKHcqFFR522Q&oe=6A43BB13,
2026-06-12,"🧡 “MÌNH ĐI QUA BIẾN CỐ MÀ KHÔNG PHẢI GỤC NGÃ VÌ NÓ”  ✨ Người phụ nữ đầy năng lượng này vừa đi qua một cú “chấn động” lớn về sức khỏe. Điều giữ chị đứng vững là niềm tin – khi số tiền bảo hiểm đến đúng lúc, khi có thể đặt trọn lòng vào y học, khi luôn có tư vấn viên FWD kề cận, và khi gia đình vẫn ở đó, cùng nắm tay nhau mỗi ngày.  🍃 Chị hứa sẽ là chỗ dựa tinh thần để các con nương tựa. “Nói là làm”, chị tiếp tục  chăm sóc gia đình bằng  những điều giản dị nhưng quý giá nhất: đi chợ, nấu ăn, chăm chút từng bữa cơm, giữ cho tổ ấm luôn đủ đầy, khỏe mạnh và nhiều tiếng cười.  #FWD #NóiLàLàm  #SốngĐầyTừHômNay #SớmBảoVệ #SứcKhỏe #BệnhHiểmNghèo #ChiTrảQuyềnLợi",FWD Vietnam,151,29,47,https://www.facebook.com/BaohiemFWDVietnam,https://www.facebook.com/reel/2453872498370483/,1433662642132158,https://scontent.fsgn5-9.fna.fbcdn.net/v/t15.5256-10/722703667_1037990045593969_4434796099597136519_n.jpg?stp=dst-jpg_tt6&cstp=mx1920x1080&ctp=p960x960&_nc_cat=107&_nc_map=urlgen_bucketless&ccb=1-7&_nc_sid=5fad0e&_nc_ohc=U5k0jjDIrhkQ7kNvwFXnWHg&_nc_oc=AdoBXslBWprtG3G3suMoMwW-YjfrTOgquT_He6FBuI_9CTE28nFTwGvUe0W0ysBKb1tEn9yVGkUxJWVA4_ji2Ooi&_nc_zt=23&_nc_ht=scontent.fsgn5-9.fna&_nc_gid=IONSheuqKlLukSqL6FU34g&_nc_ss=7b2a8&oh=00_Af_Oyx3nLMDUTC8GOsKRJ35QAnoT_cm2uJF8EyFnXjDW8g&oe=6A43CD05 | https://scontent.fsgn5-12.fna.fbcdn.net/v/t39.2093-6/722115964_2453878555036544_6116433207637217308_n.srt?_nc_cat=108&_nc_map=urlgen_bucketless&ccb=1-7&_nc_sid=c211c2&_nc_ohc=iMCWfiX3gLkQ7kNvwHbWYx8&_nc_oc=AdrXlvUELY7Sy7pv9Fklmmri3eo0NDRqtqrwndWyo-SVXxjlZ1Wo3wdYzpYkiB5Qi626mKuWCmf5eFi4cG62IwJt&_nc_zt=14&_nc_ht=scontent.fsgn5-12.fna&_nc_gid=IONSheuqKlLukSqL6FU34g&_nc_ss=7b2a8&oh=00_Af-qipaomVR9MDrx42rViIj7ylMxV_wjtut01U2p6s3n3Q&oe=6A43D516 | https://scontent.fsgn5-3.fna.fbcdn.net/o1/v/t2/f2/m412/AQPpTMBCnjJTytXEOuaAaECJTxrjzwh1GDhXYnZAN3kNswUu4qyFSv5clX6swWJ2NQG0CJbNB-Av-KEwB9T-ZFThHpiSclcFu6N_oaoKlg.mp4?_nc_cat=100&_nc_oc=AdrYvZA3bIBdpr0mTViilGky3NMkl1MHc_yFkr0LKVd1QlFo6vjmgPPg7BP5xoCDkZxzGu4dZbgw9c2si9Zt0KNV&_nc_sid=8bf8fe&_nc_ht=scontent.fsgn5-3.fna.fbcdn.net&_nc_ohc=YAtTbDnNHW0Q7kNvwElFscy&efg=eyJ2ZW5jb2RlX3RhZyI6Inhwdl9wcm9ncmVzc2l2ZS5GQUNFQk9PSy4uQzMuNjQwLnN2ZV9zZCIsInhwdl9hc3NldF9pZCI6MTU0OTY3MjQ3OTk1OTA5OSwiYXNzZXRfYWdlX2RheXMiOjE0LCJ2aV91c2VjYXNlX2lkIjoxMDEyMiwiZHVyYXRpb25fcyI6MjEwLCJ1cmxnZW5fc291cmNlIjoid3d3In0%3D&ccb=17-1&_nc_gid=IONSheuqKlLukSqL6FU34g&_nc_ss=7b2a8&_nc_map=urlgen_bucketless&_nc_zt=28&oh=00_Af-LaHl1acKiezoC8F4260gRZYlO5fQeqnJq9fOOr-V8TQ&oe=6A43DBDA&bitrate=227437&tag=sve_sd | https://scontent.fsgn5-10.fna.fbcdn.net/o1/v/t2/f2/m366/AQPoGmILbZEw3wVjWefQx4KHG4PxtX_OBrybai_sFMBlT7V2_u01BI1aAqcrKoO6q8yxsr0O-vMJcOj-6uacUJn31gZznxolTEszDRyRE_d58A.mp4?_nc_cat=108&_nc_oc=Adql47gtUSHraVrxnYJXs_V2TpxPymYxMTY063bM_b2QsgN5vD6l55gf3sarpVsHX3kYBdfgtCcHCDFA10zIh2Gg&_nc_sid=5e9851&_nc_ht=scontent.fsgn5-10.fna.fbcdn.net&_nc_ohc=LVAg6NlAonAQ7kNvwEA2sB6&efg=eyJ2ZW5jb2RlX3RhZyI6Inhwdl9wcm9ncmVzc2l2ZS5GQUNFQk9PSy4uQzMuMTI4MC5kYXNoX2gyNjQtYmFzaWMtZ2VuMl83MjBwIiwieHB2X2Fzc2V0X2lkIjoxNTQ5NjcyNDc5OTU5MDk5LCJhc3NldF9hZ2VfZGF5cyI6MTQsInZpX3VzZWNhc2VfaWQiOjEwMTIyLCJkdXJhdGlvbl9zIjoyMTAsInVybGdlbl9zb3VyY2UiOiJ3d3cifQ%3D%3D&ccb=17-1&vs=f5286f363405f41c&_nc_vs=HBksFQIYRWZiX2VwaGVtZXJhbC8wRjRCQjhBRkQ2OUU2NjhCNUMxMTYzMjBGNkNGOEZCNl9tdF8xX3ZpZGVvX2Rhc2hpbml0Lm1wNBUAAsgBEgAVAhhAZmJfcGVybWFuZW50L0YxNDdENzQzN0YyQTRCRENDNzhFQzYzMjJBNThGRDg2X2F1ZGlvX2Rhc2hpbml0Lm1wNBUCAsgBEgAoABgAGwKIB3VzZV9vaWwBMRJwcm9ncmVzc2l2ZV9yZWNpcGUBMRUAACb2oP3a59rABRUCKAJDMywXQGpR64UeuFIYGWRhc2hfaDI2NC1iYXNpYy1nZW4yXzcyMHARAHUCZZSeAQA&_nc_gid=IONSheuqKlLukSqL6FU34g&_nc_ss=7b2a8&_nc_map=urlgen_bucketless&_nc_zt=28&oh=00_Af9SOVmAyNeXMhyW2rU0gD0dO6rRUoiu0GS2cFpfhRzQYA&oe=6A43E780&bitrate=855043&tag=dash_h264-basic-gen2_720p | https://scontent.fsgn5-14.fna.fbcdn.net/v/t15.5256-10/723526918_989033464049593_8679463560502482865_n.jpg?stp=dst-jpg_tt6&cstp=mx2048x1152&ctp=s960x960&_nc_cat=107&_nc_map=urlgen_bucketless&ccb=1-7&_nc_sid=be8305&_nc_ohc=0-4X5StMtE8Q7kNvwHBWp9O&_nc_oc=Adras56ypuKn4h5H91JkXa_5O8vLz5-VVv2_P3DGQggkLebnJsfMImIEVtarCoE5cr7U7yjmHJPV8utLdPACc-9p&_nc_zt=23&_nc_ht=scontent.fsgn5-14.fna&_nc_gid=IONSheuqKlLukSqL6FU34g&_nc_ss=7b2a8&oh=00_Af86_yJPVjGnutEyTB4clh7gj1Nw_tT-ZP6e7wQYF0LdwA&oe=6A43D684 | https://scontent.fsgn5-9.fna.fbcdn.net/v/t15.5256-10/720552873_27778441251740447_1847061004729697129_n.jpg?stp=dst-jpg_tt6&cstp=mx1420x800&ctp=s1420x800&_nc_cat=108&_nc_map=urlgen_bucketless&ccb=1-7&_nc_sid=06012f&_nc_ohc=e8-ovuxLbUMQ7kNvwHiCg20&_nc_oc=AdoGhEwDUsqY1X268D-TLf7H0Xpbhwt68P2th_7IS3bybjff3P-HMEJCikQDNS0xuquxNEChWCNQLnT_57G7dVGG&_nc_zt=23&_nc_ht=scontent.fsgn5-9.fna&_nc_gid=IONSheuqKlLukSqL6FU34g&_nc_ss=7b2a8&oh=00_Af-LOSlRDjfqQm8AzOjn_SvVhCTn0shJk3MjFv3Ic0-69A&oe=6A43D622 | https://scontent.fsgn5-10.fna.fbcdn.net/v/t15.5256-10/720570978_1416627957175621_9195527664044745181_n.jpg?stp=dst-jpg_tt6&cstp=mx1420x800&ctp=s1420x800&_nc_cat=102&_nc_map=urlgen_bucketless&ccb=1-7&_nc_sid=06012f&_nc_ohc=pyRV3-hfh38Q7kNvwHObPwk&_nc_oc=AdqnnMTRymyz-ehHOhERBoLfqaIO2NNfg1EpovDImGfTHRhk4C8vA46aQ52vMKBGmhkScgu1TDU9e7qoA4ike6hq&_nc_zt=23&_nc_ht=scontent.fsgn5-10.fna&_nc_gid=IONSheuqKlLukSqL6FU34g&_nc_ss=7b2a8&oh=00_Af_BHKm5So13ir6g523mkcEWy53xZZnPxK4zVVbHhepcAg&oe=6A43CE91 | https://scontent.fsgn5-8.fna.fbcdn.net/v/t15.5256-10/723479978_4181129692031110_1487964428701552179_n.jpg?stp=dst-jpg_tt6&cstp=mx1420x800&ctp=s1420x800&_nc_cat=104&_nc_map=urlgen_bucketless&ccb=1-7&_nc_sid=06012f&_nc_ohc=lE9uTWR2obMQ7kNvwGwS_7M&_nc_oc=Adpo1fF75XcU4N3WS9x0MDuSdy-JttsH3ZxfrwGMcv7lhJXdihgqu5bup-vWT3gyn2mUJIC7vVH6EaiTldfnswCQ&_nc_zt=23&_nc_ht=scontent.fsgn5-8.fna&_nc_gid=IONSheuqKlLukSqL6FU34g&_nc_ss=7b2a8&oh=00_Af8omx5BAdIwj17P9vOWWX-yvTnO4BxnbgftzcXm9pmtRg&oe=6A43E855,https://www.facebook.com/reel/2453872498370483/
2026-06-11,"GIỮ KHUNG THÀNH CHO NHỮNG MỤC TIÊU LỚN  Ở những giải đấu lớn, các đội bóng không chỉ tập trung ghi bàn. Họ luôn cần một thủ môn vững vàng phía sau. Bởi chỉ một khoảnh khắc bất ngờ cũng có thể làm thay đổi cả cục diện trận đấu.  Trong hành trình tích lũy cho những mục tiêu dài hạn, điều ai cũng mong muốn là tài sản tiếp tục được phát triển.  Nhưng bên cạnh đó, vẫn cần một lớp bảo vệ tài chính để những biến cố bất ngờ không làm gián đoạn kế hoạch đã xây dựng.  🧡 Đầu tư bắt đầu từ bảo vệ.  ⚽ Để quả bóng tìm cơ hội trên sân.  🧤 Để găng tay bảo vệ khung thành.   👉 Tìm hiểu giải pháp bảo vệ kết hợp đầu tư tại đây: https://www.fwd.com.vn/vi/investments/fwd-dau-tu-don-dau/  #FWD #SớmBảoVệ #NóiLàLàm #SảnPhẩmBảoHiểmLiênKết ĐơnVị #FWDĐầuTưĐónĐầu #BảoVệLinhHoạt #ĐầuTưTốiƯu",FWD Vietnam,72,3,19,https://www.facebook.com/BaohiemFWDVietnam,https://www.facebook.com/BaohiemFWDVietnam/posts/pfbid0XMAaMyTnLCkTPmAYbXwXmZNVYAPwbBYAEPVBoYkkfGEEU3bvUikUzQdZPCZyNBtXl,1433113718853717,https://scontent.fsgn5-10.fna.fbcdn.net/v/t39.99422-6/722217518_2133344807241320_7545140108451346777_n.png?stp=dst-jpg_tt6&cstp=mx1800x1800&ctp=s1080x2048&_nc_cat=105&_nc_map=urlgen_bucketless&ccb=1-7&_nc_sid=127cfc&_nc_ohc=38a3YjJzl1EQ7kNvwGksWuK&_nc_oc=AdqTVIOwDa6IfeLhl5Q6BNThN9RAiQU_8kel-G3NyR48RLhFl-3XQFaV_AL4v8iwyzUrdrC-VZcjzWr_xUjtRo-G&_nc_zt=14&_nc_ht=scontent.fsgn5-10.fna&_nc_gid=DtvZX5yCdKkQMFoWL5YbAQ&_nc_ss=7b2a8&oh=00_Af-LVYeUUvzGVZDc3JJsr6YQwnaj1OwWvejcJMr3zVQbog&oe=6A43BF38,
2026-06-10,"⚽ ĐÓN ĐẦU THẾ TRẬN - VỮNG VÀNG TƯƠNG LAI  Là những ""huấn luyện viên"" trưởng của gia đình, bố mẹ luôn muốn chủ động bày binh bố trận để kiến tạo bệ phóng tốt nhất cho con. Chính vì thế, một lớp phòng thủ vững chắc từ sớm để team mình tự tin dâng cao đội hình nhưng vẫn giữ nhịp linh hoạt theo cuộc sống chính là chiến thuật giành thắng lợi đường dài.   Với sản phẩm bảo hiểm liên kết đơn vị FWD Đầu Tư Đón Đầu, gia đình mình nắm chắc trong tay:  ⚽ QUẢ BÓNG CHỦ ĐỘNG (ĐẦU TƯ): Tự do lựa chọn quỹ và thiết kế danh mục đầu tư chuẩn gu/khẩu vị rủi ro của nhà mình. Lại còn được cộng thêm các khoản thưởng duy trì hợp đồng để tài khoản mau lớn theo thời gian.  🧤 GĂNG TAY LINH HOẠT (BẢO VỆ): Thoải mái điều chỉnh kế hoạch đầu tư hoặc thay đổi Số tiền bảo hiểm (SAM) để vừa vặn với nhu cầu và túi tiền của gia đình trong từng hiệp đấu cuộc đời.  Khi hậu phương đã có FWD giữ sạch lưới nhà, bố mẹ cứ tự tin bật khiên bảo vệ vững chắc cho con ngay hôm nay 🧡  #FWD #SớmBảoVệ #NóiLàLàm #SảnPhẩmBảoHiểmLiênKếtĐơnVị #FWDĐầuTưĐónĐầu #BảoVệLinhHoạt #ĐầuTưTốiƯu",FWD Vietnam,844,8,2,https://www.facebook.com/BaohiemFWDVietnam,https://www.facebook.com/BaohiemFWDVietnam/posts/pfbid0ZRBsVwZCT7NXNFXaqo6K8FLDxDUpWGNdBErxWsUfKpYemijPmod9z6S2gbNHF8cDl,1432187948946294,https://scontent.fsgn5-11.fna.fbcdn.net/v/t39.99422-6/719191944_1618527409242716_3933219475579016195_n.png?stp=dst-jpg_tt6&cstp=mx1800x1800&ctp=s1080x2048&_nc_cat=103&_nc_map=urlgen_bucketless&ccb=1-7&_nc_sid=127cfc&_nc_ohc=42TN4Bx8YbwQ7kNvwG_9WJ1&_nc_oc=AdrcFCCX00p6f3j1J4OU967_mKNcAR92l9Fy5KSyYf7e408e84PNLgWdKVBhZJlgEXvmEeY0y0uWjmG_jRGBiRjs&_nc_zt=14&_nc_ht=scontent.fsgn5-11.fna&_nc_gid=DtvZX5yCdKkQMFoWL5YbAQ&_nc_ss=7b2a8&oh=00_Af9mZQzNoCu_Ghx8Spwk5-tN5TiVkNITWmLXFtuIm02Ktw&oe=6A43C26B,
2026-06-09,"🎓 Con chuẩn bị tốt nghiệp. 💼 Ba mẹ chuẩn bị những cơ hội sau ngày tốt nghiệp.  🎯 Mỗi người một ""chuyên môn"".  Khác biệt là người lớn chuẩn bị cho chặng đường tiếp theo khi chặng đường hiện tại còn chưa kết thúc.  Và Người lớn có một siêu năng lực Biến những thứ “để tính sau” thành “đã chuẩn bị rồi”.    🔸 Nhà nào cũng có KPI riêng.  🧡 Nói là làm.   #FWD #NóiLàLàm #FWDSốngđầytừhômnay #FWDSớmbảovệ",FWD Vietnam,174,6,17,https://www.facebook.com/BaohiemFWDVietnam,https://www.facebook.com/BaohiemFWDVietnam/posts/pfbid02dqPp6BGJyPaE697ikjA2A8V8mRLnF1jXcxaxii9Pzn8ezdto7AMbxcx6eMNe3pLal,1431273459037743,https://scontent.fsgn5-21.fna.fbcdn.net/v/t39.99422-6/719202876_979226398058699_4240184698081644077_n.png?stp=dst-jpg_tt6&cstp=mx1800x1800&ctp=s1080x2048&_nc_cat=110&_nc_map=urlgen_bucketless&ccb=1-7&_nc_sid=127cfc&_nc_ohc=5mW0mcVid8sQ7kNvwH1qGjo&_nc_oc=AdqyNTrAafVELZ-CCzIM1HErODb81MP2Wy1uyK5NgxntH2gOsP0Dv2teDgeSBbielPlmyndQBr4PMpqpASH553a8&_nc_zt=14&_nc_ht=scontent.fsgn5-21.fna&_nc_gid=DtvZX5yCdKkQMFoWL5YbAQ&_nc_ss=7b2a8&oh=00_Af9iJ_ewb2E3seLHEmJCI_UbMBXuTzo6rt115lBCoc68Ig&oe=6A43E40D,
2026-06-09,"Tại FWD, quy trình giải quyết quyền lợi bảo hiểm không chỉ có sự hỗ trợ của công nghệ số, mà luôn đi kèm sự đồng hành thiết thực từ con người:  🤖 Công nghệ bứt phá - Xử lý nhanh chóng:  ✔️ Tự động hóa thông minh: Yêu cầu từ khâu xét duyệt đến thanh toán có thể được xử lý hoàn toàn tự động*, giúp bạn nhận quyền lợi một cách nhanh chóng.  ✔️ Tra cứu dễ dàng: Cổng thông tin FWD Dịch Vụ Trực Tuyến với giao diện trực quan, đơn giản giúp bạn hoàn toàn chủ động trong việc theo dõi tiến độ hồ sơ mọi lúc mọi nơi.   🧡 Con người đồng hành - Tận tâm hỗ trợ:  ✔️ Tổng đài miễn cước 1800969690 : sẵn sàng giải đáp, hướng dẫn bạn từng bước hoàn thiện thủ tục yêu cầu giải quyết quyền lợi bảo hiểm một cách cặn kẽ.  ✔️ Đội ngũ Tư vấn viên chuyên nghiệp: Những người đồng hành tâm huyết, sẵn sàng có mặt hỗ trợ bạn ngay từ những ngày đầu tham gia bảo hiểm.  Công nghệ để tăng tốc - Con người để giữ sự tận tâm!🔥 Tự tin tận hưởng sống đầy mỗi ngày vì đã có FWD luôn đồng hành cùng bạn! 🧡🚀  🔎 Tìm hiểu thêm: https://www.fwd.com.vn/vi/claims/  — (*) Áp dụng cho hồ sơ Trợ cấp nằm viện hoặc Quyền lợi bảo hiểm sức khỏe khi đã đầy đủ, hợp lệ.  #FWD #NóiLàLàm #FWDSốngđầytừhômnay #FWDSớmbảovệ",FWD Vietnam,872,13,26,https://www.facebook.com/BaohiemFWDVietnam,https://www.facebook.com/BaohiemFWDVietnam/posts/pfbid02yQrM7KF7EWzxk5KXPNEhHvUvsTHy7QmqkSrgF8JgDKHJTQCzGC74ZGtLpJVVhdfvl,1430984259066663,https://scontent.fsgn5-5.fna.fbcdn.net/v/t39.99422-6/720920055_3586120091540614_6882402763313041602_n.png?stp=dst-jpg_tt6&cstp=mx2048x2048&ctp=s1080x2048&_nc_cat=105&_nc_map=urlgen_bucketless&ccb=1-7&_nc_sid=127cfc&_nc_ohc=I0mkE1P7l_QQ7kNvwHnvSNO&_nc_oc=AdqEIJLjJMS9ziYqnTjttcJXFhDh36lXaFsVxMNXy7r4r1v_lyOlwrk8GpIfDxhuKYznYdzm3aMzc2KzBc0TvyG8&_nc_zt=14&_nc_ht=scontent.fsgn5-5.fna&_nc_gid=NMI4KxWDx_1Jvv8-nJuFSw&_nc_ss=7b2a8&oh=00_Af9UnDKSLDg0niGeX0dh8HqUHdOWw8XkVy5uOoph8-hgwg&oe=6A43D7EC,
2026-06-08,"⚽ ĐẦU TƯ LÀ ĐỂ ĐÓN ĐẦU, KHÔNG PHẢI ĐỂ ĐU TREND! 📈  Lướt ""Tóp Tóp"" thấy người người nhà nhà kháo nhau tích sản, bạn có đang bị FOMO (sợ bị bỏ lỡ) rồi cuống cuồng ""xuống tay"" theo số đông?  Nhưng cuộc chơi tài chính đâu chỉ có tấn công. Chạy theo xu hướng mà chưa kịp bật ""giáp phòng thủ"", gặp biến số là dễ ""bay màu"" như chơi. Để thực sự làm chủ tương lai, các trụ cột trẻ bỏ túi ngay cho mình một chiến thuật đỉnh chóp 2-trong-1 từ sản phẩm bảo hiểm liên kết đơn vị FWD Đầu Tư Đón Đầu:  ⚽ BÓNG XỊN ĐỂ TẤN CÔNG (Đầu tư tối ưu): Danh mục đầu tư linh hoạt giúp dòng vốn bứt phá, chủ động sinh lời để bạn tự tin làm chủ sân chơi tài chính.  🧤 GĂNG TAY ĐỂ PHÒNG THỦ (Giáp bảo vệ linh hoạt): Quyền lợi bảo vệ co giãn theo từng giai đoạn cuộc đời, làm bệ đỡ vững chắc trước mọi biến số khó đoán.  Vừa tấn công sắc bén, vừa phòng thủ kiên cường. Có FWD đồng hành, ngại gì không Nói là làm và đón đầu tương lai theo cách riêng của bạn ngay hôm nay! 🔥  #FWD #SớmBảoVệ #NóiLàLàm #SảnPhẩmBảoHiểmLiênKếtĐơnVị #FWDĐầuTưĐónĐầu #BảoVệLinhHoạt #ĐầuTưTốiƯu",FWD Vietnam,578,7,2,https://www.facebook.com/BaohiemFWDVietnam,https://www.facebook.com/BaohiemFWDVietnam/posts/pfbid0iXmLGrUPm5qgPThwQgTd6BJMb1rdJeqNP6ZSsvX5H1s7tZwAvUbYgG9EBKMAgH7il,1429991732499249,https://scontent.fsgn5-13.fna.fbcdn.net/v/t39.99422-6/718336459_998030442620281_3887779822851449301_n.png?stp=dst-jpg_tt6&cstp=mx1800x1800&ctp=s1080x2048&_nc_cat=109&_nc_map=urlgen_bucketless&ccb=1-7&_nc_sid=127cfc&_nc_ohc=kINdouYTEt8Q7kNvwHlnkvV&_nc_oc=AdqHzkAL84sHZQ5LVaOf2nvu1p0ygp1QjAHizWAVdbgLdoGLWKnIWW35OLp7e7xGZ3h85UD_vEPEq_qfDzxl7OEJ&_nc_zt=14&_nc_ht=scontent.fsgn5-13.fna&_nc_gid=NMI4KxWDx_1Jvv8-nJuFSw&_nc_ss=7b2a8&oh=00_Af-cr6Y15zYl5uz3kEAlUmPC9nWP-NOn8SZ8XjzJ-AAWDA&oe=6A43E7A1,
2026-06-06,"🌟 BẢO VỆ VỮNG VÀNG - VẪN CÒN CƠ HỘI NHẬN TRỌN BỘ 3 ""LỢI"" KINH TẾ! 🌟   Tin vui cho những ai đang tìm kiếm thời điểm ""vàng"" để vừa kích hoạt lá chắn bảo vệ cho bản thân, vừa tối ưu hóa dòng tiền cá nhân! Bạn vẫn còn cơ hội để rinh ngay combo 3 LỢI ích siêu thực từ FWD đang diễn ra:   💸 LỢI DÒNG TIỀN: Nhận khoản thưởng lên đến 20% phí thực thu bảo hiểm năm đầu, được FWD phân bổ trực tiếp vào tài khoản đầu tư thêm của hợp đồng. Bảo vệ vẹn toàn, tích lũy sinh lời hiệu quả!  💳 LỢI CHI PHÍ: Trả góp lãi suất 0% với thẻ VISA, linh hoạt lựa chọn kỳ hạn 3-6-9-12 tháng tùy điều kiện tài chính. Chia nhỏ áp lực ngân sách một lần, tương lai vẫn được bảo vệ đủ.  🛡️ LỢI TRẢI NGHIỆM: Tuyệt đối 0 đồng phí chuyển đổi trả góp, không lo phát sinh chi phí ẩn, chẳng cần tính toán thiệt hơn, giúp bạn tự tin chốt deal bảo vệ ngay từ sớm!  🔥 Bảo vệ vững vàng, phí về nhẹ nhàng.   👉 CHỐT NGAY ĐỪNG BỎ LỠ: Chương trình khuyến mại tiếp tục đồng hành cùng bạn đến hết ngày 30/06/2026.   🛒 Áp dụng cho khách hàng mua bảo hiểm qua Kênh Đại lý & Đối tác phân phối: TCA, BRICS, FWM, FIDT  🔎 Chi tiết chương trình: https://www.fwd.com.vn/vi/blog/notifications-promotions/chot-hop-dong-nhan-tron-3-uu-dai/   #FWD #NóiLàLàm #ChốthợpđồngNhậntrọn3ưuđãi #FWDSốngđầytừhômnay #FWDSớmbảovệ",FWD Vietnam,984,25,22,https://www.facebook.com/BaohiemFWDVietnam,https://www.facebook.com/BaohiemFWDVietnam/posts/pfbid0KkDLxNRdZRH3b32aAV2ZiGn998D66y7p5UJza3XwszHYgs7CzSxaVPNPxYpSRFYdl,1428482715983484,https://scontent.fsgn5-15.fna.fbcdn.net/v/t39.99422-6/721110502_27429664833390558_3840946560239247383_n.png?stp=dst-jpg_tt6&cstp=mx1800x1800&ctp=s1080x2048&_nc_cat=103&_nc_map=urlgen_bucketless&ccb=1-7&_nc_sid=127cfc&_nc_ohc=P0r22NLLywAQ7kNvwHMQ_ON&_nc_oc=Adrkqqn5Byr01NnlJ0rS7K70-b0A-2eIWjnVO9yw5-cl78S_bWoNKQ5I1uvJtTh-AOQ5Ygprg_m4DzVCk-Z3TcLe&_nc_zt=14&_nc_ht=scontent.fsgn5-15.fna&_nc_gid=NMI4KxWDx_1Jvv8-nJuFSw&_nc_ss=7b2a8&oh=00_Af8bdbySoXXwmN1FPAFyG3IkLoa19TMeaa-BXpxJVf4Ejw&oe=6A43EF63,
2026-06-05,"Khi có vấn đề sức khỏe phát sinh, điều bạn cần nhất là một kết quả phản hồi nhanh chóng về quyền lợi bảo hiểm để chủ động vững tâm điều trị. Hiểu được điều đó, FWD liên tục tối ưu quy trình xử lý hồ sơ, mang đến cho bạn trải nghiệm nhanh chóng với ""Công thức 3x24h"":  ⏱️ 24 giờ ra quyết định: Nhận ngay thông báo kết quả đối với Quyền lợi trợ cấp nằm viện và Chăm sóc sức khỏe khi hồ sơ đầy đủ, hợp lệ. ✔️ 24 giờ phản hồi: Nếu cần bổ sung chứng từ y tế hay hóa đơn, FWD cũng sẽ thông báo đến bạn ngay trong vòng 24 giờ. 💸 24 giờ chi trả: Tiền tinh tinh về tài khoản trong vòng 24 giờ tính từ thời điểm bạn nhận được Thư chấp thuận từ FWD.  (Lưu ý: Thời gian được tính theo giờ làm việc, không bao gồm cuối tuần và ngày lễ).  Ít bước hơn, nhanh chóng hơn, vì FWD muốn bạn giữ trọn sự thảnh thơi để tập trung phục hồi sức khỏe. 🧡🚀  🔎 Tìm hiểu thêm thông tin tại: https://www.fwd.com.vn/vi/claims/  #FWD #NóiLàLàm #FWDSốngđầytừhômnay #FWDSớmbảovệ",FWD Vietnam,119,6,20,https://www.facebook.com/BaohiemFWDVietnam,https://www.facebook.com/BaohiemFWDVietnam/posts/pfbid0qyN37oBig4MEN95p2Ny1u2NsXUuQUanFENdBfRwDN7ni4EdZTs6rMSrSzi5TS3Dxl,1427529622745460,https://scontent.fsgn5-7.fna.fbcdn.net/v/t39.30808-6/714766341_1427457126086043_3232207961365847305_n.jpg?stp=dst-jpg_tt6&cstp=mx2048x2048&ctp=s1080x2048&_nc_cat=109&_nc_map=urlgen_bucketless&ccb=1-7&_nc_sid=127cfc&_nc_ohc=bO64pHkmkjgQ7kNvwEDl-pe&_nc_oc=AdrgDYH4E7dW6wt6LhgIskgkKXCrOGuny8wESfjKnDuMaHxVQIwmGJBF_Zr6NuozxaxZV_-BuojtiXXI9d5YFnPy&_nc_zt=23&_nc_ht=scontent.fsgn5-7.fna&_nc_gid=CFFRz4GEG0OpiL1qqL18jQ&_nc_ss=7b2a8&oh=00_Af9bryfVmNpFCdovTtK_wEZXdY8Mzae1Fm3PmJ1WKsdY8w&oe=6A43C4FF,
2026-06-04,"Thực tế, việc thiếu một vài chứng từ y tế hay hóa đơn khi làm thủ tục yêu cầu giải quyết quyền lợi bảo hiểm là khó tránh khỏi. Nhưng với FWD, bạn không cần làm lại từ đầu. Chỉ cần bổ sung ngay trên hệ thống trực tuyến với 3 điểm cộng cực mượt:  ✔️ Không gián đoạn: Quy trình xử lý hồ sơ luôn liên tục và trơn tru. ✔️ Không rườm rà: Thủ tục tối giản, thao tác nhất quán ngay trên thiết bị điện tử của bạn. ⚡ Xử lý nhanh chóng: Nhận quyết định chỉ trong vòng 24 giờ kể từ khi FWD tiếp nhận đủ hồ sơ bổ sung*.  Một chi tiết nhỏ giúp bạn giữ trọn sự thảnh thơi để sống đầy mỗi ngày. Chủ động bảo vệ bản thân và gia đình cùng FWD ngay hôm nay! 🧡🚀 — (*) Áp dụng cho hồ sơ Trợ cấp nằm viện hoặc Quyền lợi bảo hiểm sức khỏe khi đã đầy đủ, hợp lệ. Chi tiết xem tại: https://www.fwd.com.vn/vi/claims/     #FWD #NóiLàLàm #FWDSốngđầytừhômnay #FWDSớmbảovệ",FWD Vietnam,1052,29,31,https://www.facebook.com/BaohiemFWDVietnam,https://www.facebook.com/BaohiemFWDVietnam/posts/pfbid0DjixRf4o8gRxDvHtQrbC3xcnfXa5kSEXwcggvRX54zWYJHxCcMovu1J6f9DtQ2val,1426586806173075,https://scontent.fsgn5-1.fna.fbcdn.net/v/t39.30808-6/709941067_1426521806179575_8064297486103832969_n.jpg?stp=dst-jpg_tt6&cstp=mx1800x1800&ctp=s1080x2048&_nc_cat=103&_nc_map=urlgen_bucketless&ccb=1-7&_nc_sid=127cfc&_nc_ohc=Ck6wuNqRy4AQ7kNvwHein3N&_nc_oc=AdpCxcAI7ly-3GqPhcfwyFkPJ-l-Mr_ZViOurIQ4nLmOzv8oTC9siyKLYpzeqyaJ9lD06lzRtqei4j3NZNfab46H&_nc_zt=23&_nc_ht=scontent.fsgn5-1.fna&_nc_gid=CFFRz4GEG0OpiL1qqL18jQ&_nc_ss=7b2a8&oh=00_Af8lU0NXE1370bv0i9x7azeAxqWU38U2XNGeYOkPUmx8ow&oe=6A43D372,
2026-06-03,"🧡 YÊU CẦU GIẢI QUYẾT QUYỀN LỢI BẢO HIỂM: CHẠM MÀN HÌNH, ĐỪNG ĐỂ CUỘC SỐNG BỊ GIÁN ĐOẠN!  Khi người thân cần được chăm sóc, thời gian bên họ là vô giá. Thay vì vất vả đi lại nộp chứng từ, quy trình nộp hồ sơ yêu cầu giải quyết quyền lợi bảo hiểm trực tuyến của FWD sẽ giúp bạn xử lý mọi thủ tục chỉ trong vài thao tác chạm:  📱 100% Trực tuyến: Nộp hồ sơ mọi lúc mọi nơi ngay trên điện thoại/máy tính, không giấy tờ rườm rà. ⚡ Thao tác siêu tốc: Đăng tải nhiều hình ảnh, tệp đính kèm dung lượng lớn dễ dàng, nhanh chóng. 🧡 90%+ khách hàng FWD tin dùng: Giúp tiết kiệm tối đa thời gian và công sức để bạn toàn tâm lo cho gia đình.  Chọn sớm bảo vệ cùng FWD ngay hôm nay! 🧡🚀 👉 Tìm hiểu thông tin chi tiết tại đây: https://www.fwd.com.vn/vi/claims/     #FWD #NóiLàLàm #FWDSốngđầytừhômnay #FWDSớmbảovệ",FWD Vietnam,124,9,28,https://www.facebook.com/BaohiemFWDVietnam,https://www.facebook.com/BaohiemFWDVietnam/posts/pfbid0232RiBTUnCuvLnE7fd2SWEit5T4BUwKGnvYAnquuJjSgBN8RhLC7LTYj7DfMW5dPYl,1425668089598280,https://scontent.fsgn5-15.fna.fbcdn.net/v/t39.30808-6/713265034_1425713509593738_4350109813431918754_n.jpg?stp=dst-jpg_tt6&cstp=mx2048x2048&ctp=s1080x2048&_nc_cat=102&_nc_map=urlgen_bucketless&ccb=1-7&_nc_sid=127cfc&_nc_ohc=3sE0hAdxDgUQ7kNvwFLSMF6&_nc_oc=Adpy2-fl17k7TdTcZb82FZyiUp1rlldr3DVtKC9yPezg6qUuncsjBVSxZwNqfQTEv6zYxrQt-2xWrZjYG2srb51U&_nc_zt=23&_nc_ht=scontent.fsgn5-15.fna&_nc_gid=CFFRz4GEG0OpiL1qqL18jQ&_nc_ss=7b2a8&oh=00_Af_oQfmSqzA9mr9vVGRc9Y5hYlybEndChcn_xJKPUJhhnA&oe=6A43CBB9,
2026-06-02,"🧡 THANH TOÁN DỄ DÀNG – NỀN TẢNG VỮNG VÀNG CÙNG FWD! ⚡   Đã là Trụ cột hệ Nói Là Làm, việc gì tụi mình cũng muốn phải thật nhanh - gọn - lẹ và chắc chắn. Chăm sóc gia đình chu toàn, sự nghiệp không ngừng bứt phá, thì việc duy trì hàng rào bảo vệ FWD cũng nên được duy trì một cách thuận tiện nhất!   Để sự bảo vệ luôn ở trạng thái full vạch, FWD đã thiết lập sẵn hệ thống thanh toán đa dạng để bạn tự do lựa chọn theo nhu cầu:  Hệ chọn thanh toán trực tuyến (Nhanh chóng & Tiện lợi): 🔸 Cổng thanh toán trực tuyến FWD: Thanh toán ngay tại https://hethong.fwd.com.vn/cong-thanh-toan 🔸 Đóng phí tự động: Đăng ký một lần qua FWD Recurring (thẻ quốc tế) hoặc chọn dịch vụ trên app VCB Digibank để tự động trích phí khi đến hạn. 🔸 Ứng dụng Ngân hàng & Ví điện tử: Chuyển khoản Internet Banking/Mobile Banking qua ngân hàng liên kết, hoặc thao tác nhanh trên ứng dụng MoMo/Viettel Money.   Hệ thích thanh toán trực tiếp (An tâm & Rõ ràng): 🔸 Tại Ngân hàng: Giao dịch trực tiếp tại hệ thống các ngân hàng đối tác lớn liên kết với FWD (Vietcombank, Agribank, Sacombank, HDBank). 🔸 Hệ thống cửa hàng liên kết (Viettel, Payoo): Tiện đường ghé hơn 15.000 cửa hàng trong hệ thống Viettel Store/Viettel Telecom và các cửa hàng tiện lợi/điện máy (Circle K, WinMart, TGDD...) để thực hiện đóng phí dễ dàng. 🔸 Tư vấn tài chính & Trung tâm Dịch vụ Khách hàng FWD: Thanh toán qua thiết bị cà thẻ (POS) bằng Thẻ tín dụng/Thẻ ghi nợ thông qua Tư vấn tài chính của bạn, hoặc ghé trực tiếp các Trung tâm dịch vụ của FWD trên toàn quốc.   👉 Nói là làm, bảo vệ là phải liền tay! Xem thông tin chi tiết và chọn ngay hình thức thanh toán tiện lợi nhất với bạn tại đây nhé: https://www.fwd.com.vn/vi/support/premium-payment/   #FWD #NóiLàLàm #FWDSốngđầytừhômnay #FWDSớmbảovệ",FWD Vietnam,111,9,20,https://www.facebook.com/BaohiemFWDVietnam,https://www.facebook.com/BaohiemFWDVietnam/posts/pfbid0u4FQiXoTWEBHSA219mQNFkCWow2x56cF53Y5Wd3FXNzhTtmWfUF2mhuUchc9nwbtl,1424360483062374,https://scontent.fsgn5-9.fna.fbcdn.net/v/t39.30808-6/713544246_1424335409731548_5109278170014973446_n.jpg?stp=dst-jpg_tt6&cstp=mx1800x1800&ctp=s1080x2048&_nc_cat=109&_nc_map=urlgen_bucketless&ccb=1-7&_nc_sid=127cfc&_nc_ohc=HPr7W3jlmv0Q7kNvwGduTjG&_nc_oc=AdqgOMYE3VMzjkH2pVjnZo_TSnZ41Qvd1phWewz6QiuS45YMu8fIQ4dIdtpDTyW4MQRlPvmktbTsWcz4VfXsK7yz&_nc_zt=23&_nc_ht=scontent.fsgn5-9.fna&_nc_gid=A6FwwtQl4zQ8YkrGp6tQpA&_nc_ss=7b2a8&oh=00_Af-iTANYUWN6-dhJsxHY7jfhIikSiH9684Xq1chGZn39gw&oe=6A43E6A6,
2026-06-01,"🛒 [MINIGAME] PHIÊN ĐẤU GIÁ TƯƠNG LAI: CHỐT ĐƠN ĐIỀU VÔ GIÁ! ✨  MỞ ĐẤU GIÁ  Xin bắt đầu phiên đấu giá đặc biệt ngày Quốc tế Thiếu nhi 01/6 hôm nay với những item ""limited edition"" mà tiền tỷ chưa chắc đã chốt đơn được!  1️⃣ Item số 1: Một bài phát biểu tốt nghiệp đại học của con. 🎉 Xin mời các ""vị cá mập"" ra giá! 5 tỷ? 10 tỷ? Hay bao nhiêu ""con số 0"" mới đủ để đổi lấy khoảnh khắc đứng dưới khán đài, lén quẹt nước mắt nhìn ""thế lực nhí"" ngày nào nay flex tấm bằng đại học, dõng dạc nói: “Con làm được rồi, cảm ơn ba mẹ!”?  2️⃣ Item số 2: Một cái nắm tay dẫn con vào lễ đường. 💕 Bao nhiêu cho chiếc mood ""vừa mừng vừa mếu"" của bố, khi vừa chỉnh lại khăn voan cho cô con gái rượu, vừa tự nhủ: “Ủa mới ngày nào còn đòi mua kem 01/6 mà ta?"", trước khi trao tay con cho người thương?  Và vô số ""vật phẩm"" không thể định giá khác: 🌍 Một chuyến du lịch cả nhà đi khắp thế giới khi chân ba mẹ còn khỏe, tóc chưa kịp bạc. ✨ Một cái ôm siết chặt từ đứa con đã trưởng thành, nhận ra ba mẹ bình an sau ca mổ chính là món quà lớn nhất. 🧸 Và đặc biệt nhất hôm nay: Một tuổi thơ trọn vẹn, ngập tràn tiếng cười để con được làm trẻ con đúng nghĩa, không phải ""gồng mình"" lớn lên quá sớm.  Kỳ lạ là... Những khoảnh khắc đáng giá nhất cuộc đời lại là những thứ chúng ta không bao giờ muốn đem ra đấu giá. Nhưng cuộc sống đôi khi lại ""âm thầm"" đặt chúng lên sàn thương lượng bằng những biến cố bất ngờ - một cơn bệnh, một tai nạn, hay một lần nhập viện không báo trước.  Và thứ bị mang ra trả giá, xót xa thay, lại chính là tương lai và nụ cười của con trẻ.  Ba mẹ chuẩn bị một nền tảng vững vàng hôm nay, để con tự tin ""Nói Là Làm"", tự do kiến tạo tương lai mai sau.  🎁 THỂ LỆ THAM GIA MINIGAME PHIÊN ĐẤU GIÁ TƯƠNG LAI: Chỉ với 2 bước cực kỳ đơn giản để nhận ngay quà hấp dẫn từ FWD: ‣ Bước 1: Like và share bài viết này ở chế độ công khai.  ‣ Bước 2: Bình luận ngay dưới bài viết: Tên item mà ba mẹ muốn ""chốt đơn"" bảo vệ nhất cho con, có thể là những item ngoài list trên + Lý do vì sao? + Hashtag #TôiTinFWD #TôiChọnFWD.  Ví dụ: Một cái ôm từ con khi đạt giải thưởng + Vì muốn đồng hành cùng cột mốc trưởng thành quan trọng nhất của con #TôiTinFWD #TôiChọnFWD.  🏆 CƠ CẤU GIẢI THƯỞNG 10 GIẢI ĐẶC BIỆT: Mỗi giải 300.000 đồng cho những chia sẻ sâu sắc được BTC chấm truyền cảm hứng và ý nghĩa nhất. 10 GIẢI ĐỒNG CẢM: Mỗi giải 200.000 đồng dành cho 10 ba mẹ có câu chuyện chia sẻ xúc động và nhận được nhiều lượt bình chọn nhất từ cộng đồng.  📌 Lưu ý: Lượt bình chọn hợp lệ được tính dựa trên số lượng phản hồi (reply) với 2 hashtags #TôiChọnFWD #TôiTinFWD bên dưới bình luận của người tham gia.    ⏰ Thời gian tham gia: Từ ngày 01/6 đến hết ngày 08/6/2026.  Chốt đơn bảo vệ tương lai con ngay hôm nay cùng FWD! 🧡  #FWDVietnam #SớmBảoVệ #MungNgayQuocTeThieuNhi #NóiLàLàm #BaoVeDieuVoGia",FWD Vietnam,731,239,94873,https://www.facebook.com/BaohiemFWDVietnam,https://www.facebook.com/BaohiemFWDVietnam/posts/pfbid024BGETVNrNKj99HDq4teHSjqQ46SpVWsmwhy4mXifgf6hWX3XUVU3wep4v1S3t3ttl,1423406426491113,https://scontent.fsgn5-10.fna.fbcdn.net/v/t39.30808-6/710575179_1423405246491231_167879326069958544_n.jpg?stp=dst-jpg_tt6&cstp=mx2048x1365&ctp=p960x960&_nc_cat=102&_nc_map=urlgen_bucketless&ccb=1-7&_nc_sid=127cfc&_nc_ohc=VzhkBE1MIlsQ7kNvwG9BUg5&_nc_oc=AdoEh5n4HkBRgNzVJdgzA8C9W6tvZ-841N8Qr3ko1l5urGldwu-YvalTeo2Pv5PWYA7XlD7Hj4eoXvfbPP5vXcSO&_nc_zt=23&_nc_ht=scontent.fsgn5-10.fna&_nc_gid=A6FwwtQl4zQ8YkrGp6tQpA&_nc_ss=7b2a8&oh=00_Af9A5zF6Cq3SP3QlQhCbFoQnXNOiYovfeXQisT-H9SkXWQ&oe=6A43BEC7 | https://scontent.fsgn5-10.fna.fbcdn.net/v/t39.30808-6/710575179_1423405246491231_167879326069958544_n.jpg?stp=dst-jpg_tt6&cstp=mx2048x1365&ctp=s2048x1365&_nc_cat=102&_nc_map=urlgen_bucketless&ccb=1-7&_nc_sid=127cfc&_nc_ohc=VzhkBE1MIlsQ7kNvwG9BUg5&_nc_oc=AdoEh5n4HkBRgNzVJdgzA8C9W6tvZ-841N8Qr3ko1l5urGldwu-YvalTeo2Pv5PWYA7XlD7Hj4eoXvfbPP5vXcSO&_nc_zt=23&_nc_ht=scontent.fsgn5-10.fna&_nc_gid=A6FwwtQl4zQ8YkrGp6tQpA&_nc_ss=7b2a8&oh=00_Af9A5zF6Cq3SP3QlQhCbFoQnXNOiYovfeXQisT-H9SkXWQ&oe=6A43BEC7 | https://scontent.fsgn5-12.fna.fbcdn.net/v/t39.30808-6/709207169_1423405173157905_7623341186230331688_n.jpg?stp=dst-jpg_tt6&cstp=mx1800x1800&ctp=s1800x1800&_nc_cat=100&_nc_map=urlgen_bucketless&ccb=1-7&_nc_sid=127cfc&_nc_ohc=oYc5-rzdkoMQ7kNvwFeKoXS&_nc_oc=Adqy4yTnclqc1xE8BVdq74w0rj--LgXNtH1evlYD15kYKyrbQWKAAd11QC8btPFAT6dDP51b6eReJvv8Q7xYT68p&_nc_zt=23&_nc_ht=scontent.fsgn5-12.fna&_nc_gid=A6FwwtQl4zQ8YkrGp6tQpA&_nc_ss=7b2a8&oh=00_Af-L_VZOGl2VYjQn2hZR95cqwlLqWHKAPfG9tvKo_7cbAA&oe=6A43D453 | https://scontent.fsgn5-3.fna.fbcdn.net/v/t39.30808-6/709305742_1423405169824572_919948197785876475_n.jpg?stp=dst-jpg_tt6&cstp=mx1800x1800&ctp=s1800x1800&_nc_cat=108&_nc_map=urlgen_bucketless&ccb=1-7&_nc_sid=127cfc&_nc_ohc=RurYT8mSEIoQ7kNvwEftUAl&_nc_oc=Adox90K2PyMA0CgiGfFi8wFmt15eLH-g7p-WsO-WJxzIiN3U-QYk73xZXq3PF0HwRSNWyRE-iUWSlTZX32REAovY&_nc_zt=23&_nc_ht=scontent.fsgn5-3.fna&_nc_gid=A6FwwtQl4zQ8YkrGp6tQpA&_nc_ss=7b2a8&oh=00_Af_OuXz58zrsW_ttFAODy51zcd_sAffyZyy3sPxXHnY_5w&oe=6A43D25E | https://scontent.fsgn5-12.fna.fbcdn.net/v/t39.30808-6/710288620_1423405139824575_6212320314657524175_n.jpg?stp=dst-jpg_tt6&cstp=mx1800x1800&ctp=s1800x1800&_nc_cat=111&_nc_map=urlgen_bucketless&ccb=1-7&_nc_sid=127cfc&_nc_ohc=ByE9wm3zxdgQ7kNvwFuV4Mk&_nc_oc=Adp8DfayFcKGZw_JNU98nVnZNpqXdheV_Lyk22k3qt9aOaDzC4uaByWRyqKUDbcrOW0bypaLIMH27OzXS_wDzdAf&_nc_zt=23&_nc_ht=scontent.fsgn5-12.fna&_nc_gid=A6FwwtQl4zQ8YkrGp6tQpA&_nc_ss=7b2a8&oh=00_Af_ri4twEHvXGOIvWwetMNac8UIwjQqQuY1wQQnlbZk2gA&oe=6A43BBB2,
