post_date,content,fanpage_name,reaction,share,comment,fanpage_url,post_url,image_urls,video_url
2026-06-23,"🔥 LINE-UP KHỦNG: CÁC CHIẾN THẦN GENLIVE MÙA 3 XUẤT HIỆN TẠI MARATHON LIVESTREAM  ⏰ Thời gian: 18h30 | Thứ 6 – 26/06/2026  📱 Tại: Facebook và TikTok chính thức Generali Việt Nam  🦁 Không phải 1, không phải 2, mà là trọn vẹn 14 gương mặt CHIẾN THẦN GENLIVE sẽ cùng khuấy đảo siêu sự kiện tháng 6 này của Generali!   Sẵn sàng cho 5 tiếng liên tục:  🌟 CHÁY hết mình với những màn tương tác độc nhất. 🌟 ĐỈNH hết nấc với vũ trụ quà tặng giá trị. 🌟 CHẤT hết cỡ với những bí kíp bảo vệ cực hay.  Marathon Livestream ""Đầu tư thịnh vượng, Gia đình như ý""  sẽ trở nên “nóng” hơn bao giờ hết!  👉 Đặt lịch ngay để không bỏ lỡ siêu sự kiện này  #GeneraliVietnam #BảoHiểmNhânThọÝthànhlập1831 #HERENOW #SốngTrọnVẹnTừngKhoảnhKhắc #MarathonLivestreamMùa3",Generali Vietnam,23,0,1,https://www.facebook.com/GeneraliVietnam,https://www.facebook.com/GeneraliVietnam/posts/pfbid02oR45VeSJzwnXArV1D6L48GupfUU5Sdw7ce3HsVUaLXPLuLgFc1FKYKi5g3VGi6rWl,,
2026-06-23,"Đồng hành cùng UNICEF vì sự phát triển và khả năng thích ứng của trẻ em Việt Nam  🥰 Vừa qua, bà Nguyễn Phương Anh – Tổng Giám đốc Generali Việt Nam cùng đội ngũ Generali đã có buổi gặp gỡ với bà Silvia Danailov – Trưởng Đại diện UNICEF tại Việt Nam và các cộng sự để trao đổi về những cơ hội hợp tác nhằm hỗ trợ trẻ em và gia đình Việt Nam.  ✨ Cuộc gặp là dịp để hai bên cùng nhìn lại những nỗ lực đã triển khai trong thời gian qua, đồng thời thảo luận về các ưu tiên chung như tăng cường khả năng thích ứng và phục hồi của trẻ em trước thiên tai và biến đổi khí hậu, hỗ trợ sức khỏe tâm thần và tâm lý xã hội, cũng như thúc đẩy các giải pháp hỗ trợ cha mẹ và người chăm sóc trong những năm đầu đời của trẻ.  🤝 Thông qua các chương trình hợp tác với UNICEF, Generali Việt Nam đã đóng góp gần 5 tỷ đồng cho các sáng kiến hỗ trợ trẻ em và gia đình, đặc biệt trong các hoạt động tăng cường khả năng phục hồi, hỗ trợ tâm lý xã hội và ứng phó với những tác động ngày càng gia tăng của biến đổi khí hậu.  😍 Bên cạnh đó, UNICEF cũng đang đồng hành cùng The Human Safety Net trong các sáng kiến hỗ trợ cha mẹ và người chăm sóc trẻ. Với cùng niềm tin rằng những năm đầu đời đóng vai trò nền tảng đối với sự phát triển của mỗi đứa trẻ, hai bên đang cùng thúc đẩy các giải pháp hỗ trợ nuôi dạy con, nâng cao nhận thức cộng đồng và tạo dựng môi trường phát triển tích cực cho trẻ em và gia đình.  ❤️ Tại Generali, chúng tôi tin rằng đầu tư cho trẻ em chính là đầu tư cho tương lai. Chúng tôi trân trọng sự đồng hành của UNICEF và The Human Safety Net trong hành trình chung nhằm giúp trẻ em Việt Nam phát triển toàn diện, vững vàng hơn trước những thách thức của tương lai.  #GeneraliVietnam #BảoHiểmNhânThọÝthànhlập1831 #HERENOW #SốngTrọnVẹnTừngKhoảnhKhắc #TheHumanSafetyNet #SocialImpact #THSNinAction #TheHumanSafetyNetVietnam",Generali Vietnam,67,7,0,https://www.facebook.com/GeneraliVietnam,https://www.facebook.com/GeneraliVietnam/posts/pfbid0gKYwzT8nB5ft41Faxnm7N6MBoWDFPBA46hmoMKEcKM2NKkykF8wJwNrBxQVPqy5Tl,,
2026-06-22,"HÀNH TRÌNH BỀN VỮNG CÙNG GENERALI VIỆT NAM Phát triển bền vững – Từ cam kết đến hành động  🌟 Tại Generali Việt Nam, Phát triển Bền vững không chỉ là một định hướng dài hạn, mà là cách chúng tôi chủ động tạo ra giá trị mỗi ngày cho khách hàng, cộng đồng và môi trường. ✨ Trong những năm qua, Generali Việt Nam đã từng bước xây dựng nền tảng phát triển bền vững thông qua các hành động cụ thể: vận hành có trách nhiệm, đầu tư vào đào tạo và nâng cao nhận thức nội bộ, đồng thời triển khai nhiều sáng kiến cộng đồng và môi trường.  Ngoài ra, Generali Việt Nam đồng hành cùng The Human Safety Net (*) tập trung hỗ trợ trẻ em và gia đình có hoàn cảnh dễ bị tổn thương thông qua các chương trình về phát triển trẻ thơ toàn diện, giáo dục làm cha mẹ, học tập thông qua vui chơi và huy động cộng đồng cùng chung tay vì trẻ em.  Bước sang năm 2026, Generali Việt Nam xác định rõ các trọng tâm hành động trong chiến lược phát triển bền vững như sau: 🔹 Giảm thiểu tác động môi trường và nâng cao khả năng thích ứng với biến đổi khí hậu; 🔹 Thúc đẩy lối sống bền vững trong nhân viên, đội ngũ kinh doanh và khách hàng; 🔹 Tích hợp tư duy bền vững vào hoạt động vận hành kinh doanh. 🔹 Tiếp tục mở rộng tác động xã hội thông qua The Human Safety Net, với trọng tâm là hỗ trợ sự phát triển toàn diện của trẻ em và tăng cường năng lực cho gia đình, người chăm sóc và cộng đồng. (*) The Human Safety Net Việt Nam là thành viên của The Human Safety Net toàn cầu – tổ chức phi lợi nhuận được thành lập bởi tập đoàn Generali vào năm 2017, hiện đang hoạt động tại 25 quốc gia. Tại Việt Nam, The Human Safety Net hỗ trợ gia đình có con từ 0 – 6 tuổi sống trong hoàn cảnh dễ bị tổn thương.  Từ định hướng này, Generali Việt Nam đẩy mạnh triển khai các sáng kiến cụ thể nhằm tạo ra tác động rõ ràng và có thể đo lường.  🌱 Một trong những bước đi tiêu biểu trong năm 2026 là mục tiêu đóng góp 3.000 cây tre chống lũ cho miền Trung, góp phần tăng cường khả năng chống chịu thiên tai cho cộng đồng. 😍 Đội ngũ Generali Việt Nam – từ nhân viên đến lực lượng tư vấn tài chính – đóng vai trò trung tâm trong việc đưa tư duy bền vững vào từng hoạt động kinh doanh và từng điểm chạm với khách hàng.  👉 Generali Việt Nam tin rằng những thay đổi tích cực luôn bắt đầu từ những hành động cụ thể và khi được nhân lên, sẽ tạo ra tác động lâu dài cho xã hội. 👉 Hành trình này sẽ tiếp tục được cụ thể hóa qua những sáng kiến thiết thực trong thời gian tới.  #GeneraliVietnam #BảoHiểmNhânThọÝthànhlập1831 #HERENOW #Sustainability #3000TreChongLu #BenVungCungGenerali",Generali Vietnam,99,4,1,https://www.facebook.com/GeneraliVietnam,https://www.facebook.com/GeneraliVietnam/posts/pfbid0UojNhuHqMc7HJ3KLRanJ2Ef79dt1C5FsDdUpP8jB49Mth3KtSHnDdZj7g2DvFpoUl,https://scontent.fsgn5-10.fna.fbcdn.net/v/t39.99422-6/728685484_1521605529458554_3842137309061998470_n.png?stp=dst-jpg_tt6&cstp=mx2048x2048&ctp=s1080x2048&_nc_cat=107&ccb=1-7&_nc_sid=127cfc&_nc_ohc=ha8UgzoFXdAQ7kNvwG_IEfT&_nc_oc=AdrYZzjX2H7BrHkrT5Csr_Mufc2cdZ7mA42sQbHe1LunfdCkfluP6RK-K3mdzCSGKsO1jxdtFXz8vu5yhHeUOJjp&_nc_zt=14&_nc_ht=scontent.fsgn5-10.fna&_nc_gid=Wt5JdUcGjvele9M3wmBiSQ&_nc_ss=7b2a8&oh=00_Af-_JSdrIRjv74xbGEzl0W23Ka_TUbH1v5m6UREcO8phrA&oe=6A41736A,
2026-06-24,,Generali Vietnam,0,0,0,https://www.facebook.com/GeneraliVietnam,https://www.facebook.com/events/1333005444946148/,,
2026-06-22,"BẬT CHẾ ĐỘ HÓNG: ĐẶC QUYỀN “ĐỈNH NÓC KỊCH TRẦN” MARATHON LIVESTREAM  🗓 Hẹn gặp bạn lúc: 18h30 ngày 26.06.2026 📍 Tại: Facebook và Tiktok của Generali Việt Nam  Marathon Livestream “ĐẦU TƯ THỊNH VƯỢNG. GIA ĐÌNH NHƯ Ý” sắp lên sóng với những câu chuyện thú vị, những góc nhìn hữu ích và nhiều phần quà độc quyền từ Generali Việt Nam   ✨ Bật Livestream ngay để khám phá những đặc quyền đáng mong chờ: 💎 AN TÂM ĐẦU TƯ, VỮNG VÀNG BẢO VỆ: Cập nhật xu hướng thị trường, khám phá các giải pháp tài chính thiết thực từ các chuyên gia và đội ngũ Tư vấn Tài chính chuyên nghiệp để chủ động hoạch định tài chính cho bản thân và gia đình. 🛡️ HỘI NGỘ DÀN SAO, KHUẤY ĐẢO KHÔNG KHÍ: Gặp gỡ những gương mặt đình đám cùng trải nghiệm những màn tương tác thú vị 🎁 RINH QUÀ XỊN MỊN: Tham gia minigame và cơ hội sở hữu phần quà độc quyền xinh xắn từ Generali  👉 Đừng bỏ lỡ cơ hội “vàng” để vừa nạp kiến thức, vừa rinh quà xịn ""đỉnh nóc""!  #GeneraliVietnam #BảoHiểmNhânThọÝthànhlập1831 #HERENOW #SốngTrọnVẹnTừngKhoảnhKhắc #MarathonLivestreamMùa3",Generali Vietnam,19,0,0,https://www.facebook.com/GeneraliVietnam,https://www.facebook.com/GeneraliVietnam/posts/pfbid02M8UrydycoJnJCet44Bd1ALW3Ywe7KZwFPvK9NRvzokYLMEHVEMuMuRLgG4GQiKsRl,,
2026-06-21,"🌹 Chúc mừng Ngày của Cha  🥰 Mỗi hành trình làm Cha đều có một câu chuyện riêng. Từ khoảnh khắc có con, Cha bắt đầu một hành trình đặc biệt - hành trình của yêu thương, trách nhiệm và luôn mong những điều tốt đẹp nhất dành cho gia đình.  😍 Dù là những khoảnh khắc giản dị trong cuộc sống đến những dấu mốc quan trọng, Cha luôn là người tiếp thêm động lực để con tự tin lớn lên và theo đuổi những ước mơ của riêng mình.  🏡 Nhân Ngày của Cha, Generali Việt Nam gửi lời tri ân đến những ai đang làm Cha một ngày như ý, luôn mạnh khỏe, bình an và sống trọn vẹn từng khoảnh khắc bên những người thân yêu.  #GeneraliVietnam #BảoHiểmNhânThọÝthànhlập1831 #HERENOW #SốngTrọnVẹnTừngKhoảnhKhắc",Generali Vietnam,23,1,0,https://www.facebook.com/GeneraliVietnam,https://www.facebook.com/GeneraliVietnam/posts/pfbid02LZVuwCQabGJxtWCCLWVS3Tef3P9jWRHvzaUeGFZNm3zE7EDr3vVQX9Gs7ScwYRDSl,https://scontent.fsgn5-13.fna.fbcdn.net/v/t39.99422-6/728893835_1719467702520732_2511629647342591222_n.png?stp=dst-jpg_tt6&cstp=mx1200x1200&ctp=s1080x2048&_nc_cat=106&ccb=1-7&_nc_sid=127cfc&_nc_ohc=AVzSjNx_6cMQ7kNvwGyTsB4&_nc_oc=AdpR1_mjbw5onuCMIC1vvbIqUzYfj1HxTQuKHW8TStNjm89o15qd1_ZwiQIIHIpFIM1CcvP0NGMcoNSCOpWdVs33&_nc_zt=14&_nc_ht=scontent.fsgn5-13.fna&_nc_gid=Wk_Bq5X30TPA_xnoeqB5VA&_nc_ss=7b2a8&oh=00_Af_w2PI1nEraUMwrfMaYc0B2MDxqq4UGt7NNTKhNfOLjcQ&oe=6A41648C,
2026-06-20,"🚗 Chuyến xe “Hành trình kết nối trăm điểm tin cậy” tiếp tục ghé thăm văn phòng GenCasa Vĩnh Long và gặp gỡ chị Huỳnh Thị Bảy – khách hàng đã tin tưởng đồng hành cùng Generali với 8 hợp đồng bảo hiểm.  💛 Chị Bảy chia sẻ rằng bảo hiểm giúp chị thêm an tâm trước những rủi ro sức khỏe và chủ động hơn khi không may gặp biến cố. Chính những trải nghiệm thực tế đã giúp chị cảm nhận rõ hơn giá trị của việc chủ động bảo vệ từ sớm. Trên hành trình ấy, chị Tư vấn viên Thủy Tiên luôn là người đồng hành tận tâm, từ những ngày đầu tư vấn đến những lúc chị cần hỗ trợ giải quyết quyền lợi bảo hiểm, mang đến cho chị sự an tâm và tin tưởng trong suốt quá trình tham gia.  🌿 Có những niềm tin được xây dựng từ sự đồng hành và những trải nghiệm thực tế. Đó cũng chính là giá trị của sự bảo vệ và an tâm dài lâu mà Generali luôn mong muốn mang đến cho khách hàng.  🎥 Mời bạn cùng lắng nghe câu chuyện của chị Bảy trong video dưới đây nhé! 💛  #GeneraliVietnam #BảoHiểmNhânThọÝthànhlập1831 #HERENOW #SốngTrọnVẹnTừngKhoảnhKhắc #15namGeneraliVietNam #Hànhtrìnhkếtnốitrămđiểmtincậy",Generali Vietnam,18,4,1,https://www.facebook.com/GeneraliVietnam,https://www.facebook.com/GeneraliVietnam/posts/pfbid0hbGXPFaepgqfb5auPj6t1tgu3m2Q6ue6JjeFYpQ5XQ9vZwyJ8Ywrtj71wwx3Wnril,,
2026-06-19,"Một cuộc hẹn đặc biệt sắp diễn ra với dàn khách mời đình đám, hứa hẹn mang đến nhiều bất ngờ và khoảnh khắc đáng mong chờ ✨  📌 Thời gian: 18h30 | 26.06.2026 📍 Trực tiếp trên Facebook & TikTok chính thức Generali Việt Nam  ✨ Marathon Livestream “ĐẦU TƯ THỊNH VƯỢNG. GIA ĐÌNH NHƯ Ý” sẽ biến những chủ đề tài chính bảo hiểm vốn khô khan trở nên gần gũi, dễ hiểu và cực cuốn với sự góp mặt của các khách mời đặc biệt:  ⚡️ HỎI ĐI CHỜ CHI - GIẢI NGAY TỨC THÌ Nơi mọi thắc mắc ""kinh điển"" của khách hàng về sản phẩm VITA - Đầu Tư Thịnh Vượng sẽ được bật mí và giải đáp trực tiếp, thấu đáo từ đội ngũ Tư vấn viên của Generali 🌟 Dàn khách mời duyên dáng: ✨ Diễn viên Bé Bảy ✨ Diễn viên Tâm An ✨ Diễn viên Ngọc Tâm  ⚡️ ĐẤU TRƯỜNG ỨNG XỬ Đón xem những màn đối đáp thú vị từ các khách mời và cùng Generali gỡ rối những thắc mắc quen thuộc một cách gần gũi, dễ hiểu. 🌟 Dàn chiến thần ứng xử: ✨ Diễn viên Bé Bảy ✨ Diễn viên Tuấn Kiệt ✨ Diễn viên Hải Triều  🥰 Mỗi khách mời sẽ mang đến một góc nhìn riêng, những góc nhìn thú vị và màn tương tác đầy bất ngờ, giúp những chủ đề tưởng như “khó nhằn” trở nên gần gũi và dễ tiếp cận hơn.  👇 Bạn đang mong chờ màn xuất hiện của ai nhất? Comment ngay bên dưới và cùng đếm ngược đến Marathon Livestream cùng Generali Việt Nam nhé!  #GeneraliVietnam #BảoHiểmNhânThọÝthànhlập1831 #HERENOW #SốngTrọnVẹnTừngKhoảnhKhắc #MarathonLivestreamMùa3",Generali Vietnam,41,3,9,https://www.facebook.com/GeneraliVietnam,https://www.facebook.com/GeneraliVietnam/posts/pfbid02UNcUdJScEnnQUyBoE7zEiUd5VkwMYcTv9T4hNvmmf9FDE4ZDgvPxy2xjWqptPUEql,,
2026-06-18,"💡 CHUYÊN GIA HỘI TỤ, MỞ LỐI TƯƠNG LAI  🤔 Bạn muốn gia tăng tài sản một cách bền vững và chủ động hoạch định tương lai tài chính cho bản thân và gia đình?  Đừng bỏ lỡ cơ hội lắng nghe những chia sẻ và phân tích chuyên sâu từ các chuyên gia đến từ hai đơn vị quản lý quỹ hàng đầu: Quỹ VinaCapital và Quỹ KIM Việt Nam Fund Management tại Marathon Livestream ĐẦU TƯ THỊNH VƯỢNG, GIA ĐÌNH NHƯ Ý:  ✨ Những góc nhìn thực tiễn về thị trường từ các chuyên gia giàu kinh nghiệm. ✨ Khám phá cách xây dựng kế hoạch tài chính phù hợp với từng mục tiêu cuộc sống. ✨ Tìm hiểu những nguyên tắc đầu tư dài hạn hướng đến sự thịnh vượng và bền vững.  📍 Hẹn gặp bạn lúc 18h30 ngày 26.06.2026 trên Facebook & TikTok Generali Việt Nam.  💛 Ở đây, lúc này cùng Generali chuẩn bị từ hôm nay để vững vàng hơn cho ngày mai.  #GeneraliVietnam #BảoHiểmNhânThọÝthànhlập1831 #HERENOW #SốngTrọnVẹnTừngKhoảnhKhắc #MarathonLivestreamMùa3",Generali Vietnam,58,1,0,https://www.facebook.com/GeneraliVietnam,https://www.facebook.com/GeneraliVietnam/posts/pfbid02zHXMrtALKMtwtERucafkKgnwAJ4SHUCHW5J51warftGK6YSDtjFfag1gU5hQ1BW7l,,
2026-06-18,"🎉 GENERALI VIỆT NAM GIỮ VỮNG VỊ THẾ TOP 10 CÔNG TY BẢO HIỂM NHÂN THỌ UY TÍN 2026  Generali Việt Nam tự hào tiếp tục được vinh danh trong bảng xếp hạng Top 10 Công ty bảo hiểm nhân thọ uy tín 2026 do Vietnam Report công bố, khẳng định vị thế vững vàng trong nhóm doanh nghiệp dẫn đầu thị trường bảo hiểm nhân thọ Việt Nam. Kết quả này là sự ghi nhận cho những nỗ lực bền bỉ của Generali Việt Nam trong việc xây dựng nền tảng tài chính vững mạnh, nâng cao uy tín thương hiệu và không ngừng đổi mới để mang đến những giải pháp bảo vệ ngày càng đơn giản, linh hoạt và phù hợp hơn với nhu cầu của khách hàng.  🏆 Danh hiệu Top 10 Công ty bảo hiểm nhân thọ uy tín 2026 tiếp tục là động lực để Generali Việt Nam kiên định theo đuổi sứ mệnh “Người bạn trọn đời”, đồng hành và bảo vệ trọn vẹn từng khoảnh khắc của hàng triệu gia đình Việt Nam.  👉 Nguồn: https://vietnamreport.net/Top-10-Cong-ty-Bao-hiem-uy-tin-nam-2026-12500-1006.html  #GeneraliVietnam #BảoHiểmNhânThọÝthànhlập1831 #HERENOW #SốngTrọnVẹnTừngKhoảnhKhắc",Generali Vietnam,62,21,1,https://www.facebook.com/GeneraliVietnam,https://www.facebook.com/GeneraliVietnam/posts/pfbid0Ug61Lx6iD5Rxzm6hsmXAi1wBoMGgigJcbZACW25uUt2KCtHHcxeMn6F3jbC5Ut3Hl,https://scontent.fsgn5-10.fna.fbcdn.net/v/t39.99422-6/726412077_2179379982909314_2873405116914227534_n.png?stp=dst-jpg_tt6&cstp=mx1254x1254&ctp=s1080x2048&_nc_cat=107&ccb=1-7&_nc_sid=127cfc&_nc_ohc=RMT9mBfQFLUQ7kNvwEdtixZ&_nc_oc=AdoiOt2GhZtsnDVJxtfakV4lTQG37edSxxJAZk8luqyQsSb7vaPO7m6ixsQlNDMfaSiYs8Kenb3PdSWZl6N3yu_x&_nc_zt=14&_nc_ht=scontent.fsgn5-10.fna&_nc_gid=97JvF1evzjyBvSUqmBetBw&_nc_ss=7b2a8&oh=00_Af_Hhyuc8H25R2Hhm21wScPiLiyiwYfw-nARrrcYZocA7A&oe=6A415635,
2026-06-18,"🚗 Chuyến xe “Hành trình kết nối trăm điểm tin cậy” vừa ghé thăm tại văn phòng GenCasa Bình Thạnh 2 và lắng nghe những chia sẻ đầy chân thành từ chị Khách hàng Lê Thị Nguyệt.   ✨ Từng chưa quá quan tâm đến bảo hiểm, nhưng sau khi chứng kiến người thân gặp biến cố sức khỏe được bảo vệ chu toàn cùng sự tư vấn tận tâm, minh bạch từ chị  Tư vấn viên Thúy Mùi, chị đã gạt bỏ mọi e dè để chủ động lựa chọn giải pháp bảo vệ toàn diện cho bản thân và gia đình.  🥰 Giờ đây với chị Nguyệt, bảo hiểm chính là chiếc lá chắn vô hình giúp cả nhà luôn an tâm vui sống trên mọi hành trình. Chị Nguyệt gửi gắm :“Hãy dành thời gian tìm hiểu bảo hiểm nhiều hơn, vì đó là cách tốt nhất để bảo vệ bản thân và những người mình yêu thương từ sớm.”  🎥 Cùng Generali lắng nghe câu chuyện đầy cảm hứng của chị Nguyệt trong video dưới đây nhé!  #GeneraliVietnam #BảoHiểmNhânThọÝthànhlập1831 #HERENOW #SốngTrọnVẹnTừngKhoảnhKhắc #15namGeneraliVietNam #Hànhtrìnhkếtnốitrămđiểmtincậy",Generali Vietnam,13,3,0,https://www.facebook.com/GeneraliVietnam,https://www.facebook.com/GeneraliVietnam/posts/pfbid0iykpWcpZ2mHrer9WEL6Q2m77PKUx9vbDhwjx5KFzCxdbC3iMgaUFvg2MjrTpPYCvl,,
2026-06-17,"CÙNG ANH ĐÔNG ƯƠM GIẤC MƠ NGÀY MAI  📦 Khi một ngày làm việc khép lại, cũng là lúc hành trình khởi nghiệp của anh Đông bắt đầu. Từ góc nhỏ tại nhà, những đơn hàng được chuẩn bị tỉ mỉ chỉn chu không đơn thuần là công việc, mà là tất cả tâm huyết anh dành cho “đứa con tinh thần” của mình. Dù có bận rộn hơn một chút nhưng anh vẫn vững tin bước tiếp, bởi phía sau luôn có một điểm tựa đủ an tâm để đồng hành.   🎉 Đón mừng cột mốc 15 năm hành trình bảo vệ từng khoảnh khắc, Generali tự hào chia sẻ câu chuyện đầy cảm hứng của anh Đông, mà chúng tôi có cơ hội đồng hành. 🥰 Hãy cứ sống hết mình với đam mê, bởi Generali luôn là điểm tựa cho mỗi lựa chọn của bạn thêm vững vàng.  ❤️ Cảm ơn anh Đông đã tin chọn Generali suốt 9 năm qua, để chúng tôi được sát cánh bảo vệ từng khởi đầu nhỏ hôm nay, nuôi ước mơ lớn ngày mai.  #GeneraliVietnam #BảoHiểmNhânThọÝthànhlập1831 #HERENOW #SốngTrọnVẹnTừngKhoảnhKhắc #15namGeneraliVietNam",Generali Vietnam,35,0,0,https://www.facebook.com/GeneraliVietnam,https://www.facebook.com/GeneraliVietnam/posts/pfbid02ch6tRTDow6XpwRMKHrLm4u6ZYtrfVqAfrqR88PT3rddaqSwXVSWJAHSVM7x3jq21l,,
2026-06-16,"MARATHON LIVESTREAM ĐẦU TƯ THỊNH VƯỢNG, GIA ĐÌNH NHƯ Ý CHÍNH THỨC TÁI XUẤT CHIẾM TRỌN SPOTLIGHT THÁNG 6! ❤️ Thời gian: 18h30 ngày 26.06.2026  ❤️ Đón xem tại: Facebook và Tiktok Generali Việt Nam  Sân khấu được mong chờ nhất tháng 6 chính thức sáng đèn, đánh dấu màn trở lại đầy bùng nổ của Marathon Livestream ĐẦU TƯ THỊNH VƯỢNG, GIA ĐÌNH NHƯ Ý!   Trong chương trình lần này, Generali sẽ cùng bạn khám phá: 🌐 Góc nhìn từ Chuyên gia: Cập nhật những xu hướng mới, chia sẻ kiến thức thực tiễn về tài chính và giải pháp đầu tư tài chính phù hợp cho từng giai đoạn cuộc sống. 💡 Đồng hành cùng Tư vấn viên: Giải đáp những băn khoăn về kế hoạch bảo vệ và tích lũy, giúp bạn tìm ra lựa chọn phù hợp cho từng mục tiêu gia đình. ✨ Giao lưu cùng dàn Khách mời ""hot hit"": Lắng nghe những câu chuyện truyền cảm hứng về hành trình xây dựng cuộc sống vững vàng, chủ động kiến tạo tương lai như ý.  🎁 Đại tiệc quà tặng độc quyền dành riêng cho khán giả theo dõi livestream.  👇 Đặt lịch ngay hôm nay để đón xem Marathon Livestream ĐẦU TƯ THỊNH VƯỢNG, GIA ĐÌNH NHƯ Ý!  #GeneraliVietnam #BảoHiểmNhânThọÝthànhlập1831 #HERENOW #SốngTrọnVẹnTừngKhoảnhKhắc #MarathonLivestreamMùa3",Generali Vietnam,44,1,0,https://www.facebook.com/GeneraliVietnam,https://www.facebook.com/GeneraliVietnam/posts/pfbid02PCW7F8nqEirT62ERmN6VcWnLybAxDxp8UwpLMBJ8XJRyk8v658zWijxQQrTjFgAtl,https://scontent.fsgn5-11.fna.fbcdn.net/v/t39.99422-6/720236372_1290684556151619_7512627265307595910_n.png?stp=dst-jpg_tt6&cstp=mx2048x1152&ctp=s2048x1152&_nc_cat=110&ccb=1-7&_nc_sid=127cfc&_nc_ohc=9yqr7fJMy-8Q7kNvwGz16ZO&_nc_oc=Adq1cXn6iRAKbhBFZGKgXsBn1ylRV2Bs03heAWbvGoe5FrMX0MUcz_-D6or-9EBErvjyx1aX7b1W2rHE1wCzw168&_nc_zt=14&_nc_ht=scontent.fsgn5-11.fna&_nc_gid=Z9fOFnegapk3TdppRMRsng&_nc_ss=7b2a8&oh=00_Af9ceh2OtPrcuAIn2wAKIAgmjB_C1Ur52NM55eNBeQS_Tg&oe=6A417CCE,
2026-06-16,"🌈 Dù mỗi hành trình yêu thương bắt đầu từ những câu chuyện khác nhau, tất cả đều xứng đáng được an tâm bước vào tương lai với sự bảo vệ và chở che.   💖 Ở đây, ngay lúc này, Generali đồng hành bảo vệ từng khoảnh khắc, mọi tình yêu để bạn luôn được sống trọn vẹn, rạng rỡ tự hào và tỏa sáng theo cách của riêng mình.  #GeneraliVietnam #BảoHiểmNhânThọÝthànhlập1831 #HERENOW #SốngTrọnVẹnTừngKhoảnhKhắc",Generali Vietnam,115,4,0,https://www.facebook.com/GeneraliVietnam,https://www.facebook.com/GeneraliVietnam/posts/pfbid0wkRFFsnyPqRuGZMbfjDszG8DeekZ4mmagxzYepYabfHDRt323dBVeGNH6z5HTowql,https://scontent.fsgn5-21.fna.fbcdn.net/v/t39.99422-6/724540448_2090022795255549_1535098950556771351_n.png?stp=dst-jpg_tt6&cstp=mx1200x1200&ctp=s1080x2048&_nc_cat=109&ccb=1-7&_nc_sid=127cfc&_nc_ohc=EaEtczvu2VEQ7kNvwH2ZAJh&_nc_oc=AdqWif9d4OarNo4WsMo5hnChoM8Wqg0UWMavLcAngNGvk9IGejrAD06o7w7z2OJt0ScJdnsQ41xuc9ZgrDxYbWPX&_nc_zt=14&_nc_ht=scontent.fsgn5-21.fna&_nc_gid=EIqC7y-JYI06KFTwWm2KPg&_nc_ss=7b2a8&oh=00_Af95VpNKko_UD1olZIAKzSBhjwCeNqVW6_e2euH_raEE4A&oe=6A41555D,
2026-06-15,"🔥 Một chương trình từng “gây sốt” nay chính thức trở lại với diện mạo hoàn toàn mới!  ✨ Những khách mời đặc biệt đang dần lộ diện, hứa hẹn mang đến những màn tương tác thú vị, những câu chuyện bất ngờ và vô vàn khoảnh khắc đáng nhớ. ⚡ Dàn ""chiến thần"" đã vào vị trí, sẵn sàng “lên sóng”, cùng chia sẻ những góc nhìn thực tế và giải đáp mọi thắc mắc theo cách gần gũi, dễ hiểu nhất. 🎁 Và những phần quà đặc biệt cũng đang chờ đón bạn xuyên suốt chương trình.  💥 Cùng Generali Việt Nam đón chờ sự kiện đặc biệt sắp lên sóng! #GeneraliVietnam #BảoHiểmNhânThọÝthànhlập1831 #HERENOW #SốngTrọnVẹnTừngKhoảnhKhắc #MarathonLivestreamMùa3",Generali Vietnam,44,1,2,https://www.facebook.com/GeneraliVietnam,https://www.facebook.com/GeneraliVietnam/posts/pfbid02qMedAbZx9ZxWxgvHmG9nzVrZ1qvMWGg5hY9JDGUjJfHnMGQpGGtBqPmqyU3Q3mbml,https://scontent.fsgn5-5.fna.fbcdn.net/v/t39.99422-6/724714922_1704494470573235_236730201961994005_n.png?stp=dst-jpg_tt6&cstp=mx1500x1500&ctp=s1080x2048&_nc_cat=100&ccb=1-7&_nc_sid=127cfc&_nc_ohc=iVVgvtkWrYwQ7kNvwF36xcF&_nc_oc=AdqpnucgNNWA4QrlknFlyBCv46fCxjas86dbsS6CHIPAnj2jVt17XaGHo294yIDo2jSOOu2LTmsr1Ut7kjqWN7pX&_nc_zt=14&_nc_ht=scontent.fsgn5-5.fna&_nc_gid=EIqC7y-JYI06KFTwWm2KPg&_nc_ss=7b2a8&oh=00_Af-Rn1QCUfCbbU6M71UGpirxDM4KZpstQvlga6pK23cQcg&oe=6A417B64,
2026-06-15,"Chương trình tri ân khách hàng “Vòng quay mê ly – Nhận quà như ý” – Mùa 3 vẫn đang diễn ra trên toàn quốc đến hết ngày 31/12/2026.  🥰 Không chỉ mang đến những phần quà hấp dẫn, đây còn là cách Generali tri ân và sẻ chia niềm vui với khách hàng trên hành trình bảo vệ những điều quan trọng nhất trong cuộc sống. ✨ Khi đóng phí bảo hiểm định kỳ hoặc phí cho hợp đồng mới từ 5 triệu đồng trở lên, Quý khách sẽ nhận Mã số dự thưởng để tham gia quay số may mắn với cơ hội nhận nhiều giải thưởng giá trị như: ⚡ Voucher mua hợp đồng bảo hiểm với tổng giá trị giải thưởng hơn 800 triệu đồng ⚡ Voucher đóng phí bảo hiểm cho hợp đồng đang hiệu lực với tổng giá trị giải thưởng hơn 700 triệu đồng ⚡ Giải thưởng bằng tiền với tổng giá trị lên đến 600 triệu đồng ⚡ Voucher du lịch hấp dẫn trị giá 86 triệu đồng ⚡ iPhone 17 Pro Max 256GB thời thượng  😍 Đừng bỏ lỡ cơ hội trở thành một trong những khách hàng may mắn nhận quà tặng từ Generali! 👉 Xem thể lệ chương trình tại: https://generali.vn/su-kien/thong-bao-chuong-trinh-tri-an-khach-hang-nam-2026-vong-quay-me-ly-nhan-qua-nhu-y-mua-3  (*) Chương trình áp dụng điều kiện, điều khoản. (**) Chương trình đã thực hiện đăng ký với Bộ Công Thương ngày 30.03.2026. #GeneraliVietnam #BảoHiểmNhânThọÝThànhLập1831 #HERENOW #TrọnVẹnTừngKhoảnhKhắc #VòngQuayMêLy #NhậnQuàNhưÝ",Generali Vietnam,119,9,2,https://www.facebook.com/GeneraliVietnam,https://www.facebook.com/GeneraliVietnam/posts/pfbid032B4YpAAHUH4AWrDrhsNrkTBAkNprekTTPit8Ni7j2pqC48JyDUZUGHbUEbvUVU6zl,https://scontent.fsgn5-5.fna.fbcdn.net/v/t39.99422-6/724540449_1488156965774438_5139513922277441157_n.png?stp=dst-jpg_tt6&cstp=mx2048x2048&ctp=s1080x2048&_nc_cat=100&ccb=1-7&_nc_sid=127cfc&_nc_ohc=V76Kg-R4fA8Q7kNvwHdJZED&_nc_oc=AdrQ-zbbdeTAv-79YjHFN1hXvipaw9W7kxcIp3M9Mh5LDpcEGu5tSvgMQb0MsxGsqbRjkj-u3n_1kInKsBqlmKr3&_nc_zt=14&_nc_ht=scontent.fsgn5-5.fna&_nc_gid=EIqC7y-JYI06KFTwWm2KPg&_nc_ss=7b2a8&oh=00_Af_sW681tBbsbtbYUjv9gwF1O-PZ0EOoteUfHmd_M9qQxA&oe=6A417FBD,
2026-06-12,"🚗 Chuyến xe “Hành trình kết nối trăm điểm tin cậy” tiếp tục hành trình đến thăm văn phòng GenCasa Tân Phú và gặp gỡ chị Lan Phương – ""Người Bạn Trọn Đời"" đã đồng hành cùng Generali từ năm 2016 với 9 hợp đồng bảo hiểm.  🥰 Từng tìm hiểu và tham gia bảo hiểm tại nhiều công ty khác nhau, chị Lan Phương tin rằng giá trị lớn nhất của bảo hiểm vẫn là bảo vệ khách hàng trước những điều không thể lường trước. Chính vì vậy, chị luôn dành thời gian tìm hiểu kỹ sản phẩm và lựa chọn người tư vấn phù hợp trước khi đưa ra quyết định. Trên hành trình gần một thập kỷ gắn bó ấy, anh Vũ Thành là người tư vấn viên, là người đồng hành đáng tin cậy với sự tận tâm và chuyên nghiệp, luôn nhiệt tình sẵn sàng hỗ trợ mỗi khi gia đình chị cần nhất.  🌿 Có những niềm tin được xây dựng theo thời gian, từ những lần đồng hành, sẻ chia và có mặt đúng lúc khi khách hàng cần. Đó chính là giá trị bền vững của sự bảo vệ và sự an tâm dài lâu mà Generali luôn theo đuổi.  🎥 Mời bạn cùng lắng nghe câu chuyện của chị Lan Phương trong video dưới đây nhé!   #GeneraliVietnam #BảoHiểmNhânThọÝthànhlập1831 #HERENOW #SốngTrọnVẹnTừngKhoảnhKhắc #15namGeneraliVietNam #Hànhtrìnhkếtnốitrămđiểmtincậy",Generali Vietnam,17,0,1,https://www.facebook.com/GeneraliVietnam,https://www.facebook.com/GeneraliVietnam/posts/pfbid02ysc9bGEbAZKa5tAUc5X36q3CoQ6pfHRVWjqYnJCFTuZnS66HnyLxag5JV4AbEqngl,,
2026-06-12,"KHI ĐAM MÊ CÓ ĐIỂM TỰA, SAM DƯƠNG “CÂN” TRỌN MỌI VAI   👩🏼‍💼 Là một Gen Z “đa zi năng”, suốt 3 năm qua Sam Dương đã bền bỉ “cân” trọn nhiều vai: từ diễn viên, người mẫu đến Tư vấn tài chính tại Generali. Chính việc chủ động chuẩn bị cho bản thân và gia đình một điểm tựa vững chắc đã giúp cô nàng tự tin dấn thân sống trọn đam mê. Với Dương, bảo hiểm không chỉ là nghề, mà là sứ mệnh trao đi sự an tâm và đồng hành dài lâu cùng mỗi khách hàng.  🎉 Đón mừng cột mốc 15 năm hành trình bảo vệ từng khoảnh khắc, Generali tự hào sát cánh cùng Sam Dương trên hành trình lan tỏa an tâm đến cộng đồng. 🥰 Chúng tôi tin rằng, khi mỗi cá nhân có một điểm tựa phía sau, họ sẽ tự tin sống hết mình với đam mê để mọi lựa chọn đều vẹn tròn như ý.  ❤️ Cảm ơn Sam Dương đã tin chọn Generali để thỏa sức dấn thân, cùng chúng tôi bảo vệ vẹn tròn từng khoảnh khắc của triệu gia đình!  #GeneraliVietnam #BảoHiểmNhânThọÝthànhlập1831 #HERENOW #SốngTrọnVẹnTừngKhoảnhKhắc #15namGeneraliVietNam",Generali Vietnam,57,1,0,https://www.facebook.com/GeneraliVietnam,https://www.facebook.com/GeneraliVietnam/posts/pfbid03ZSc4XodmsMSZ3QWq8Q2vJSRQK4N5UeUdSTf4zhXYBHEhAi2BEgTwjnF5kjFzMWvl,,
2026-06-11,"ĐIỂM TỰA MỖI KHI BẠN CẦN THÊM VỮNG LÒNG TRƯỚC MỌI ĐIỀU KHÔNG NHƯ Ý  🛡️ Có những mối quan hệ bắt đầu từ một cuộc gọi tư vấn. Nhưng theo thời gian, lại trở thành sự hiện diện đầy an tâm trong những giai đoạn khó khăn nhất của cuộc đời.  ✨ Với Generali, sự đồng hành không chỉ dừng lại ở một hợp đồng bảo hiểm, mà còn được vun đắp bằng sự tận tâm và trách nhiệm của những Tư vấn viên Tài chính luôn sẵn sàng có mặt khi khách hàng cần.  💖 Đó cũng là câu chuyện của chị Mỹ Hạnh và cô giáo Thu Hiền trong hành trình vượt qua biến cố K tuyến giáp. Không chỉ hỗ trợ tận tình trong quá trình hoàn tất hồ sơ quyền lợi bảo hiểm, chị Mỹ Hạnh còn luôn ở bên động viên chia sẻ và làm điểm tựa tinh thần trong suốt quá trình điều trị. Nhờ khoản chi trả kịp thời từ Generali cùng sự đồng hành tận tâm ấy, cô Hiền có thể an tâm điều trị, giảm bớt áp lực tài chính và tập trung cho hành trình hồi phục sức khỏe.  🌿 Đôi khi, điều khách hàng cần không chỉ là một giải pháp bảo vệ, mà còn là cảm giác an tâm khi biết mình luôn có một điểm tựa vững vàng để đồng hành mỗi khi cuộc sống bất ngờ đổi hướng.  👉 Ở đây, lúc này Generali và đội ngũ Tư vấn viên Tài chính luôn sẵn sàng đồng hành cùng bạn và gia đình trên hành trình hướng đến một tương lai an tâm và như ý. #GeneraliVietnam #BảoHiểmNhânThọÝthànhlập1831 #HERENOW  #BướctiếpHànhtrìnhnhưý #SốngTrọnVẹnTừngKhoảnhKhắc",Generali Vietnam,57,0,0,https://www.facebook.com/GeneraliVietnam,https://www.facebook.com/GeneraliVietnam/posts/pfbid02hsRva2P8nrn9AsRYdyiFGSo2Wqs86ftkocm5PsoeH7TGX5neK6PzaJWSf2guVjqZl,https://scontent.fsgn5-5.fna.fbcdn.net/v/t39.99422-6/721842527_1023632723685597_2704096881732383227_n.png?stp=dst-jpg_tt6&cstp=mx1200x1500&ctp=s1080x2048&_nc_cat=100&ccb=1-7&_nc_sid=127cfc&_nc_ohc=wQdNGSv830sQ7kNvwEBwBcY&_nc_oc=AdqAEpzNwZJ2tzH3I0K-1sRpN74GGphvRbJbhJRbUxljm2g-oHCd1BaDWHzrPIIoYH12TXoqMmw4T_pzesYpwxAW&_nc_zt=14&_nc_ht=scontent.fsgn5-5.fna&_nc_gid=s5DxWCummmXthkMOeBr2cw&_nc_ss=7b2a8&oh=00_Af_2F77vB2YiMZfa8Vb4-wSVGjswC1ObWmOFniuUNnWV3w&oe=6A416531,
2026-06-09,"🚗 Chuyến xe “Hành trình kết nối trăm điểm tin cậy” tiếp tục hành trình và ghé thăm tại văn phòng AO Bà Rịa A1, Generali có dịp lắng nghe lời tâm sự của chị Bạch – khách hàng thân thiết đã đồng hành suốt 9 năm qua.   🥰 Với chị Bạch sở hữu 3 hợp đồng bảo hiểm không đơn thuần là sự chuẩn bị cho bản thân, mà là cách chị chăm lo chuẩn bị cho những người thân yêu từ sớm. Điểm tựa vững chắc giúp chị luôn an tâm trên hành trình ấy chính là chị Hiền – người tư vấn viên chuyên nghiệp, chăm sóc chu đáo và tận tâm.    🎥 Mời bạn cùng lắng nghe câu chuyện của chị Bạch trong video dưới đây nhé!   #GeneraliVietnam #BảoHiểmNhânThọÝthànhlập1831 #HERENOW #SốngTrọnVẹnTừngKhoảnhKhắc #15namGeneraliVietNam #Hànhtrìnhkếtnốitrămđiểmtincậy",Generali Vietnam,20,4,0,https://www.facebook.com/GeneraliVietnam,https://www.facebook.com/GeneraliVietnam/posts/pfbid0vm5oHUZJ11vibyH6EogmZzPdb53vvEiMfRVNrg6Vch2xL1SkRtUU3sYgGVbfmKMdl,,
2026-06-09,"🌈 Mỗi hành trình yêu thương đều mang một màu sắc riêng. Dù bắt đầu từ đâu, mang hình dáng hay màu sắc nào, phía sau mỗi cánh cửa vẫn là những người ta yêu thương, cùng nhau vun đắp những ước mơ và xây dựng một tương lai như ý.  🏳️‍🌈 Generali tin rằng mọi lựa chọn yêu thương đều xứng đáng được trân trọng và bảo vệ.  💖 Generali luôn ở đây, lúc này - bảo vệ trọn vẹn mọi sắc màu yêu thương.  #GeneraliVietnam #BảoHiểmNhânThọÝthànhlập1831 #HERENOW #SốngTrọnVẹnTừngKhoảnhKhắc",Generali Vietnam,66,2,3,https://www.facebook.com/GeneraliVietnam,https://www.facebook.com/GeneraliVietnam/posts/pfbid0wWYq5NahLGLVaMhAApqWAzSJs5xJUiiYEGBCKLQEvV1Hdy4utefErsw2khjDmKBwl,,
2026-06-08,"🌟 BẢN TIN BƯỚC TIPS #01 HỒI PHỤC K TUYẾN GIÁP – BẮT ĐẦU TỪ NHỮNG THÓI QUEN NHỎ MỖI NGÀY  🤔 Sau một biến cố sức khỏe, điều gì giúp chúng ta giữ vững niềm tin và từng bước trở lại với cuộc sống thường ngày?  Trong số Bước Tips #1, mời bạn gặp gỡ chị Ngô Thị Thu Hiền – người đã kiên cường vượt qua hành trình điều trị K tuyến giáp.  💖 Với chị Hiền, hành trình hồi phục không bắt đầu từ những thay đổi lớn lao, mà từ việc duy trì những thói quen tốt mỗi ngày, giữ tinh thần lạc quan và cho bản thân thời gian để chữa lành. 🛡 Đặc biệt, nhờ sự chuẩn bị từ sớm với giải pháp bảo vệ toàn diện của Generali, chị có thêm điểm tựa tài chính để an tâm tập trung cho việc điều trị và phục hồi sức khỏe, thay vì phải lo lắng trước những áp lực phát sinh ngoài dự kiến.  ✨ Hy vọng câu chuyện của chị sẽ truyền thêm động lực để bạn chủ động chăm sóc bản thân từ hôm nay và vững vàng hơn trên hành trình sống trọn vẹn từng khoảnh khắc.  #GeneraliVietnam #BảoHiểmNhânThọÝthànhlập1831 #HERENOW  #BướctiếpHànhtrìnhnhưý #SốngTrọnVẹnTừngKhoảnhKhắc",Generali Vietnam,51,4,4,https://www.facebook.com/GeneraliVietnam,https://www.facebook.com/GeneraliVietnam/posts/pfbid02KWT6wuWZdobRkrnPfjHS16JqpBTo4bh4uksatGoxwofr8nknaKfqzL9h11RFv4j8l,,
2026-06-06,"🚗 Đồng hành cùng chuyến xe “Hành trình kết nối trăm điểm tin cậy” đến văn phòng GenCasa Biên Hòa 2, Generali có dịp gặp gỡ và lắng nghe câu chuyện đầy cảm hứng từ chị Nguyệt - một khách hàng lựa chọn bảo vệ bản thân từ chính trải nghiệm thực tế.  ✨ Từng trải qua thời gian điều trị bệnh và phải tự chi trả khoản viện phí không nhỏ, chị thấu hiểu sâu sắc rằng biến cố sức khỏe luôn đến bất ngờ, cùng những áp lực tài chính.  Cơ duyên bắt đầu khi chị biết đến bảo hiểm thông qua kênh ngân hàng. Để rồi sau đó, nhờ được chị Thúy - tư vấn viên tận tình tư vấn và sự chăm sóc chu đáo, chị Nguyệt đã quyết định sở hữu hợp đồng bảo hiểm đầu tiên vào năm 2022. Suốt từ đó đến nay, đây không chỉ là tấm lá chắn cho sức khỏe, mà còn là kế hoạch tích lũy vững chắc   😍 Sự an tâm không tự nhiên mà có đó là sự bắt đầu từ việc chủ động dự phòng từ sớm. Mỗi sự chuẩn bị hôm nay chính là bệ phóng cho một tương lai vững vàng ngày mai.  🎥 Mời bạn cùng lắng nghe lời tự sự đầy cảm xúc của chị Nguyệt trong video dưới đây nhé!  #GeneraliVietnam #BảoHiểmNhânThọÝthànhlập1831 #HERENOW #SốngTrọnVẹnTừngKhoảnhKhắc #15namGeneraliVietNam #Hànhtrìnhkếtnốitrămđiểmtincậy",Generali Vietnam,25,2,8,https://www.facebook.com/GeneraliVietnam,https://www.facebook.com/GeneraliVietnam/posts/pfbid02o1MZRffDYPdzNaSQtUYVK8v3PGcwugUJP2Rij4Nt3NnnzUvR3JqvjPxpwjAC5YHel,,
2026-06-05,"Phim giới thiệu Generali Việt Nam 2026: GENERALI - HAI THẾ KỈ PHÁT TRIỂN BỀN VỮNG, TIÊN PHONG VƯỢT TRỘI  😍Hãy cùng ngược dòng lịch sử để khám phá gần 200 năm phát triển huy hoàng của Generali - một trong những tập đoàn Bảo hiểm hàng đầu thế giới.  ⭐Với sứ mệnh trở thành Người bạn trọn đời của Khách hàng, Generali luôn tiên phong vượt trội trong mọi hoạt động của tập đoàn, hướng tới mục tiêu mang đến những giải pháp bảo hiểm bền vững và dịch vụ khách hàng vượt trội - sẵn sàng sát cánh bảo vệ hàng triệu gia đình Việt Nam, để mỗi khoảnh khắc bạn đang sống luôn thật trọn vẹn và như ý!  ✨Bản gốc (No sub): https://youtu.be/-EZdlqU6nCE ✨Vietsub: https://youtu.be/9DzMgVyM9M8 ✨Engsub: https://youtu.be/sNx3uOTDvw0   #GeneraliVietnam #BảoHiểmNhânThọÝthànhlập1831 #HERENOW #SốngTrọnVẹnTừngKhoảnhKhắc",Generali Vietnam,103,36,3,https://www.facebook.com/GeneraliVietnam,https://www.facebook.com/reel/985333684283966/,,https://www.facebook.com/reel/985333684283966/
2026-06-05,"💫 Generali Việt Nam vinh dự đồng hành cùng Lễ kỷ niệm Quốc khánh Cộng hòa Ý tại TP. Hồ Chí Minh  Trong không khí trang trọng, buổi lễ quy tụ đại diện các cơ quan, đoàn ngoại giao, cộng đồng doanh nghiệp, giới học thuật và những người bạn yêu mến nước Ý, tạo nên không gian giàu cảm xúc, đậm sắc màu văn hóa.  Là thành viên của Tập đoàn Generali - thương hiệu bảo hiểm nhân thọ và quản lý tài sản hàng đầu đến từ Ý - Generali Việt Nam tự hào tôn vinh các giá trị tự do, dân chủ và đoàn kết của quốc gia này, trở thành cầu nối gắn kết cộng đồng Ý - Việt tại Việt Nam.  #GeneraliVietnam #BảoHiểmNhânThọÝthànhlập1831 #HERENOW #SốngTrọnVẹnTừngKhoảnhKhắc",Generali Vietnam,61,3,3,https://www.facebook.com/GeneraliVietnam,https://www.facebook.com/GeneraliVietnam/posts/pfbid02CDv8snSXmg4DbKGotVBYFBsrHD9YX4cVvks5AiQJtAjPAiH7maWSwysVT8e2xVXFl,,
2026-06-05,"🌱 Hưởng ứng Ngày Môi trường Thế giới 05/06  🥰 Mỗi hành động xanh hôm nay đều là món quà dành cho ngày mai. Từ những thay đổi nhỏ trong cuộc sống hằng ngày đến những nỗ lực chung vì cộng đồng: giảm rác thải nhựa, tiết kiệm tài nguyên đến trồng thêm những mầm xanh.... tất cả đều góp phần gìn giữ một môi trường sống trong lành cho thế hệ tương lai.  😍 Generali Việt Nam tự hào đồng hành và lan tỏa qua nhiều hoạt động thiết thực nhằm khuyến khích lối sống xanh vì một tương lai bền vững  💖 Cùng Generali bắt đầu từ những thói quen sống xanh ngay hôm nay nhé!  #GeneraliVietnam #BảoHiểmNhânThọÝthànhlập1831 #HERENOW #SốngTrọnVẹnTừngKhoảnhKhắc",Generali Vietnam,30,0,2,https://www.facebook.com/GeneraliVietnam,https://www.facebook.com/GeneraliVietnam/posts/pfbid0iFAVDaUSy5rxWPJ4q9VyZCMjSMcHpT2wV2ZMPUWUVXynTgAtCuuGT9Wqn3QJV7xDl,https://scontent.fsgn5-21.fna.fbcdn.net/v/t39.30808-6/712504090_1307864441469246_5052939583960826668_n.jpg?stp=dst-jpg_tt6&cstp=mx1200x1200&ctp=s1080x2048&_nc_cat=109&ccb=1-7&_nc_sid=127cfc&_nc_ohc=LBlaR14dSrAQ7kNvwGUAz0i&_nc_oc=Adq_xrz25e8gOLyuA6wyKXcGel_eJI1UK7GAmw46B3y4nN_zdgvlI7mzRxc2mITNN5RvI07fhOzEo7f9nVadKkvh&_nc_zt=23&_nc_ht=scontent.fsgn5-21.fna&_nc_gid=0L_Une62HRnZKdhAn_YR5w&_nc_ss=7b2a8&oh=00_Af9GL4v6fP_bVLIcbJZXItgp9zxVVD1YezX2PMdVYJt3pA&oe=6A41747C,
2026-06-04,"🌈 Generali Việt Nam sẵn sàng đồng hành cùng chiến dịch gây quỹ ""Vạn sắc chung tay - Trao em niềm vui mới"" do The Human Safety Net Việt Nam phối hợp cùng Quỹ Bảo trợ Trẻ em Việt Nam phát động.  💙 Chiến dịch năm nay hướng tới mục tiêu kêu gọi cộng đồng chung tay quyên góp, cùng biến hành động thành những sân chơi an toàn và những ngày hội rộn ràng tiếng cười cho trẻ em.  🌟 Mỗi bước chạy, mỗi thử thách, mỗi sáng kiến gây quỹ đều mang một sắc màu riêng. Màu của nhiệt huyết, của sáng tạo, của sẻ chia và gắn kết. Và trên tất cả, là sắc màu của cam kết vì sự phát triển toàn diện của trẻ em Việt Nam.  👉 Mùa hè này, cùng Generali Việt Nam tham gia Thử Thách Toàn Cầu ngay hôm nay tại: https://generali.vn/hoat-dong-cong-dong/thu-thach-toan-cau  --------------------- 🌟 The Human Safety Net Vietnam là thành viên của The Human Safety Net toàn cầu, tổ chức phi lợi nhuận được thành lập bởi tập đoàn Generali, chuyên thực hiện các dự án giúp đỡ cộng đồng tại 25 quốc gia trên toàn thế giới. 👉 Xem thêm về The Human Safety Net tại: https://www.thehumansafetynet.org  #GeneraliVietnam #BảoHiểmNhânThọÝthànhlập1831 #HERENOW #SốngTrọnVẹnTừngKhoảnhKhắc #15namGeneraliVietNam #TheHumanSafetyNet #SocialImpact #THSNinAction #TheHumanSafetyNetVietnam #GlobalChallenge2026 #Vansacchungtay #Traoemniemvuimoi",Generali Vietnam,25,3,1,https://www.facebook.com/GeneraliVietnam,https://www.facebook.com/GeneraliVietnam/posts/pfbid02v1j4qo2c1KMufSAn45vmXDZs1U4ncGPWjTiiksNVY4VHpDneSw6mcaHoBspbFxNCl,https://scontent.fsgn5-11.fna.fbcdn.net/v/t39.30808-6/713764973_1307562358166121_4998579669759252988_n.jpg?stp=dst-jpg_tt6&cstp=mx1920x1080&ctp=s1920x1080&_nc_cat=110&ccb=1-7&_nc_sid=127cfc&_nc_ohc=hZWmxK2kFeEQ7kNvwHDEKdq&_nc_oc=Adq8jPBSaQTDcCEM0II1pJZofk2AY553jXJjxt6c3uchB0o_aW7L5tckAb8vxEKITtGTdITM7IvmKBfmnjZsmkWR&_nc_zt=23&_nc_ht=scontent.fsgn5-11.fna&_nc_gid=0L_Une62HRnZKdhAn_YR5w&_nc_ss=7b2a8&oh=00_Af-0W9JBr7tOxOWwgeJoBIDYQmMilzjS6MwN_crnmlRFYw&oe=6A4179EE,
2026-06-03,"✨ “Hãy tham gia bảo hiểm khi còn khỏe. Đừng đợi đến khi biến cố xảy ra  cuộc sống thì chúng ta mới nghĩ đến bảo hiểm, vì lúc đó bảo hiểm sẽ không còn nhiều cơ hội để được bảo vệ trọn vẹn nữa.”  Đó là điều cô Hiền muốn nhắn gửi sau khi trải qua biến cố K tuyến giáp và hiểu sâu sắc hơn giá trị của sự chuẩn bị từ sớm.  🥰 Khi cuộc sống vẫn bình yên, cô đã chủ động chuẩn bị với 7 hợp đồng bảo hiểm cho bản thân và cả gia đình. Nhờ vậy, khi biến cố bất ngờ xảy đến, cô không phải gánh thêm áp lực tài chính hay nỗi lo viện phí, mà có thể tập trung điều trị và vững vàng bước tiếp hành trình của mình. 🌟 Cuộc sống không ai biết trước ngày mai. Nhưng mỗi chúng ta đều có thể chủ động chuẩn bị từ hôm nay để bản thân và những người yêu thương thêm vững vàng trước những điều không mong đợi.  🛡Khi còn khỏe mạnh luôn là thời điểm tốt nhất để bắt đầu một kế hoạch bảo vệ cho một tương lai như ý. #GeneraliVietnam #BảoHiểmNhânThọÝthànhlập1831 #HERENOW  #BướctiếpHànhtrìnhnhưý #SốngTrọnVẹnTừngKhoảnhKhắc",Generali Vietnam,121,21,3,https://www.facebook.com/GeneraliVietnam,https://www.facebook.com/reel/4315368195376684/,,https://www.facebook.com/reel/4315368195376684/
2026-06-02,"🚗 Tiếp tục hành trình kết nối và lan tỏa những câu chuyện ý nghĩa, chuyến xe “Hành trình kết nối trăm điểm tin cậy” tuần này đã ghé thăm văn phòng GenCasa Bình Thạnh 3. Tại đây, Generali có dịp gặp gỡ chị Ngọc Ánh - một người mẹ luôn chủ động chuẩn bị cho tương lai của con từ rất sớm.   🥰 Là người mẹ hiện đại, chị Ngọc Ánh không chỉ tìm kiếm giải pháp bảo vệ tổ ấm, mà còn chủ động hoạch định tương lai cho con ngay từ hôm nay. Chính vì vậy, chị lựa chọn đồng hành cùng Generali từ sớm để từng bước xây dựng quỹ học vấn vững chắc, chuẩn bị hành trang cho những dự định trong tương lai, trong đó có ước mơ du học của con.   😍 Thấu hiểu điều đó, chị Tú Quỳnh - người tư vấn viên tận tâm của Generali đã mang đến cho chị một giải pháp bảo vệ phù hợp, xây dựng một kế hoạch tài chính rõ ràng và bền vững, giúp chị Ngọc Ánh thêm an tâm khi biết rằng những dự định cho con đang được chuẩn bị từ hôm nay.   ✨ Mỗi sự chuẩn bị đều bắt đầu từ tình yêu thương, và mỗi niềm tin khách hàng gửi gắm chính là động lực để Generali tiếp tục đồng hành cùng các gia đình Việt trên hành trình sống trọn vẹn từng khoảnh khắc.  🎥 Mời bạn cùng lắng nghe câu chuyện của chị Ngọc Ánh trong video dưới đây nhé!  #GeneraliVietnam #BảoHiểmNhânThọÝthànhlập1831 #HERENOW #SốngTrọnVẹnTừngKhoảnhKhắc #15namGeneraliVietNam #Hànhtrìnhkếtnốitrămđiểmtincậy",Generali Vietnam,18,1,0,https://www.facebook.com/GeneraliVietnam,https://www.facebook.com/GeneraliVietnam/posts/pfbid02Np7bmb52vXYuWxHfdZQG1yY8v3hA5G77YPbz8omqVigVPTonCKKsczYpWbGUYU7rl,,
2026-06-02,"HẠNH PHÚC CỦA GIA ĐÌNH CHỊ LINH LÀ ĐƯỢC “LỚN CÙNG” CON MỖI NGÀY ❤️  ✨ Mới ngày nào còn bé xíu trong vòng tay ba mẹ, giờ đây “thiên thần nhỏ” của gia đình chị Khánh Linh đã bắt đầu làm quen với những “con số, con chữ” đầu tiên. Với chị, mỗi cột mốc khôn lớn của con không chỉ là niềm vui đầy tự hào, mà còn là động lực để chuẩn bị cho con một điểm tựa vững vàng trên hành trình trưởng thành phía trước.  🎉 Đón mừng cột mốc 15 năm hành trình bảo vệ từng khoảnh khắc, Generali trân quý cơ hội được đồng hành cùng gia đình chị Khánh Linh xây dựng “lá chắn” vững chãi an tâm cho con. 🥰   ❤️ Cảm ơn gia đình chị Khánh Linh đã tin chọn Generali, để chúng tôi được đồng hành bảo vệ hành trình “gieo tri thức - ươm ước mơ” cho con, từ những ngày đầu bỡ ngỡ đến những chân trời rộng mở mai sau.  #GeneraliVietnam #BảoHiểmNhânThọÝthànhlập1831 #HERENOW #SốngTrọnVẹnTừngKhoảnhKhắc #15namGeneraliVietNam",Generali Vietnam,98,7,0,https://www.facebook.com/GeneraliVietnam,https://www.facebook.com/GeneraliVietnam/posts/pfbid02JmRTZHnThHk6CbrLExXJ1n8kgJ2mihguGw7U3AHT6kVgeoHeCzCXMLGgUfQLngDwl,,
2026-06-02,"🇮🇹 Chào mừng Ngày Quốc khánh Cộng hòa Ý  Generali Việt Nam trân trọng chúc mừng Ngày Quốc khánh Cộng hòa Ý – Festa della Repubblica, cột mốc tôn vinh những giá trị đẹp về tự do, sự gắn kết và tinh thần nhân văn đã làm nên bản sắc của nước Ý. 💚🤍❤️  😍 Là thành viên của Tập đoàn Generali – thương hiệu Bảo Hiểm Nhân Thọ và quản lý tài sản hàng đầu hàng đầu đến từ Ý, được thành lập từ năm 1831. Generali Việt Nam tự hào mang theo di sản và được tiếp nối tinh thần Ý trong hành trình phát triển và đồng hành cùng Khách hàng tại Việt Nam.  #GeneraliVietnam #BảoHiểmNhânThọÝthànhlập1831 #HERENOW #SốngTrọnVẹnTừngKhoảnhKhắc",Generali Vietnam,60,2,3,https://www.facebook.com/GeneraliVietnam,https://www.facebook.com/GeneraliVietnam/posts/pfbid0VXT4NZEqqFFVqKhFJtpDR1N6aio9KjyPx7doqqNnEpUWFfyEsbvAJMnfLcH98D78l,https://scontent.fsgn5-13.fna.fbcdn.net/v/t39.30808-6/709266806_1302437145345309_2192160132161247837_n.jpg?stp=dst-jpg_tt6&cstp=mx1254x1254&ctp=s1080x2048&_nc_cat=106&ccb=1-7&_nc_sid=127cfc&_nc_ohc=7oHmqYoeD-kQ7kNvwGT_bOS&_nc_oc=AdqhJFPof4Ui-ScxA4V0Bv3zrxPSJ95-09oQPbc9puh1UiqXQ8qsAbYfEiW_FZow1TNpJ7nvkKDFserojLdf60u0&_nc_zt=23&_nc_ht=scontent.fsgn5-13.fna&_nc_gid=8tac7RbpHzL-3qjpX2E2ag&_nc_ss=7b2a8&oh=00_Af8NzeFdW99hbgXB0DNf6T4wR07xfmK9GsoiKgrUr5enlg&oe=6A4165D2,
2026-06-01,"🦁 MÓN QUÀ MÙA HÈ: SÂN CHƠI CHÚ SƯ TỬ CHÍNH THỨC ĐẾN VỚI PHƯỜNG XUÂN HÒA  Tiếng cười rộn rã của các em nhỏ trong ngày 31/5 vừa qua đã đánh dấu sự ra mắt của “Sân chơi Chú Sư Tử” tại Phường Xuân Hòa, TP. Hồ Chí Minh.  Giữa nhịp sống thành phố, một không gian vui chơi thân thiện và sáng tạo đã được hình thành từ những vật liệu tái chế như lốp xe cũ, vỏ hộp sữa ép hay gỗ — biến góc công viên quen thuộc thành nơi để vận động, khám phá và học hỏi cho các em.  Không chỉ là một sân chơi mới, đây còn là dịp để phụ huynh và cộng đồng nhìn lại vai trò quan trọng của vui chơi trong hành trình phát triển toàn diện của trẻ.  Công trình là kết quả của sự đồng hành giữa Generali, Quỹ Bảo trợ Trẻ em Việt Nam, chính quyền địa phương, đội ngũ nhân viên, tư vấn tài chính và cộng đồng.  Mùa hè này, những trải nghiệm đầu tiên đã bắt đầu. Và hành trình kiến tạo thêm nhiều không gian vui chơi cho trẻ em Việt Nam vẫn đang tiếp tục. 🦁✨  #GeneraliVietnam #BảoHiểmNhânThọÝthànhlập1831 #HERENOW #SốngTrọnVẹnTừngKhoảnhKhắc #SânChơiSưTử",Generali Vietnam,25,1,0,https://www.facebook.com/GeneraliVietnam,https://www.facebook.com/GeneraliVietnam/posts/pfbid036tXKvQNrGbF2d7HAcpk25McKmTyQePBscfYpjd6g1vk8e1gpHGLKdxSkmWES8zBWl,,
2026-06-01,"🏃Generali Việt Nam tự hào đồng hành cùng Children’s Cancer Run 2026 – Chạy Vì Bệnh Nhi Ung Thư 2026, chung tay lan tỏa yêu thương và tiếp thêm hy vọng cho các ""chiến binh nhí"" kiên cường.  Đội ngũ nhân viên và tư vấn tài chính của Generali Việt Nam đã sải bước cùng hàng ngàn người tham gia, góp thêm năng lượng tích cực cho hành trình gây quỹ hỗ trợ các bệnh nhi ung thư.  Đặc biệt, Generali Việt Nam vinh dự được trao tặng Doanh nghiệp có số lượng người tham gia đông nhất (Corporate United Squad Award), ghi nhận tinh thần hưởng ứng mạnh mẽ và sự đồng lòng của cả tập thể đối với hoạt động cộng đồng ý nghĩa.  Cảm ơn Children’s Cancer Run 2026 đã tạo nên một hành trình ý nghĩa, nơi mỗi người cùng góp một phần nhỏ để mang đến những giá trị tích cực cho xã hội.  #GeneraliVietnam #BảoHiểmNhânThọÝthànhlập1831 #HERENOW #SốngTrọnVẹnTừngKhoảnhKhắc #ChildrensCancerRun",Generali Vietnam,101,3,3,https://www.facebook.com/GeneraliVietnam,https://www.facebook.com/GeneraliVietnam/posts/pfbid02Uf6uzfmUagLCRkFFoWHZwQVHiaUCRWWhw3LoSFP85GML55Ty48t1GXgc2bVPuJYAl,,
2026-06-01,"❤️ Tuổi thơ của mỗi em bé luôn trở nên thật đẹp khi có vòng tay yêu thương của ba mẹ, những tiếng cười hồn nhiên và những ngày tháng được tự do vui chơi, khám phá thế giới theo cách riêng của mình.  ✨ Từ những bước chạy trên sân chơi, những trải nghiệm ý nghĩa đến những khoảnh khắc bên gia đình, tất cả đều là những ký ức nuôi lớn tuổi thơ và chắp cánh cho các em thêm tự tin trên hành trình trưởng thành.   🥰 Nhân Ngày Quốc tế Thiếu nhi 1/6, Generali Việt Nam chúc các em luôn rạng rỡ niềm vui, lớn lên trong yêu thương và lưu giữ thật nhiều ký ức tuổi thơ trọn vẹn bên gia đình.   #GeneraliVietnam #BảoHiểmNhânThọÝthànhlập1831 #HERENOW #SốngTrọnVẹnTừngKhoảnhKhắc",Generali Vietnam,48,3,2,https://www.facebook.com/GeneraliVietnam,https://www.facebook.com/GeneraliVietnam/posts/pfbid029deKa9ZkB5kgyu8CjzNiT4yhVc7i6mC4c4qg7Tfnkwtc7BB7Kju3fDS83Qe2pyAkl,https://scontent.fsgn5-13.fna.fbcdn.net/v/t39.30808-6/709960880_1302438152011875_5256100665063549697_n.jpg?stp=dst-jpg_tt6&cstp=mx1254x1254&ctp=s1080x2048&_nc_cat=106&ccb=1-7&_nc_sid=127cfc&_nc_ohc=unVL6F3fO2YQ7kNvwFUj8fm&_nc_oc=AdrdVsS7vn82d5KiOsrvEBaFsiof8M_hq4h5082DF9ksmifAXYPpLlYh8jkAIahPR5X52xzo_NVTuEanfoItx-6w&_nc_zt=23&_nc_ht=scontent.fsgn5-13.fna&_nc_gid=vYP3oFYPOlcNn3HMOYifEg&_nc_ss=7b2a8&oh=00_Af_72Q-LHH6Ie_upQrpvQVG3mycVyzZQNd4hCMEXwtr1Ag&oe=6A416F88,
